id,group_id,group_zh,group_zh-Hant,group_en,group_ja,group_ko,term_zh,term_zh-Hant,term_en,term_ja,term_ko,tag_zh,tag_zh-Hant,tag_en,tag_ja,tag_ko,def_zh,def_zh-Hant,def_en,def_ja,def_ko,termonline_status,termonline_term,termonline_subject_zh,termonline_subject_en
1,1,一 · 历法・历算,一 · 曆法・曆算,1 · Calendars and calendrical computation,一 · 暦法・暦算,1 · 역법·역산,历法,曆法,calendar / calendrical system,暦法,역법,历法术语 · 总论,曆法術語 · 總論,Calendrical terms · general,暦法用語 · 総論,역법 용어 · 총론,为配合日常需要、依据天象定出的计时系统：推排年、月、日的长度与相互关系。中国传统的这一套是阴阳合历。,為配合日常需要、依據天象定出的計時系統：推排年、月、日的長度與相互關係。中國傳統的這一套是陰陽合曆。,"A time-reckoning system derived from the heavens: it fixes the lengths of years, months and days and the relations among them. The traditional Chinese one is lunisolar.",日常の必要に合わせ、天象に基づいて定めた計時体系。年・月・日の長さと相互の関係を推し量る。中国の伝統的なそれは陰陽合暦である。,일상의 필요에 맞추어 천상(天象)에 근거해 정한 계시 체계. 해·달·날의 길이와 상호 관계를 헤아린다. 중국의 전통적인 것은 음양합력이다.,none,,,
2,1,一 · 历法・历算,一 · 曆法・曆算,1 · Calendars and calendrical computation,一 · 暦法・暦算,1 · 역법·역산,阴阳合历,陰陽合曆,lunisolar calendar,陰陽合暦,음양합력,历法术语 · 历代历法,曆法術語 · 歷代曆法,Calendrical terms · calendars by age,暦法用語 · 歴代の暦,역법 용어 · 역대 역법,同时照看太阳与月亮的历法：月从朔望定，年从回归年定，两者之差用闰月补齐。把中国的农历叫作「阴历」并不准确。,同時照看太陽與月亮的曆法：月從朔望定，年從回歸年定，兩者之差用閏月補齊。把中國的農曆叫作「陰曆」並不準確。,"A calendar that watches both sun and moon: months from the phases, the year from the tropical year, the mismatch made up by intercalary months. Calling the Chinese calendar a “lunar” one is inaccurate.",太陽と月の双方を同時に扱う暦法。月は朔望から、年は回帰年から定め、両者の差を閏月で埋める。中国の農暦を「太陰暦」と呼ぶのは正確ではない。,"해와 달을 함께 살피는 역법. 달은 삭망에서, 해는 회귀년(回歸年)에서 정하고, 둘의 차이는 윤달(閏月)로 메운다. 중국의 농력을 「음력(陰曆)」이라 부르는 것은 정확하지 않다.",near,阴阳,天文学 · 天文学史,Astronomy · History of Astronomy
3,1,一 · 历法・历算,一 · 曆法・曆算,1 · Calendars and calendrical computation,一 · 暦法・暦算,1 · 역법·역산,阳历,陽曆,solar calendar,太陽暦,태양력(太陽曆),历法术语 · 历代历法,曆法術語 · 歷代曆法,Calendrical terms · calendars by age,暦法用語 · 歴代の暦,역법 용어 · 역대 역법,只照看太阳、不问月相的历法：年的长度从回归年定，月只是年的等分。现行的公历即阳历。,只照看太陽、不問月相的曆法：年的長度從回歸年定，月只是年的等分。現行的公曆即陽曆。,"A calendar that watches the sun alone: the year is fixed by the tropical year, and the months are merely its divisions. The Gregorian calendar is one.",太陽のみを扱い月相を問わない暦法。年の長さは回帰年から定め、月は年の等分にすぎない。現行のグレゴリオ暦がこれにあたる。,"해만 살피고 월상을 묻지 않는 역법. 해의 길이는 회귀년(回歸年)에서 정하고, 달은 해의 등분일 뿐이다. 현행 그레고리력이 이에 해당한다.",exact,术语在线,天文学 · 天文学史 · 2024,Astronomy · History of Astronomy · 2024
4,1,一 · 历法・历算,一 · 曆法・曆算,1 · Calendars and calendrical computation,一 · 暦法・暦算,1 · 역법·역산,阴历,陰曆,lunar calendar,太陰暦,태음력(太陰曆),历法术语 · 历代历法,曆法術語 · 歷代曆法,Calendrical terms · calendars by age,暦法用語 · 歴代の暦,역법 용어 · 역대 역법,只照看月相、不问太阳的历法：月从朔望定，年只是十二个月的累积。伊斯兰历即阴历。,只照看月相、不問太陽的曆法：月從朔望定，年只是十二個月的累積。伊斯蘭曆即陰曆。,"A calendar that watches the moon alone: the months are fixed by the phases, and the year is simply twelve of them. The Islamic calendar is one.",月相のみを扱い太陽を問わない暦法。月は朔望から定め、年は十二か月の累積にすぎない。イスラーム暦がこれにあたる。,"월상만 살피고 해를 묻지 않는 역법. 달은 삭망에서 정하고, 해는 열두 달의 누적일 뿐이다. 이슬람력이 이에 해당한다.",exact,术语在线,天文学 · 天文学史 · 2024,Astronomy · History of Astronomy · 2024
5,1,一 · 历法・历算,一 · 曆法・曆算,1 · Calendars and calendrical computation,一 · 暦法・暦算,1 · 역법·역산,历书,曆書,almanac,暦書,역서(曆書),律历制度 · 文献,律曆制度 · 文獻,Institutions · sources,律暦制度 · 文献,율력 제도 · 문헌,依历法排出的一年历日，逐日注出朔望、节气、干支与宜忌。,依曆法排出的一年曆日，逐日注出朔望、節氣、干支與宜忌。,"The year’s days laid out according to a calendar, each annotated with the phases, the solar terms, the sexagenary binomial and the day’s prescriptions.",暦法に従って一年の暦日を並べ、日ごとに朔望・節気・干支と宜忌を注記したもの。,"역법에 따라 한 해의 역일을 늘어놓고, 날마다 삭망·절기(節氣)·간지(干支)와 의기를 주기한 것.",none,,,
6,1,一 · 历法・历算,一 · 曆法・曆算,1 · Calendars and calendrical computation,一 · 暦法・暦算,1 · 역법·역산,历日,曆日,calendrical day,暦日,역일,历法术语 · 总论,曆法術語 · 總論,Calendrical terms · general,暦法用語 · 総論,역법 용어 · 총론,历书上所记的某一天：某年某月某日，附干支。历法是法，历日是法排出来的那一天——两者是两个层次。,曆書上所記的某一天：某年某月某日，附干支。曆法是法，曆日是法排出來的那一天——兩者是兩個層次。,"A single day as recorded in the almanac, with its date and its sexagenary binomial. The calendar is the method; the calendrical day is what the method produces.",暦書に記されたある一日。某年某月某日、干支を添える。暦法は法であり、暦日はその法が並べ出したその一日——両者は二つの層である。,"역서(曆書)에 적힌 어느 하루. 어느 해 어느 달 어느 날, 간지(干支)를 덧붙인다. 역법은 법이고 역일은 그 법이 늘어놓은 그 하루 — 둘은 두 층이다.",exact,术语在线,天文学 · 2013,Astronomy · 2013
7,1,一 · 历法・历算,一 · 曆法・曆算,1 · Calendars and calendrical computation,一 · 暦法・暦算,1 · 역법·역산,历注,曆注,calendrical annotation,暦注,역주,律历制度 · 制度,律曆制度 · 制度,Institutions · institutions,律暦制度 · 制度,율력 제도 · 제도,历日之下所注的宜忌、吉凶、神煞一类文字。历代对历注的取舍不一，也是改历时争论最多的一项。,曆日之下所注的宜忌、吉凶、神煞一類文字。歷代對曆注的取捨不一，也是改曆時爭論最多的一項。,"The prescriptions and prohibitions, the lucky and unlucky notes, the spirits appended beneath a day. What to include has differed by age, and been among the most disputed points in a reform.",暦日の下に注す宜忌・吉凶・神煞の類の文字。歴代、暦注の取捨は一様でなく、改暦の際に最も論議された項目の一つでもある。,"역일 아래에 주기하는 의기·길흉·신살 따위의 글자. 역대에 역주의 취사는 일정하지 않았고, 개력할 때 가장 많이 논의된 항목의 하나이기도 하다.",near,历元,天文学 · 天体测量学,Astronomy · Astrometry
8,1,一 · 历法・历算,一 · 曆法・曆算,1 · Calendars and calendrical computation,一 · 暦法・暦算,1 · 역법·역산,历元,曆元,calendar epoch,暦元,역원,历法术语 · 历算,曆法術語 · 曆算,Calendrical terms · computation,暦法用語 · 暦算,역법 용어 · 역산,一部历法推算的起算点。上元是理想化的、各项周期同时起算的那一点。,一部曆法推算的起算點。上元是理想化的、各項週期同時起算的那一點。,The point from which a calendar reckons. The “grand epoch” is the idealised moment at which all periods are supposed to begin together.,ある暦法の推算の起算点。上元は諸周期が同時に起算される理想化されたその一点。,어떤 역법 추산의 기산점. 상원은 여러 주기가 동시에 기산되는 이상화된 그 한 점이다.,exact,术语在线,天文学 · 天体测量学 · 2024,Astronomy · Astrometry · 2024
9,1,一 · 历法・历算,一 · 曆法・曆算,1 · Calendars and calendrical computation,一 · 暦法・暦算,1 · 역법·역산,上元,上元,grand epoch,上元,상원,历法术语 · 历算,曆法術語 · 曆算,Calendrical terms · computation,暦法用語 · 暦算,역법 용어 · 역산,历法推算最理想的起算点：设想某年十一月甲子日夜半，恰好合朔、冬至，日月五星又各在其位。取上元是为了让一切周期同时起算。,曆法推算最理想的起算點：設想某年十一月甲子日夜半，恰好合朔、冬至，日月五星又各在其位。取上元是為了讓一切週期同時起算。,"The ideal starting point of a calendar: a year in which the midnight of a chia-tzu day in the eleventh month was at once a conjunction, the winter solstice, and the same position for sun, moon and planets. It lets every cycle begin together.",暦法推算の最も理想的な起算点。某年の十一月甲子日の夜半に、ちょうど合朔と冬至が重なり、日月五星がそれぞれの位置にあると想定する。上元を取るのは、すべての周期を同時に起算させるためである。,"역법 추산의 가장 이상적인 기산점. 어느 해 11월 갑자일 야반에 마침 합삭과 동지가 겹치고, 일월오성이 각기 제자리에 있다고 상정한다. 상원을 취하는 것은 모든 주기를 동시에 기산시키기 위해서다.",exact,术语在线,天文学 · 天文学史 · 2024,Astronomy · History of Astronomy · 2024
10,1,一 · 历法・历算,一 · 曆法・曆算,1 · Calendars and calendrical computation,一 · 暦法・暦算,1 · 역법·역산,上元积年,上元積年,years from the grand epoch,上元積年,상원적년,历法术语 · 历算,曆法術語 · 曆算,Calendrical terms · computation,暦法用語 · 暦算,역법 용어 · 역산,从理想上元到本年所积的年数。这个数往往极大，唐以后渐有主张废去上元、直接以实测起算的。,從理想上元到本年所積的年數。這個數往往極大，唐以後漸有主張廢去上元、直接以實測起算的。,The number of years from the ideal grand epoch to the year in hand — often enormous. From the Tang onward some argued for dropping it and reckoning from an observed epoch instead.,理想の上元から本年までに積まれた年数。この数は往々にして極めて大きく、唐以降、上元を廃して直接実測から起算すべきだとの主張が次第に現れた。,"이상적 상원에서 본해까지 쌓인 연수. 이 수는 흔히 매우 커서, 당 이후로 상원을 폐하고 직접 실측에서 기산하자는 주장이 차츰 나타났다.",exact,术语在线,天文学 · 天文学史 · 2024,Astronomy · History of Astronomy · 2024
11,1,一 · 历法・历算,一 · 曆法・曆算,1 · Calendars and calendrical computation,一 · 暦法・暦算,1 · 역법·역산,岁实,歲實,length of the tropical year,歳実,세실(歲實),历法术语 · 历算,曆法術語 · 曆算,Calendrical terms · computation,暦法用語 · 暦算,역법 용어 · 역산,一个回归年的日数。历代历法都要先定出这个数，才有后面的排历。,一個回歸年的日數。歷代曆法都要先定出這個數，才有後面的排曆。,The number of days in a tropical year. Every calendar had to fix this first before it could lay out the year.,一回帰年の日数。歴代の暦法はいずれもまずこの数を定めてから、後の暦の排列に進む。,한 회귀년(回歸年)의 일수. 역대 역법은 모두 먼저 이 수를 정한 뒤에야 뒤의 역 배열로 나아간다.,exact,术语在线,天文学 · 天文学史 · 2024,Astronomy · History of Astronomy · 2024
12,1,一 · 历法・历算,一 · 曆法・曆算,1 · Calendars and calendrical computation,一 · 暦法・暦算,1 · 역법·역산,朔策,朔策,length of the synodic month,朔策,삭책(朔策),历法术语 · 历算,曆法術語 · 曆算,Calendrical terms · computation,暦法用語 · 暦算,역법 용어 · 역산,一个朔望月的平均日数。与岁实相配，才能定出一年要插几个闰月。,一個朔望月的平均日數。與歲實相配，才能定出一年要插幾個閏月。,The mean length of a synodic month. Together with the year length it determines how many intercalary months a year needs.,一朔望月の平均日数。歳実と相まって、はじめて一年に幾つの閏月を挿すかが定まる。,한 삭망월(朔望月)의 평균 일수. 세실(歲實)과 짝하여야 비로소 한 해에 윤달을 몇 개 넣을지가 정해진다.,near,朔实,天文学 · 天文学史,Astronomy · History of Astronomy
13,1,一 · 历法・历算,一 · 曆法・曆算,1 · Calendars and calendrical computation,一 · 暦法・暦算,1 · 역법·역산,岁周,歲周,sidereal year,歳周,세주,历法术语 · 历算,曆法術語 · 曆算,Calendrical terms · computation,暦法用語 · 暦算,역법 용어 · 역산,太阳从某恒星回到同一恒星所历的时间。它比岁实（回归年）略长，两者之差即岁差所致。,太陽從某恆星迴到同一恆星所歷的時間。它比歲實（回歸年）略長，兩者之差即歲差所致。,The time the sun takes to return to the same star. Slightly longer than the tropical year; the difference is due to the precession of the equinoxes.,太陽がある恒星から同じ恒星へ戻るまでの時間。歳実（回帰年）よりやや長く、両者の差は歳差による。,"해가 어떤 항성(恒星)에서 같은 항성으로 되돌아오는 데 걸리는 시간. 세실(歲實)(회귀년(回歸年))보다 조금 길고, 둘의 차이는 세차(歲差) 때문이다.",exact,术语在线,天文学 · 2013,Astronomy · 2013
14,1,一 · 历法・历算,一 · 曆法・曆算,1 · Calendars and calendrical computation,一 · 暦法・暦算,1 · 역법·역산,岁实消长,歲實消長,variation of the tropical year,歳実消長,세실소장,历法术语 · 历算,曆法術語 · 曆算,Calendrical terms · computation,暦法用語 · 暦算,역법 용어 · 역산,认为回归年长度本身有增减之说。明清之际有人据实测主张古今岁实不同，这是当时主张改历的一条理由。,認為回歸年長度本身有增減之說。明清之際有人據實測主張古今歲實不同，這是當時主張改曆的一條理由。,"The view that the tropical year itself lengthens or shortens. In the late Ming it was argued from observation that the year differed between antiquity and the present, and used as a reason for reform.",回帰年の長さそのものに増減があるとする説。明清の際、実測に基づいて古今の歳実は同じでないと主張する者が現れ、それが当時改暦を唱える一つの理由となった。,"회귀년(回歸年)의 길이 자체에 증감이 있다는 설. 명청 교체기에 실측에 근거해 고금의 세실(歲實)이 같지 않다고 주장하는 이가 나타났고, 그것이 당시 개력을 주장한 하나의 이유가 되었다.",near,岁实,天文学 · 天文学史,Astronomy · History of Astronomy
15,1,一 · 历法・历算,一 · 曆法・曆算,1 · Calendars and calendrical computation,一 · 暦法・暦算,1 · 역법·역산,日法,日法,day divisor,日法,일법,历法术语 · 历算,曆法術語 · 曆算,Calendrical terms · computation,暦法用語 · 暦算,역법 용어 · 역산,一部历法把一日所分成的份数。同一日长，或取九百四十、或取一万，各历不同；历中一切数值都以它为分母。,一部曆法把一日所分成的份數。同一日長，或取九百四十、或取一萬，各曆不同；曆中一切數值都以它為分母。,The number of parts into which a calendar divides one day. The same day may be cut into 940 parts or into 10000; every value in the calendar takes it as its denominator.,ある暦法が一日を分ける份数。同じ一日の長さでも、九百四十を取るものも一万を取るものもあり、各暦で異なる。暦中の一切の数値はこれを分母とする。,"어떤 역법이 하루를 나누는 부수. 같은 하루 길이라도 940을 취하는 것도, 1만을 취하는 것도 있어 역마다 다르다. 역 가운데 모든 수치는 이것을 분모로 삼는다.",near,偕日法,天文学 · 天文学史,Astronomy · History of Astronomy
16,1,一 · 历法・历算,一 · 曆法・曆算,1 · Calendars and calendrical computation,一 · 暦法・暦算,1 · 역법·역산,调日法,調日法,method of adjusting the day divisor,調日法,조일법,历法术语 · 历算,曆法術語 · 曆算,Calendrical terms · computation,暦法用語 · 暦算,역법 용어 · 역산,南北朝何承天所创：把实测所得的强弱两个分数，按需要增减分子分母，凑出一个合用又不至太繁的日法。,南北朝何承天所創：把實測所得的強弱兩個分數，按需要增減分子分母，湊出一個合用又不至太繁的日法。,"Devised by He Chengtian: the strong and the weak fraction obtained from observation are raised or lowered in their terms until a workable, not too unwieldy day divisor emerges.",南北朝の何承天が創始したもの。実測で得た強・弱二つの分数を、必要に応じて分子分母を増減し、実用に適し煩雑すぎない日法をこしらえる。,"남북조의 하승천이 창시한 것. 실측으로 얻은 강·약 두 분수를 필요에 따라 분자·분모를 늘리거나 줄여, 쓰기에 알맞고 지나치게 번잡하지 않은 일법을 만들어 낸다.",none,,,
17,1,一 · 历法・历算,一 · 曆法・曆算,1 · Calendars and calendrical computation,一 · 暦法・暦算,1 · 역법·역산,强弱率,強弱率,strong and weak rates,強弱率,강약률,历法术语 · 历算,曆法術語 · 曆算,Calendrical terms · computation,暦法用語 · 暦算,역법 용어 · 역산,调日法所用的两个分数：一个偏大、一个偏小，真值在其间。两者依次增减，可得越来越接近真值的近似分数。,調日法所用的兩個分數：一個偏大、一個偏小，真值在其間。兩者依次增減，可得越來越接近真值的近似分數。,"The two fractions used in that method, one above and one below the true value. Adjusting them by turns yields approximations ever closer to the truth.",調日法に用いる二つの分数。一つはやや大きく、一つはやや小さく、真値はその間にある。両者を順に増減すれば、真値にますます近い近似分数が得られる。,"조일법에 쓰는 두 분수. 하나는 조금 크고 하나는 조금 작으며, 참값은 그 사이에 있다. 둘을 차례로 늘리고 줄이면 참값에 점점 가까운 근사 분수를 얻을 수 있다.",none,,,
18,1,一 · 历法・历算,一 · 曆法・曆算,1 · Calendars and calendrical computation,一 · 暦法・暦算,1 · 역법·역산,内插法,內插法,interpolation,内挿法,내삽법,历法术语 · 历算,曆法術語 · 曆算,Calendrical terms · computation,暦法用語 · 暦算,역법 용어 · 역산,由若干已知点的数值，推算中间某点的值。隋《皇极历》用等间距二次内插推日月行度，唐《大衍历》改用不等间距。,由若干已知點的數值，推算中間某點的值。隋《皇極曆》用等間距二次內插推日月行度，唐《大衍曆》改用不等間距。,Reckoning a value between known points. The Huangji Calendar used equal-interval quadratic interpolation for the sun and moon; the Dayan Calendar changed to unequal intervals.,いくつかの既知点の数値から、中間のある点の値を推算すること。隋『皇極暦』は等間隔の二次内挿で日月の行度を推し、唐『大衍暦』は不等間隔に改めた。,"여러 알려진 점의 수치로부터 중간 어느 점의 값을 추산하는 것. 수(隋) 『황극력』은 등간격 2차 내삽으로 일월의 행도를 추산했고, 당(唐) 『대연력』은 부등간격으로 바꾸었다.",none,,,
19,1,一 · 历法・历算,一 · 曆法・曆算,1 · Calendars and calendrical computation,一 · 暦法・暦算,1 · 역법·역산,大余・小余,大餘・小餘,integer and fraction of a count,大余・小余,대여·소여,历法术语 · 历算,曆法術語 · 曆算,Calendrical terms · computation,暦法用語 · 暦算,역법 용어 · 역산,历法算出的两个数：大余是整数部分，小余是分数部分。前者给出干支日序，后者给出具体时刻。,曆法算出的兩個數：大餘是整數部分，小餘是分數部分。前者給出干支日序，後者給出具體時刻。,"Every result is given as two numbers: the integer part, which yields the sexagenary day, and the fractional part, which yields the time of day.",暦法が算出する二つの数。大余は整数部分、小余は分数部分である。前者は干支の日序を与え、後者は具体的な時刻を与える。,"역법이 산출하는 두 수. 대여는 정수 부분, 소여는 분수 부분이다. 앞은 간지(干支)의 일서를 주고, 뒤는 구체적인 시각을 준다.",none,,,
20,1,一 · 历法・历算,一 · 曆法・曆算,1 · Calendars and calendrical computation,一 · 暦法・暦算,1 · 역법·역산,通法,通法,common divisor,通法,통법,历法术语 · 历算,曆法術語 · 曆算,Calendrical terms · computation,暦法用語 · 暦算,역법 용어 · 역산,唐《崇玄历》一类历法中，历中数值还须除以这个数，才得日单位的长度。与「日法」同名异实，各家用法不一。,唐《崇玄曆》一類曆法中，曆中數值還須除以這個數，才得日單位的長度。與「日法」同名異實，各家用法不一。,"In calendars of the Chongxuan type, the value in the tables must be divided by this number to give a length in days. Its name clashes with the day divisor, and its use differs by calendar.",唐『崇玄暦』の類の暦法で、暦中の数値をさらにこの数で割ってはじめて日の単位の長さが得られるもの。「日法」と同名異実で、各一家の用法は一様でない。,"당(唐) 『숭현력』 같은 역법에서, 역 가운데 수치를 다시 이 수로 나누어야 비로소 날 단위의 길이가 얻어지는 것. 「일법」과 이름은 같으나 실질이 다르고, 각가의 용법도 일정하지 않다.",none,,,
21,2,二 · 岁首・月建・置闰,二 · 歲首・月建・置閏,"2 · The year, the months and intercalation",二 · 歳首・月建・置閏,2 · 세수·월건·치윤,岁首,歲首,year-beginning,歳首,세수(歲首),历法术语 · 月建,曆法術語 · 月建,Calendrical terms · month-building,暦法用語 · 月建,역법 용어 · 월건,一年的头一天定在哪个月的哪一日。中国历史上改过多次，见 Calendar Reform 一栏。,一年的頭一天定在哪個月的哪一日。中國歷史上改過多次，見 Calendar Reform 一欄。,"Which day, in which month, is taken as the first day of the year. Changed many times in Chinese history; see the Calendar Reform page.",一年の最初の日をどの月のどの日に定めるか。中国史上何度も改められた。Calendar Reform の項を参照。,한 해의 첫날을 어느 달 어느 날로 정하는가. 중국 역사에서 여러 번 고쳐졌다. Calendar Reform 항목을 참조.,exact,术语在线,天文学 · 2013,Astronomy · 2013
22,2,二 · 岁首・月建・置闰,二 · 歲首・月建・置閏,"2 · The year, the months and intercalation",二 · 歳首・月建・置閏,2 · 세수·월건·치윤,正朔,正朔,the first month and the first day,正朔,정삭,历法术语 · 月建,曆法術語 · 月建,Calendrical terms · month-building,暦法用語 · 月建,역법 용어 · 월건,一年之始的正月与一月之始的朔日，合起来指一个王朝所颁行的历。改朝换代而改历，就叫「改正朔」。,一年之始的正月與一月之始的朔日，合起來指一個王朝所頒行的曆。改朝換代而改曆，就叫「改正朔」。,"The first month of the year together with the first day of that month — together, the calendar a dynasty promulgates. To change them with a change of dynasty is to “correct the first month and day”.",一年の始めの正月と一月の始めの朔日。合わせて一王朝が頒行する暦を指す。王朝が代わって暦を改めることを「正朔を改む」という。,한 해의 시작인 정월(正月)과 한 달의 시작인 삭일. 아울러 한 왕조가 반포하는 역을 가리킨다. 왕조가 바뀌며 역을 고치는 것을 「정삭을 고친다」고 한다.,exact,术语在线,天文学 · 天文学史 · 2024,Astronomy · History of Astronomy · 2024
23,2,二 · 岁首・月建・置闰,二 · 歲首・月建・置閏,"2 · The year, the months and intercalation",二 · 歳首・月建・置閏,2 · 세수·월건·치윤,改正朔,改正朔,to correct the first month and day,改正朔,개정삭,律历制度 · 制度,律曆制度 · 制度,Institutions · institutions,律暦制度 · 制度,율력 제도 · 제도,新朝立国重定岁首与正月的制度。汉初仍用秦制，至《太初历》才改正朔、以正月为岁首。,新朝立國重定歲首與正月的制度。漢初仍用秦制，至《太初曆》才改正朔、以正月為歲首。,Re-establishing the year-beginning and the first month when a new dynasty takes power. The early Han kept the Qin system; only the Taichu Calendar corrected it and made the first month the head of the year.,新王朝が建国にあたり歳首と正月を改めて定める制度。漢の初めはなお秦の制を用い、『太初暦』になってはじめて正朔を改め、正月を歳首とした。,"새 왕조가 건국하며 세수(歲首)와 정월을 다시 정하는 제도. 한(漢) 초에는 여전히 진(秦)의 제도를 썼고, 『태초력』에 이르러서야 정삭을 고쳐 정월을 세수로 삼았다.",none,,,
24,2,二 · 岁首・月建・置闰,二 · 歲首・月建・置閏,"2 · The year, the months and intercalation",二 · 歳首・月建・置閏,2 · 세수·월건·치윤,斗建／月建,斗建／月建,doujian / yuejian,斗建／月建,두건／월건,历法术语 · 月建,曆法術語 · 月建,Calendrical terms · month-building,暦法用語 · 月建,역법 용어 · 월건,用北斗斗柄所指的方向给十二个月定位。柄指寅，这个月叫「建寅之月」。「建」即斗柄所指。,用北斗斗柄所指的方向給十二個月定位。柄指寅，這個月叫「建寅之月」。「建」即斗柄所指。,"Locating the twelve months by the direction the handle of the Big Dipper points to. Pointing at yin, the month is “built on yin”; the word jian means what the handle points at.",北斗の斗柄の指す方向で十二か月の位置を定めること。柄が寅を指せば、その月を「建寅の月」という。「建」とは斗柄の指すところである。,북두의 자루가 가리키는 방향으로 열두 달의 위치를 정하는 것. 자루가 인(寅)을 가리키면 그 달을 「건인지월」이라 한다. 「건」이란 북두 자루가 가리키는 바이다.,near,斗建,天文学 · 天文学史,Astronomy · History of Astronomy
25,2,二 · 岁首・月建・置闰,二 · 歲首・月建・置閏,"2 · The year, the months and intercalation",二 · 歳首・月建・置閏,2 · 세수·월건·치윤,建正,建正,jianzheng,建正,건정,历法术语 · 月建,曆法術語 · 月建,Calendrical terms · month-building,暦法用語 · 月建,역법 용어 · 월건,十二个月里，把哪一个定为一年之首。以寅为首叫「建寅」，以子为首叫「建子」。,十二個月裡，把哪一個定為一年之首。以寅為首叫「建寅」，以子為首叫「建子」。,"Which of the twelve months is taken as the head of the year: “built on yin”, “built on zi”, and so on.",十二か月のうち、どれを一年の首に定めるか。寅を首とするを「建寅」、子を首とするを「建子」という。,"열두 달 가운데 어느 것을 한 해의 머리로 정하는가. 인을 머리로 하는 것을 「건인」, 자를 머리로 하는 것을 「건자」라 한다.",near,斗建,天文学 · 天文学史,Astronomy · History of Astronomy
26,2,二 · 岁首・月建・置闰,二 · 歲首・月建・置閏,"2 · The year, the months and intercalation",二 · 歳首・月建・置閏,2 · 세수·월건·치윤,三正,三正,san zheng,三正,삼정,历法术语 · 月建,曆法術語 · 月建,Calendrical terms · month-building,暦法用語 · 月建,역법 용어 · 월건,夏、商、周三代岁首制度的合称：夏建寅（正月）、殷建丑（十二月）、周建子（十一月）。秦及汉初用建亥，至《太初历》恢复建寅。,夏、商、周三代歲首制度的合稱：夏建寅（正月）、殷建丑（十二月）、周建子（十一月）。秦及漢初用建亥，至《太初曆》恢復建寅。,"The collective name for the three dynasties’ year-beginnings: Xia on yin, Shang on chou, Zhou on zi. Qin and early Han used hai; the Taichu Calendar restored yin.",夏・殷・周三代の歳首制度の総称。夏は寅に建て（正月）、殷は丑に建て（十二月）、周は子に建て（十一月）。秦および漢初は亥に建て、『太初暦』で寅に建てることが復された。,"하·은·주 삼대의 세수(歲首) 제도의 총칭. 하는 인에 세우고(정월(正月)), 은은 축에 세우고(12월), 주는 자에 세운다(11월). 진과 한 초에는 해(亥)에 세웠고, 『태초력』에서 인에 세우는 것이 회복되었다.",exact,术语在线,天文学 · 天文学史 · 2024,Astronomy · History of Astronomy · 2024
27,2,二 · 岁首・月建・置闰,二 · 歲首・月建・置閏,"2 · The year, the months and intercalation",二 · 歳首・月建・置閏,2 · 세수·월건·치윤,孟仲季,孟仲季,"meng, zhong, ji",孟仲季,맹중계,历法术语 · 月建,曆法術語 · 月建,Calendrical terms · month-building,暦法用語 · 月建,역법 용어 · 월건,一季三个月的次序称法：孟（头一月）、仲（中间）、季（末一月），如孟春、仲春、季春。,一季三個月的次序稱法：孟（頭一月）、仲（中間）、季（末一月），如孟春、仲春、季春。,"The three months of a season in order: meng (the first), zhong (the middle), ji (the last) — as in early, middle and late spring.",一季の三か月の順序の称え方。孟（最初の月）、仲（中ほど）、季（最後の月）。たとえば孟春・仲春・季春。,"한 계절 석 달의 차례를 부르는 방식. 맹(첫 달), 중(가운데), 계(끝 달). 예컨대 맹춘·중춘·계춘.",none,,,
28,2,二 · 岁首・月建・置闰,二 · 歲首・月建・置閏,"2 · The year, the months and intercalation",二 · 歳首・月建・置閏,2 · 세수·월건·치윤,月序,月序,the order of the months,月序,월서,历法术语 · 月建,曆法術語 · 月建,Calendrical terms · month-building,暦法用語 · 月建,역법 용어 · 월건,一年十二个月的排列与名称。历法一改，月序也随岁首而变：建寅即以寅月为正月。,一年十二個月的排列與名稱。曆法一改，月序也隨歲首而變：建寅即以寅月為正月。,"The sequence and the names of the twelve months. Change the calendar and the order shifts with the year-beginning: build on yin, and the yin month is the first.",一年十二か月の配列と名称。暦法が改まれば月序も歳首に従って変わる。建寅すなわち寅の月を正月とする。,한 해 열두 달의 배열과 명칭. 역법이 바뀌면 월서도 세수(歲首)를 따라 변한다. 건인이란 곧 인월을 정월(正月)로 삼는 것이다.,none,,,
29,2,二 · 岁首・月建・置闰,二 · 歲首・月建・置閏,"2 · The year, the months and intercalation",二 · 歳首・月建・置閏,2 · 세수·월건·치윤,朔旦冬至,朔旦冬至,the conjunction at the winter solstice,朔旦冬至,삭단동지,历法术语 · 历算,曆法術語 · 曆算,Calendrical terms · computation,暦法用語 · 暦算,역법 용어 · 역산,合朔与冬至落在同一天的黎明。古人以此为推算的基准点，也是取上元时所要求的条件之一。,合朔與冬至落在同一天的黎明。古人以此為推算的基準點，也是取上元時所要求的條件之一。,"A conjunction falling at dawn on the winter solstice. Taken as a benchmark in reckoning, and one of the conditions sought in fixing the grand epoch.",合朔と冬至が同じ日の夜明けに落ちること。古人はこれを推算の基準点とし、上元を取る際に要求される条件の一つでもあった。,"합삭과 동지가 같은 날 새벽에 드는 것. 옛사람은 이를 추산의 기준점으로 삼았고, 상원을 취할 때 요구되는 조건의 하나이기도 했다.",none,,,
30,2,二 · 岁首・月建・置闰,二 · 歲首・月建・置閏,"2 · The year, the months and intercalation",二 · 歳首・月建・置閏,2 · 세수·월건·치윤,闰月,閏月,intercalary month,閏月,윤달(閏月),历法术语 · 置闰,曆法術語 · 置閏,Calendrical terms · intercalation,暦法用語 · 置閏,역법 용어 · 치윤,为对齐回归年与朔望月的长度差而多出来的那一个月。加在哪个月，历代规则不一。,為對齊回歸年與朔望月的長度差而多出來的那一個月。加在哪個月，歷代規則不一。,The extra month added to bring the tropical year and the synodic months into step. Which month it follows has differed across the ages.,回帰年と朔望月の長さの差を合わせるために余分に設ける月。どの月に加えるかは、歴代その規則が一様でない。,회귀년(回歸年)과 삭망월(朔望月)의 길이 차이를 맞추기 위해 덧붙이는 달. 어느 달에 더하는지는 역대 그 규칙이 일정하지 않다.,exact,术语在线,天文学 · 天体测量学 · 2024,Astronomy · Astrometry · 2024
31,2,二 · 岁首・月建・置闰,二 · 歲首・月建・置閏,"2 · The year, the months and intercalation",二 · 歳首・月建・置閏,2 · 세수·월건·치윤,闰周,閏周,intercalation cycle,閏周,윤주,历法术语 · 置闰,曆法術語 · 置閏,Calendrical terms · intercalation,暦法用語 · 置閏,역법 용어 · 치윤,多少年该安插多少个闰月的成规，如十九年七闰。唐《麟德历》废去闰周，改为随实测随时补闰。,多少年該安插多少個閏月的成規，如十九年七閏。唐《麟德曆》廢去閏周，改為隨實測隨時補閏。,"The fixed rule for how many intercalary months go into how many years — nineteen years and seven months, for instance. The Linde Calendar abolished the fixed cycle and intercalated as observation required.",何年ごとに幾つの閏月を挿すかの定め。たとえば十九年七閏。唐『麟徳暦』は閏周を廃し、実測に随ってその都度閏を補う方式に改めた。,몇 해마다 윤달을 몇 개 넣을 것인가의 정한 규칙. 예컨대 19년 7윤. 당(唐) 『인덕력』은 윤주를 폐하고 실측에 따라 그때그때 윤을 보충하는 방식으로 바꾸었다.,exact,术语在线,天文学 · 天文学史 · 2024,Astronomy · History of Astronomy · 2024
32,2,二 · 岁首・月建・置闰,二 · 歲首・月建・置閏,"2 · The year, the months and intercalation",二 · 歳首・月建・置閏,2 · 세수·월건·치윤,章,章,zhang,章,장,历法术语 · 置闰,曆法術語 · 置閏,Calendrical terms · intercalation,暦法用語 · 置閏,역법 용어 · 치윤,十九年为一章，是置闰的基本周期：一章之内，朔望月与回归年恰好相齐（十九年七闰）。,十九年為一章，是置閏的基本週期：一章之內，朔望月與回歸年恰好相齊（十九年七閏）。,"Nineteen years make one zhang, the basic cycle of intercalation: within it the synodic months and the tropical years come out even.",十九年を一章とする、置閏の基本周期。一章のうちに朔望月と回帰年がちょうど揃う（十九年七閏）。,19년을 1장으로 하는 치윤(置閏)의 기본 주기. 1장 안에서 삭망월(朔望月)과 회귀년(回歸年)이 꼭 맞는다(19년 7윤).,none,,,
33,2,二 · 岁首・月建・置闰,二 · 歲首・月建・置閏,"2 · The year, the months and intercalation",二 · 歳首・月建・置閏,2 · 세수·월건·치윤,十九年七闰,十九年七閏,the nineteen-year cycle,十九年七閏,십구년칠윤,历法术语 · 置闰,曆法術語 · 置閏,Calendrical terms · intercalation,暦法用語 · 置閏,역법 용어 · 치윤,阴阳合历置闰的成法：十九个回归年约合二百三十五个朔望月，故十九年中安插七个闰月。,陰陽合曆置閏的成法：十九個回歸年約合二百三十五個朔望月，故十九年中安插七個閏月。,"The rule for lunisolar calendars: nineteen tropical years come to about 235 synodic months, so seven intercalary months are inserted in nineteen years.",陰陽合暦の置閏の定法。十九回帰年はほぼ二百三十五朔望月にあたるので、十九年のうちに七つの閏月を挿す。,"음양합력 치윤(置閏)의 정법. 19회귀년은 대략 235삭망월(朔望月)에 해당하므로, 19년 가운데 7개의 윤달을 넣는다.",none,,,
34,2,二 · 岁首・月建・置闰,二 · 歲首・月建・置閏,"2 · The year, the months and intercalation",二 · 歳首・月建・置閏,2 · 세수·월건·치윤,十三月,十三月,the thirteenth month,十三月,십삼월,历法术语 · 置闰,曆法術語 · 置閏,Calendrical terms · intercalation,暦法用語 · 置閏,역법 용어 · 치윤,上古置闰于岁末时所用的月名：闰月排在十二月之后，就叫十三月。殷墟卜辞里已有此称。,上古置閏於歲末時所用的月名：閏月排在十二月之後，就叫十三月。殷墟卜辭裡已有此稱。,The name for the intercalary month when it was placed at the year’s end — after the twelfth month. The name appears already in the oracle-bone inscriptions.,上古、歳末に置閏したときの月名。閏月を十二月の後に置くので十三月という。殷墟の卜辞にすでにこの称がある。,상고에 세말에 치윤할 때 쓴 달 이름. 윤달을 12월 뒤에 두므로 13월이라 한다. 은허 복사에 이미 이 명칭이 있다.,none,,,
35,2,二 · 岁首・月建・置闰,二 · 歲首・月建・置閏,"2 · The year, the months and intercalation",二 · 歳首・月建・置閏,2 · 세수·월건·치윤,无中气置闰,無中氣置閏,intercalating the month without a mid-term,無中気置閏,무중기치윤,历法术语 · 置闰,曆法術語 · 置閏,Calendrical terms · intercalation,暦法用語 · 置閏,역법 용어 · 치윤,汉《太初历》以后的置闰规则：哪一个月里没有中气，哪一个月就定为闰月。,漢《太初曆》以後的置閏規則：哪一個月裡沒有中氣，哪一個月就定為閏月。,The rule followed after the Taichu Calendar: whichever month contains no mid-term is the intercalary month.,漢『太初暦』以降の置閏規則。中気を含まない月を閏月と定める。,한(漢) 『태초력』 이후의 치윤(置閏) 규칙. 중기(中氣)를 포함하지 않는 달을 윤달(閏月)로 정한다.,near,中气,天文学 · 天文学史,Astronomy · History of Astronomy
36,2,二 · 岁首・月建・置闰,二 · 歲首・月建・置閏,"2 · The year, the months and intercalation",二 · 歳首・月建・置閏,2 · 세수·월건·치윤,置闰法,置閏法,the rule of intercalation,置閏法,치윤법,历法术语 · 置闰,曆法術語 · 置閏,Calendrical terms · intercalation,暦法用語 · 置閏,역법 용어 · 치윤,决定闰月安插位置与年度的办法总称。历代有岁末置闰、无中气置闰等不同做法。,決定閏月安插位置與年度的辦法總稱。歷代有歲末置閏、無中氣置閏等不同做法。,"The general name for deciding when and where to insert an intercalary month — at the year’s end in high antiquity, in the month without a mid-term later on.",閏月を挿す位置と年度を決める方法の総称。歴代、歳末置閏・無中気置閏など種々の做法がある。,윤달을 넣는 위치와 연도를 정하는 방법의 총칭. 역대에 세말치윤·무중기치윤 등 여러 가지 방식이 있었다.,none,,,
37,3,三 · 节气・物候,三 · 節氣・物候,3 · Solar terms and phenology,三 · 二十四節気・物候,3 · 절기·물후,二十四节气,二十四節氣,the Twenty-Four Solar Terms,二十四節気,이십사절기(二十四節氣),历法术语 · 节气,曆法術語 · 節氣,Calendrical terms · solar terms,暦法用語 · 二十四節気,역법 용어 · 절기,依太阳在黄道上的位置划分的二十四个节点，每约十五度一个。,依太陽在黃道上的位置劃分的二十四個節點，每約十五度一個。,"Twenty-four markers on the sun’s path, roughly fifteen degrees apart.",太陽の黄道上の位置によって分けた二十四の節点。およそ十五度ごとに一つ。,태양의 황도상 위치에 따라 나눈 스물네 개의 절점. 대략 15도마다 하나.,none,,,
38,3,三 · 节气・物候,三 · 節氣・物候,3 · Solar terms and phenology,三 · 二十四節気・物候,3 · 절기·물후,节,節,node (major solar term),節,절,历法术语 · 节气,曆法術語 · 節氣,Calendrical terms · solar terms,暦法用語 · 二十四節気,역법 용어 · 절기,二十四节气中排在月首的十二个，是月的分界线。立春、惊蛰一类属「节」。,二十四節氣中排在月首的十二個，是月的分界線。立春、驚蟄一類屬「節」。,"The twelve terms that fall at the head of a month and mark its boundary: Beginning of Spring, Awakening of Insects and the like.",二十四節気のうち月首に置かれる十二のもの。月の分界線である。立春・啓蟄の類が「節」に属する。,이십사절기(二十四節氣) 가운데 달머리에 놓이는 열두 개. 달의 분계선이다. 입춘·계칩 따위가 「절」에 속한다.,none,,,
39,3,三 · 节气・物候,三 · 節氣・物候,3 · Solar terms and phenology,三 · 二十四節気・物候,3 · 절기·물후,中气／气,中氣／氣,breath (mid-term),中気／気,중기(中氣)／기,历法术语 · 节气,曆法術語 · 節氣,Calendrical terms · solar terms,暦法用語 · 二十四節気,역법 용어 · 절기,二十四节气中排在月中的十二个。雨水、春分一类属「气」。节与气交替，合起来才是二十四节气。,二十四節氣中排在月中的十二個。雨水、春分一類屬「氣」。節與氣交替，合起來才是二十四節氣。,"The twelve that fall in mid-month: Rain Water, Spring Equinox and the like. Node and breath alternate; together they make the twenty-four.",二十四節気のうち月中に置かれる十二のもの。雨水・春分の類が「気」に属する。節と気が交替して、合わせて二十四節気となる。,이십사절기(二十四節氣) 가운데 달 가운데에 놓이는 열두 개. 우수·춘분 따위가 「기」에 속한다. 절과 기가 교대하여 합쳐서 이십사절기가 된다.,near,中气,天文学 · 天文学史,Astronomy · History of Astronomy
40,3,三 · 节气・物候,三 · 節氣・物候,3 · Solar terms and phenology,三 · 二十四節気・物候,3 · 절기·물후,交节时刻,交節時刻,instant of a solar term,交節時刻,교절시각(交節時刻),历法术语 · 节气,曆法術語 · 節氣,Calendrical terms · solar terms,暦法用語 · 二十四節気,역법 용어 · 절기,太阳在黄道上走到某一特定度数的那一瞬。它是一个时刻，不是一整天。,太陽在黃道上走到某一特定度數的那一瞬。它是一個時刻，不是一整天。,"The instant the sun reaches a given degree of the ecliptic. An instant, not a whole day.",太陽が黄道上で特定の度に至るその瞬間。一つの時刻であり、一日全体ではない。,"태양이 황도상에서 특정한 도수에 이르는 그 순간. 하나의 시각이며, 하루 종일이 아니다.",none,,,
41,3,三 · 节气・物候,三 · 節氣・物候,3 · Solar terms and phenology,三 · 二十四節気・物候,3 · 절기·물후,黄经,黃經,solar longitude,黄経,황경(黃經),天文基础 · 坐标,天文基礎 · 座標,Fundamentals · coordinates,天文基礎 · 座標,천문 기초 · 좌표,太阳在黄道上、从春分点量起的角度。节气就是黄经的整数倍刻度。,太陽在黃道上、從春分點量起的角度。節氣就是黃經的整數倍刻度。,The sun’s angle along the ecliptic measured from the vernal equinox. The solar terms are its round-number marks.,春分点から測った太陽の黄道上の角度。節気は黄経の整数倍の目盛りである。,춘분점에서 잰 태양의 황도상 각도. 절기(節氣)는 황경(黃經)의 정수배 눈금이다.,exact,术语在线,天文学 · 天体测量学 · 2024,Astronomy · Astrometry · 2024
42,3,三 · 节气・物候,三 · 節氣・物候,3 · Solar terms and phenology,三 · 二十四節気・物候,3 · 절기·물후,分至启闭,分至啟閉,the eight principal terms,分至啓閉,분지계폐,历法术语 · 节气,曆法術語 · 節氣,Calendrical terms · solar terms,暦法用語 · 二十四節気,역법 용어 · 절기,二十四节气里最先被定出的八个：春分、秋分、夏至、冬至，加立春、立夏、立秋、立冬。,二十四節氣裡最先被定出的八個：春分、秋分、夏至、冬至，加立春、立夏、立秋、立冬。,"The eight terms fixed earliest: the two equinoxes and two solstices, plus the four “beginnings” of spring, summer, autumn and winter.",二十四節気のうち最も早く定められた八つ。春分・秋分・夏至・冬至に、立春・立夏・立秋・立冬を加えたもの。,이십사절기(二十四節氣) 가운데 가장 먼저 정해진 여덟 개. 춘분·추분·하지·동지에 입춘·입하·입추·입동을 더한 것.,none,,,
43,3,三 · 节气・物候,三 · 節氣・物候,3 · Solar terms and phenology,三 · 二十四節気・物候,3 · 절기·물후,平气,平氣,mean solar term,平気,평기(平氣),历法术语 · 节气,曆法術語 · 節氣,Calendrical terms · solar terms,暦法用語 · 二十四節気,역법 용어 · 절기,把一个回归年等分成二十四份来定节气。不知日行有迟速时的做法，与平朔同时行用。,把一個回歸年等分成二十四份來定節氣。不知日行有遲速時的做法，與平朔同時行用。,Fixing the terms by dividing the tropical year into twenty-four equal parts — the method of those who did not know the sun moves unevenly. It went with the mean new moon.,一回帰年を二十四等分して節気を定めること。日行に遅速があることを知らなかったころの做法で、平朔と同時に行われた。,"1회귀년을 24등분하여 절기(節氣)를 정하는 것. 해가 가는 데 빠르고 느림이 있음을 몰랐던 시기의 방식으로, 평삭과 함께 시행되었다.",none,,,
44,3,三 · 节气・物候,三 · 節氣・物候,3 · Solar terms and phenology,三 · 二十四節気・物候,3 · 절기·물후,定气,定氣,true solar term,定気,정기(定氣),历法术语 · 节气,曆法術語 · 節氣,Calendrical terms · solar terms,暦法用語 · 二十四節気,역법 용어 · 절기,按太阳在黄道上实际走到某一度数来定节气。清《时宪历》起改用定气注历，沿用至今。,按太陽在黃道上實際走到某一度數來定節氣。清《時憲曆》起改用定氣注曆，沿用至今。,"Fixing the terms by the sun’s actual degrees along the ecliptic. The Shixian Calendar introduced it, and it is still in use.",太陽が黄道上で実際に至った度数によって節気を定めること。清『時憲暦』から定気注暦に改め、今日まで用いられている。,태양이 황도상에서 실제로 이른 도수에 따라 절기(節氣)를 정하는 것. 청 『시헌력』부터 정기주력으로 바꾸어 오늘날까지 쓰인다.,none,,,
45,3,三 · 节气・物候,三 · 節氣・物候,3 · Solar terms and phenology,三 · 二十四節気・物候,3 · 절기·물후,候／物候,候／物候,phenological period,候／物候,후／물후,历法术语 · 节气,曆法術語 · 節氣,Calendrical terms · solar terms,暦法用語 · 二十四節気,역법 용어 · 절기,节气是天上那把尺子走到哪儿了，候是地上你看见什么了。候比气慢着差不多一个月。,節氣是天上那把尺子走到哪兒了，候是地上你看見什麼了。候比氣慢著差不多一個月。,The solar term is where the celestial ruler has reached; the phenological period is what you see on the ground. The latter lags by about a month.,節気は天の物差しがどこまで進んだかであり、候は地上で何が見えるかである。候は気よりほぼ一か月遅れる。,"절기(節氣)는 하늘의 자가 어디까지 갔는가이고, 후는 땅에서 무엇이 보이는가이다. 후는 기보다 거의 한 달 늦다.",none,,,
46,3,三 · 节气・物候,三 · 節氣・物候,3 · Solar terms and phenology,三 · 二十四節気・物候,3 · 절기·물후,候应,候應,phenological sign,候応,후응,历法术语 · 节气,曆法術語 · 節氣,Calendrical terms · solar terms,暦法用語 · 二十四節気,역법 용어 · 절기,七十二候中每一候所对应的自然现象，如「东风解冻」「桃始华」。有植物、动物、非生物三类。,七十二候中每一候所對應的自然現象，如「東風解凍」「桃始華」。有植物、動物、非生物三類。,"The natural sign assigned to each of the seventy-two periods — thawing east winds, peach trees in flower. They are drawn from plants, from animals, and from inanimate nature.",七十二候の各候に対応する自然現象。たとえば「東風解凍」「桃始華」。植物・動物・非生物の三類がある。,칠십이후의 각 후에 대응하는 자연 현상. 예컨대 「동풍해동」「도시화」. 식물·동물·비생물의 세 가지가 있다.,none,,,
47,3,三 · 节气・物候,三 · 節氣・物候,3 · Solar terms and phenology,三 · 二十四節気・物候,3 · 절기·물후,七十二候,七十二候,the seventy-two periods,七十二候,칠십이후,历法术语 · 节气,曆法術語 · 節氣,Calendrical terms · solar terms,暦法用語 · 二十四節気,역법 용어 · 절기,把二十四节气各分三候、每候约五日，共七十二候。完整记载见《逸周书·时训解》。,把二十四節氣各分三候、每候約五日，共七十二候。完整記載見《逸周書·時訓解》。,"Each solar term split into three periods of about five days, seventy-two in all. The full record is in the “Shixun jie” chapter of the Yizhou shu.",二十四節気をそれぞれ三候に分け、一候を約五日として、合わせて七十二候とする。完全な記載は『逸周書・時訓解』に見える。,"이십사절기(二十四節氣)를 각각 세 후로 나누고 한 후를 약 닷새로 하여, 합쳐서 칠십이후가 된다. 완전한 기재는 『일주서·시훈해』에 보인다.",exact,术语在线,天文学 · 天文学史 · 2024,Astronomy · History of Astronomy · 2024
48,3,三 · 节气・物候,三 · 節氣・物候,3 · Solar terms and phenology,三 · 二十四節気・物候,3 · 절기·물후,启蛰,啟蟄,awakening of the dormant,啓蟄,계칩,历法术语 · 节气,曆法術語 · 節氣,Calendrical terms · solar terms,暦法用語 · 二十四節気,역법 용어 · 절기,二十四节气中惊蛰的旧名。汉时因避景帝刘启之名改写作「惊蛰」，两个字是同一层意思的改写。,二十四節氣中驚蟄的舊名。漢時因避景帝劉啟之名改寫作「驚蟄」，兩個字是同一層意思的改寫。,"The older name of the term now called Awakening of Insects. Under Emperor Jing, whose personal name was Qi, it was rewritten; the two words mean the same thing.",二十四節気のうち啓蟄の旧名。漢のとき景帝劉啓の名を避けて「啓蟄」と書き改めた。両字は同一の意の書き換えである。,이십사절기(二十四節氣) 가운데 계칩의 옛 이름. 한(漢) 때 경제 유계의 이름을 피하여 「계칩」으로 고쳐 썼다. 두 글자는 같은 뜻의 고쳐쓰기이다.,none,,,
49,3,三 · 节气・物候,三 · 節氣・物候,3 · Solar terms and phenology,三 · 二十四節気・物候,3 · 절기·물후,月令,月令,monthly ordinances,月令,월령,律历制度 · 文献,律曆制度 · 文獻,Institutions · sources,律暦制度 · 文献,율력 제도 · 문헌,按月排比天象、物候与政令的体裁。《礼记·月令》是这种体裁的代表，也是节气系统的前身。,按月排比天象、物候與政令的體裁。《禮記·月令》是這種體裁的代表，也是節氣系統的前身。,"The genre that sets out, month by month, the sky, the signs on the ground and the acts of government. The “Yue Ling” of the Book of Rites is its model and the solar terms’ ancestor.",月ごとに天象・物候と政令を並べ述べる体裁。『礼記・月令』はこの体裁の代表であり、節気系統の前身でもある。,"달마다 천상·물후와 정령을 나란히 서술하는 체재. 『예기·월령』이 이 체재의 대표이며, 절기(節氣) 체계의 전신이기도 하다.",none,,,
50,3,三 · 节气・物候,三 · 節氣・物候,3 · Solar terms and phenology,三 · 二十四節気・物候,3 · 절기·물후,三伏,三伏,the three fu,三伏,삼복(三伏),历法术语 · 节气,曆法術語 · 節氣,Calendrical terms · solar terms,暦法用語 · 二十四節気,역법 용어 · 절기,一年中最热的三段时间，从夏至后第三个庚日起算。它以干支纪日为准，与节气是两套并行的刻度。,一年中最熱的三段時間，從夏至後第三個庚日起算。它以干支紀日為準，與節氣是兩套並行的刻度。,"The three hottest stretches of the year, counted from the third keng day after the summer solstice. It is reckoned by sexagenary days, a scale parallel to the solar terms.",一年で最も暑い三段の時期。夏至の後の三番目の庚日から起算する。干支紀日を基準とし、節気とは二本の並行する目盛りである。,"한 해 가운데 가장 더운 세 시기. 하지 뒤 세 번째 경일(庚日)부터 기산한다. 간지기일을 기준으로 하며, 절기(節氣)와는 두 개의 나란한 눈금이다.",none,,,
51,3,三 · 节气・物候,三 · 節氣・物候,3 · Solar terms and phenology,三 · 二十四節気・物候,3 · 절기·물후,九九,九九,the nine nines,九九,구구,历法术语 · 节气,曆法術語 · 節氣,Calendrical terms · solar terms,暦法用語 · 二十四節気,역법 용어 · 절기,从冬至起每九天为一段，历八十一天。是冬季的民间冷暖刻度，也是历书上的常见注记。,從冬至起每九天為一段，歷八十一天。是冬季的民間冷暖刻度，也是曆書上的常見註記。,"Nine-day stretches counted from the winter solstice, eighty-one days in all — a popular scale for the cold and a common note in almanacs.",冬至から九日ごとに一段とし、八十一日に及ぶ。冬季の民間の寒暖の目盛りであり、暦書にもよく見える注記でもある。,"동지부터 아흐레마다 한 구간으로 하여 81일에 이른다. 겨울철 민간의 한난 눈금이며, 역서(曆書)에도 흔히 보이는 주기이기도 하다.",none,,,
52,3,三 · 节气・物候,三 · 節氣・物候,3 · Solar terms and phenology,三 · 二十四節気・物候,3 · 절기·물후,社日,社日,the day of the earth god,社日,사일,历法术语 · 节气,曆法術語 · 節氣,Calendrical terms · solar terms,暦法用語 · 二十四節気,역법 용어 · 절기,春秋各一次，以立春、立秋后的第五个戊日为准。与三伏同一算法，都由干支定日。,春秋各一次，以立春、立秋後的第五個戊日為準。與三伏同一算法，都由干支定日。,"Twice a year, on the fifth wu day after the beginning of spring and of autumn — reckoned, like the fu, by sexagenary days.",春と秋に各一度。立春・立秋の後の五番目の戊日を基準とする。三伏と同じ算法で、いずれも干支によって日を定める。,"봄과 가을에 각 한 번. 입춘·입추 뒤 다섯 번째 무일(戊日)을 기준으로 한다. 삼복(三伏)과 같은 산법으로, 모두 간지(干支)로 날을 정한다.",none,,,
53,3,三 · 节气・物候,三 · 節氣・物候,3 · Solar terms and phenology,三 · 二十四節気・物候,3 · 절기·물후,节气注历,節氣注曆,solar terms entered in the almanac,節気注暦,절기주력,历法术语 · 节气,曆法術語 · 節氣,Calendrical terms · solar terms,暦法用語 · 二十四節気,역법 용어 · 절기,把二十四节气逐日注在历书上。汉《太初历》首次完整编入，清《时宪历》起改用定气注历。,把二十四節氣逐日注在曆書上。漢《太初曆》首次完整編入，清《時憲曆》起改用定氣注曆。,Entering the twenty-four terms day by day in the almanac. The Taichu Calendar was the first to carry them in full; the Shixian Calendar began to use the true terms.,二十四節気を逐日暦書に注すこと。漢『太初暦』が初めて完全に編入し、清『時憲暦』から定気注暦に改めた。,"이십사절기(二十四節氣)를 날마다 역서(曆書)에 주기하는 것. 한(漢) 『태초력』이 처음으로 완전히 편입했고, 청 『시헌력』부터 정기주력으로 바꾸었다.",none,,,
54,4,四 · 纪日・纪年・时刻,四 · 紀日・紀年・時刻,"4 · Counting days, years and hours",四 · 紀日・紀年・時刻,4 · 일·년·시각 세기,干支,干支,Sexagenary Cycle,干支,간지(干支),天文基础 · 时间系统,天文基礎 · 時間系統,Fundamentals · time systems,天文基礎 · 時間体系,천문 기초 · 시간 체계,十天干与十二地支依次相配、六十组一轮的编号法。「干支」原写作「幹枝」，即树干与枝条，起初并不是一组序数符号。,十天干與十二地支依次相配、六十組一輪的編號法。「干支」原寫作「幹枝」，即樹幹與枝條，起初並不是一組序數符號。,"The cycle formed by pairing the ten stems with the twelve branches, sixty to a round. Originally written 幹枝, “trunk and branches” — not at first ordinal signs at all.",十干と十二支を順に組み合わせ、六十組で一巡する番号法。「干支」はもと「幹枝」と書き、すなわち幹と枝であり、初めから序数の記号であったわけではない。,"십간과 십이지를 차례로 짝지어 60조로 한 바퀴 도는 번호법. 「간지(干支)」는 본래 「간지(幹枝)」로 썼으니 곧 줄기와 가지이며, 처음부터 서수 기호였던 것은 아니다.",none,,,
55,4,四 · 纪日・纪年・时刻,四 · 紀日・紀年・時刻,"4 · Counting days, years and hours",四 · 紀日・紀年・時刻,4 · 일·년·시각 세기,天干,天干,heavenly stems,天干,천간,天文基础 · 时间系统,天文基礎 · 時間系統,Fundamentals · time systems,天文基礎 · 時間体系,천문 기초 · 시간 체계,甲、乙、丙、丁、戊、己、庚、辛、壬、癸，共十个。,甲、乙、丙、丁、戊、己、庚、辛、壬、癸，共十個。,"The ten: jia, yi, bing, ding, wu, ji, geng, xin, ren, gui.",甲・乙・丙・丁・戊・己・庚・辛・壬・癸の十個。,"갑·을·병·정·무·기·경·신·임·계, 모두 열 개.",exact,术语在线,天文学 · 天文学史 · 2024,Astronomy · History of Astronomy · 2024
56,4,四 · 纪日・纪年・时刻,四 · 紀日・紀年・時刻,"4 · Counting days, years and hours",四 · 紀日・紀年・時刻,4 · 일·년·시각 세기,地支,地支,earthly branches,地支,지지,天文基础 · 时间系统,天文基礎 · 時間系統,Fundamentals · time systems,天文基礎 · 時間体系,천문 기초 · 시간 체계,子、丑、寅、卯、辰、巳、午、未、申、酉、戌、亥，共十二个。,子、丑、寅、卯、辰、巳、午、未、申、酉、戌、亥，共十二個。,"The twelve: zi, chou, yin, mao, chen, si, wu, wei, shen, you, xu, hai.",子・丑・寅・卯・辰・巳・午・未・申・酉・戌・亥の十二個。,"자·축·인·묘·진·사·오·미·신·유·술·해, 모두 열두 개.",exact,术语在线,天文学 · 天文学史 · 2024,Astronomy · History of Astronomy · 2024
57,4,四 · 纪日・纪年・时刻,四 · 紀日・紀年・時刻,"4 · Counting days, years and hours",四 · 紀日・紀年・時刻,4 · 일·년·시각 세기,六十甲子,六十甲子,the Sixty Binomials of the Sexagenary Cycle,六十甲子,육십갑자,天文基础 · 时间系统,天文基礎 · 時間系統,Fundamentals · time systems,天文基礎 · 時間体系,천문 기초 · 시간 체계,干支相配的完整一轮。两条序列本可排出 120 个有序对，只因配对限定在同类之内，才只剩六十。,干支相配的完整一輪。兩條序列本可排出 120 個有序對，只因配對限定在同類之內，才只剩六十。,"One full round of the pairing. Two such series admit 120 ordered pairs; pairing is permitted only within a class, so exactly sixty survive.",干支を組み合わせた完全な一巡。二本の系列からは本来 120 の順序対が並べられるが、組み合わせが同類の内側に限られるため、六十にしかならない。,"간지(干支)를 짝지은 완전한 한 바퀴. 두 계열에서는 본래 120개의 순서쌍을 늘어놓을 수 있으나, 짝짓기가 같은 종류 안으로 한정되기 때문에 60밖에 되지 않는다.",near,六十干支周,天文学 · 天文学史,Astronomy · History of Astronomy
58,4,四 · 纪日・纪年・时刻,四 · 紀日・紀年・時刻,"4 · Counting days, years and hours",四 · 紀日・紀年・時刻,4 · 일·년·시각 세기,干支纪日,干支紀日,Sexagenary Day-Count,干支紀日,간지기일(干支紀日),天文基础 · 时间系统,天文基礎 · 時間系統,Fundamentals · time systems,天文基礎 · 時間体系,천문 기초 · 시간 체계,用干支给每一天编号。这套编号连续不断，可用来核对历日。,用干支給每一天編號。這套編號連續不斷，可用來核對曆日。,Numbering every day with a binomial of the sexagenary cycle. The count runs unbroken and can be used to check a date.,干支で毎日を番号づけすること。この番号は連続して途切れず、暦日の照合に用いられる。,간지(干支)로 날마다 번호를 매기는 것. 이 번호는 끊임없이 이어져 역일을 대조하는 데 쓰인다.,none,,,
59,4,四 · 纪日・纪年・时刻,四 · 紀日・紀年・時刻,"4 · Counting days, years and hours",四 · 紀日・紀年・時刻,4 · 일·년·시각 세기,干支纪年,干支紀年,Sexagenary Year-Count,干支紀年,간지기년,天文基础 · 时间系统,天文基礎 · 時間系統,Fundamentals · time systems,天文基礎 · 時間体系,천문 기초 · 시간 체계,用干支给年份编号。东汉元和二年（85 年）才以政令推行全国，此前纪年多用岁星、太岁或年号。,用干支給年份編號。東漢元和二年（85 年）才以政令推行全國，此前紀年多用歲星、太歲或年號。,"Numbering the years with binomials of the sexagenary cycle. It was ordered for the whole country only in 85 CE; before that years were reckoned by Jupiter, by the counter-Jupiter, or by reign titles.",干支で年を番号づけすること。後漢元和二年（85 年）にいたり政令をもって全国に施行された。それ以前の紀年は多く歳星・太歳あるいは年号を用いた。,간지(干支)로 연도를 번호 매기는 것. 후한 원화 2년(85년)에 이르러 정령으로 전국에 시행되었다. 그 전의 기년은 대부분 세성·태세 혹은 연호를 썼다.,none,,,
60,4,四 · 纪日・纪年・时刻,四 · 紀日・紀年・時刻,"4 · Counting days, years and hours",四 · 紀日・紀年・時刻,4 · 일·년·시각 세기,旬,旬,the ten-day week,旬,순,天文基础 · 时间系统,天文基礎 · 時間系統,Fundamentals · time systems,天文基礎 · 時間体系,천문 기초 · 시간 체계,十干轮完一轮为一旬，即十日。殷墟卜辞已按旬记日，旬末有卜旬之例。,十干輪完一輪為一旬，即十日。殷墟卜辭已按旬記日，旬末有卜旬之例。,"Ten days, the time the ten stems take to complete one round. The oracle bones already count by the ten-day week.",十干が一巡するのを一旬、すなわち十日とする。殷墟の卜辞にすでに旬によって日を記す例があり、旬の末に旬を卜する例がある。,"십간이 한 바퀴 도는 것을 1순, 곧 열흘로 한다. 은허 복사에 이미 순으로 날을 기록한 예가 있고, 순 끝에 순을 점치는 예가 있다.",near,旬星,天文学 · 天文学史,Astronomy · History of Astronomy
61,4,四 · 纪日・纪年・时刻,四 · 紀日・紀年・時刻,"4 · Counting days, years and hours",四 · 紀日・紀年・時刻,4 · 일·년·시각 세기,年号纪年,年號紀年,reign-title dating,年号紀年,연호기년,天文基础 · 时间系统,天文基礎 · 時間系統,Fundamentals · time systems,天文基礎 · 時間体系,천문 기초 · 시간 체계,以皇帝的年号加序号纪年，如「贞观元年」。汉武帝建元为中国年号纪年之始。,以皇帝的年號加序號紀年，如「貞觀元年」。漢武帝建元為中國年號紀年之始。,"Dating by the emperor’s reign title and a number — “the first year of Zhenguan”. Jianyuan, under Emperor Wu of the Han, is the first such title.",皇帝の年号に番号を添えて年を紀すこと。たとえば「貞観元年」。漢武帝の建元が中国の年号紀年の始めである。,황제의 연호에 번호를 붙여 연도를 기록하는 것. 예컨대 「정관 원년」. 한 무제의 건원이 중국 연호기년의 시작이다.,none,,,
62,4,四 · 纪日・纪年・时刻,四 · 紀日・紀年・時刻,"4 · Counting days, years and hours",四 · 紀日・紀年・時刻,4 · 일·년·시각 세기,岁星纪年,歲星紀年,Jupiter year-reckoning,歳星紀年,세성기년,天文基础 · 时间系统,天文基礎 · 時間系統,Fundamentals · time systems,天文基礎 · 時間体系,천문 기초 · 시간 체계,以木星所在的星次纪年，如「岁在星纪」。木星约十二年行一周天，古人称之为岁星。,以木星所在的星次紀年，如「歲在星紀」。木星約十二年行一周天，古人稱之為歲星。,Reckoning the year by the station the planet Jupiter occupies — “the year star in Xingji”. Jupiter takes about twelve years to circle the sky and was named the “year star”.,木星の所在する星次によって年を紀すこと。たとえば「歳は星紀に在り」。木星は約十二年で天を一巡し、古人はこれを歳星と呼んだ。,"목성이 있는 성차(星次)로 연도를 기록하는 것. 예컨대 「세(歲)는 성기에 있다」. 목성은 약 12년에 하늘을 한 바퀴 돌며, 옛사람은 이를 세성이라 불렀다.",exact,术语在线,天文学 · 天文学史 · 2024,Astronomy · History of Astronomy · 2024
63,4,四 · 纪日・纪年・时刻,四 · 紀日・紀年・時刻,"4 · Counting days, years and hours",四 · 紀日・紀年・時刻,4 · 일·년·시각 세기,太岁纪年,太歲紀年,counter-Jupiter year-reckoning,太歳紀年,태세기년,天文基础 · 时间系统,天文基礎 · 時間系統,Fundamentals · time systems,天文基礎 · 時間体系,천문 기초 · 시간 체계,岁星自西向东而行，与十二辰方向相反，古人另设一个反向运行的假想天体「太岁」来纪年，由此有摄提格等十二岁名。,歲星自西向東而行，與十二辰方向相反，古人另設一個反向運行的假想天體「太歲」來紀年，由此有攝提格等十二歲名。,"Because Jupiter moves eastward, counter to the order of the twelve stations, a counter-Jupiter was imagined running the other way, giving the twelve year-names such as Shetige.",歳星は西から東へ走り、十二辰の方向と相反する。古人は別に逆向きに運行する仮想の天体「太歳」を設けて年を紀し、ここから摂提格など十二の歳名が生じた。,"세성은 서에서 동으로 달려 십이진의 방향과 반대된다. 옛사람은 따로 반대로 운행하는 가상의 천체 「태세」를 두어 연도를 기록했고, 여기서 섭제격 등 열두 세명이 생겼다.",exact,术语在线,天文学 · 天文学史 · 2024,Astronomy · History of Astronomy · 2024
64,4,四 · 纪日・纪年・时刻,四 · 紀日・紀年・時刻,"4 · Counting days, years and hours",四 · 紀日・紀年・時刻,4 · 일·년·시각 세기,十二次,十二次,the Twelve Jupiter Stations,十二次,십이차(十二次),天文基础 · 坐标,天文基礎 · 座標,Fundamentals · coordinates,天文基礎 · 座標,천문 기초 · 좌표,沿黄道划分的十二个星区，依次为星纪、玄枵、娵訾等，用于岁星纪年。,沿黃道劃分的十二個星區，依次為星紀、玄枵、娵訾等，用於歲星紀年。,"Twelve regions along the ecliptic — Xingji, Xuanxiao, Juzi and so on — used for reckoning years by Jupiter.",黄道に沿って分けた十二の星区。順に星紀・玄枵・娵訾など。歳星紀年に用いる。,황도(黃道)를 따라 나눈 열두 성구. 차례로 성기·현효·추자 등. 세성기년에 쓴다.,exact,术语在线,天文学 · 天文学史 · 2024,Astronomy · History of Astronomy · 2024
65,4,四 · 纪日・纪年・时刻,四 · 紀日・紀年・時刻,"4 · Counting days, years and hours",四 · 紀日・紀年・時刻,4 · 일·년·시각 세기,十二辰,十二辰,the twelve earthly stations,十二辰,십이진,天文基础 · 坐标,天文基礎 · 座標,Fundamentals · coordinates,天文基礎 · 座標,천문 기초 · 좌표,沿天球一周按子丑寅卯等十二支划分的区域，方向与十二次相反，用于太岁纪年与分野。,沿天球一周按子丑寅卯等十二支劃分的區域，方向與十二次相反，用於太歲紀年與分野。,"Twelve regions of the sky named by the earthly branches, running opposite to the Jupiter stations; used for counter-Jupiter dating and for field-allocation.",天球を一巡して子丑寅卯など十二支によって分けた区域。方向は十二次と相反し、太歳紀年と分野に用いる。,"천구를 한 바퀴 돌며 자축인묘 등 십이지로 나눈 구역. 방향은 십이차(十二次)와 반대이며, 태세기년과 분야에 쓴다.",exact,术语在线,天文学 · 天文学史 · 2024,Astronomy · History of Astronomy · 2024
66,4,四 · 纪日・纪年・时刻,四 · 紀日・紀年・時刻,"4 · Counting days, years and hours",四 · 紀日・紀年・時刻,4 · 일·년·시각 세기,摄提格,攝提格,shetige,摂提格,섭제격,天文基础 · 时间系统,天文基礎 · 時間系統,Fundamentals · time systems,天文基礎 · 時間体系,천문 기초 · 시간 체계,太岁在寅之年的岁名，为十二岁名之一；其余为单阏、执徐、大荒落、敦牂、协洽、涒滩、作噩、阉茂、大渊献、困敦、赤奋若。,太歲在寅之年的歲名，為十二歲名之一；其餘為單閼、執徐、大荒落、敦牂、協洽、涒灘、作噩、閹茂、大淵獻、困敦、赤奮若。,"The year-name for a year with the counter-Jupiter in yin. The others are Chanyan, Zhixu, Dahuangluo, Dunzang, Xieqia, Tuntan, Zuo’e, Yanmao, Dayuanxian, Kundun and Chifenruo.",太歳が寅にある年の歳名。十二歳名の一つで、他に単閼・執徐・大荒落・敦牂・協洽・涒灘・作噩・閹茂・大淵献・困敦・赤奮若がある。,"태세가 인(寅)에 있는 해의 세명. 열두 세명의 하나이며, 그 밖에 단알·집서·대황락·돈장·협흡·군탄·작악·엄무·대연헌·곤돈·적분약이 있다.",none,,,
67,4,四 · 纪日・纪年・时刻,四 · 紀日・紀年・時刻,"4 · Counting days, years and hours",四 · 紀日・紀年・時刻,4 · 일·년·시각 세기,岁阳,歲陽,the ten year-names,歳陽,세양,天文基础 · 时间系统,天文基礎 · 時間系統,Fundamentals · time systems,天文基礎 · 時間体系,천문 기초 · 시간 체계,西汉历家给十干另取的十个名称：阏逢、旃蒙、柔兆、强圉、著雍、屠维、上章、重光、玄黓、昭阳。与十二岁名相配，成六十个年名。,西漢曆家給十干另取的十個名稱：閼逢、旃蒙、柔兆、強圉、著雍、屠維、上章、重光、玄黓、昭陽。與十二歲名相配，成六十個年名。,"Ten names given to the stems — Yanfeng, Zhanmeng, Rouzhao and so on — paired with the twelve year-names to yield sixty, much as stems pair with branches.",前漢の暦家が十干に別に与えた十の名称。閼逢・旃蒙・柔兆・強圉・著雍・屠維・上章・重光・玄黓・昭陽。十二歳名と組み合わせて六十の年名となる。,전한의 역가가 십간에 따로 준 열 개의 명칭. 알봉·전몽·유조·강어·저옹·도유·상장·중광·현익·소양. 열두 세명과 짝지어 60개의 연명이 된다.,near,岁实,天文学 · 天文学史,Astronomy · History of Astronomy
68,4,四 · 纪日・纪年・时刻,四 · 紀日・紀年・時刻,"4 · Counting days, years and hours",四 · 紀日・紀年・時刻,4 · 일·년·시각 세기,超辰,超辰,the leap of the year station,超辰,초진,天文基础 · 时间系统,天文基礎 · 時間系統,Fundamentals · time systems,天文基礎 · 時間体系,천문 기초 · 시간 체계,岁星实际约 11.86 年一周天，积久便会超过按十二年一轮所推的位置一次。历家称之为超辰，也是后来改用干支纪年的一个缘由。,歲星實際約 11.86 年一周天，積久便會超過按十二年一輪所推的位置一次。曆家稱之為超辰，也是後來改用干支紀年的一個緣由。,"Jupiter actually takes about 11.86 years, so in time it outruns the twelve-year reckoning by one station. This “leap” is one reason the sexagenary count displaced it.",歳星は実際には約 11.86 年で天を一巡するため、積もれば十二年一巡で推した位置を一回超える。暦家はこれを超辰と呼び、後に干支紀年に改めた一つの理由でもある。,"세성은 실제로 약 11.86년에 하늘을 한 바퀴 돌기 때문에, 오래 쌓이면 12년 한 바퀴로 추산한 위치를 한 번 넘어선다. 역가는 이를 초진이라 불렀고, 뒤에 간지기년으로 바꾼 하나의 이유이기도 하다.",none,,,
69,4,四 · 纪日・纪年・时刻,四 · 紀日・紀年・時刻,"4 · Counting days, years and hours",四 · 紀日・紀年・時刻,4 · 일·년·시각 세기,分野,分野,field-allocation,分野,분야,星宿与星官 · 星官,星宿與星官 · 星官,Mansions and star officials · star officials,星宿と星官 · 星官,성수와 성관 · 성관,把天上的星次、星宿与地上的州国相配，以星象占其吉凶。配法历代不一，是星占与历法共用的框架。,把天上的星次、星宿與地上的州國相配，以星象占其吉凶。配法歷代不一，是星占與曆法共用的框架。,"Matching the stations and mansions of the sky to the provinces and states of the earth, so that a sign above portends below. The matching differs by age; it serves both astrology and calendar.",天上の星次・星宿を地上の州国に配し、星象によってその吉凶を占うこと。配し方は歴代一様でなく、星占と暦法が共有する枠組みである。,"하늘의 성차·성수를 땅의 주국에 짝지어, 성상으로 그 길흉을 점치는 것. 짝짓는 방식은 역대 일정하지 않으며, 성점과 역법이 공유하는 틀이다.",exact,术语在线,天文学 · 天文学史 · 2024,Astronomy · History of Astronomy · 2024
70,4,四 · 纪日・纪年・时刻,四 · 紀日・紀年・時刻,"4 · Counting days, years and hours",四 · 紀日・紀年・時刻,4 · 일·년·시각 세기,时辰,時辰,the double-hour (shichen),時辰,시진,天文基础 · 时间系统,天文基礎 · 時間系統,Fundamentals · time systems,天文基礎 · 時間体系,천문 기초 · 시간 체계,把一天分成十二段，每段对应一个地支，各两小时。子时起于二十三时。,把一天分成十二段，每段對應一個地支，各兩小時。子時起於二十三時。,"Twelve two-hour divisions of the day, one to each branch. The hour of zi begins at 23:00.",一日を十二段に分け、各段を一支に当て、各々二時間とする。子の刻は二十三時に始まる。,하루를 열두 구간으로 나누어 각 구간을 한 지지에 배당하고 각각 두 시간으로 한다. 자시는 23시에 시작한다.,none,,,
71,4,四 · 纪日・纪年・时刻,四 · 紀日・紀年・時刻,"4 · Counting days, years and hours",四 · 紀日・紀年・時刻,4 · 일·년·시각 세기,更,更,the night watch,更,경,天文基础 · 时间系统,天文基礎 · 時間系統,Fundamentals · time systems,天文基礎 · 時間体系,천문 기초 · 시간 체계,夜里分五更，用于报时。更点与十二时辰是两套并行的夜间刻度。,夜裡分五更，用於報時。更點與十二時辰是兩套並行的夜間刻度。,"The night divided into five watches, for calling the hour. Watches and double-hours are two parallel scales for the dark hours.",夜を五更に分け、報時に用いる。更点と十二時辰は夜間の二本の並行する目盛りである。,밤을 다섯 경으로 나누어 시각을 알리는 데 쓴다. 경·점과 십이시진은 밤의 두 나란한 눈금이다.,none,,,
72,4,四 · 纪日・纪年・时刻,四 · 紀日・紀年・時刻,"4 · Counting days, years and hours",四 · 紀日・紀年・時刻,4 · 일·년·시각 세기,点,點,the point,点,점,天文基础 · 时间系统,天文基礎 · 時間系統,Fundamentals · time systems,天文基礎 · 時間体系,천문 기초 · 시간 체계,更以下的刻度：一夜五更，每更五点。更、点用于报时，历书上记的则是时辰。,更以下的刻度：一夜五更，每更五點。更、點用於報時，曆書上記的則是時辰。,"A subdivision of the watch: five points to a watch, five watches to a night. Watches and points were for calling the hour; the almanac kept to the double-hours.",更より下の目盛り。一夜は五更、各更は五点。更・点は報時に用い、暦書に記されるのは時辰である。,"경보다 아래의 눈금. 한 밤은 다섯 경, 각 경은 다섯 점. 경·점은 시각을 알리는 데 쓰고, 역서(曆書)에 적히는 것은 시진이다.",none,,,
73,4,四 · 纪日・纪年・时刻,四 · 紀日・紀年・時刻,"4 · Counting days, years and hours",四 · 紀日・紀年・時刻,4 · 일·년·시각 세기,刻,刻,the quarter (ke),刻,각,天文基础 · 时间系统,天文基礎 · 時間系統,Fundamentals · time systems,天文基礎 · 時間体系,천문 기초 · 시간 체계,一日分为一百刻，每刻约十四分二十四秒；清康熙九年改用九十六刻，每刻十五分钟，与今制同。,一日分為一百刻，每刻約十四分二十四秒；清康熙九年改用九十六刻，每刻十五分鐘，與今制同。,"One hundred to the day, each about 14 minutes 24 seconds; changed in 1670 to ninety-six to the day, each fifteen minutes, as now.",一日を百刻に分け、一刻は約十四分二十四秒。清の康熙九年に九十六刻に改められ、一刻は十五分となり、今日の制と同じになった。,"하루를 100각으로 나누어 1각은 약 14분 24초. 청 강희 9년에 96각으로 바꾸어 1각이 15분이 되었고, 오늘의 제도와 같아졌다.",none,,,
74,4,四 · 纪日・纪年・时刻,四 · 紀日・紀年・時刻,"4 · Counting days, years and hours",四 · 紀日・紀年・時刻,4 · 일·년·시각 세기,二十四时,二十四時,the twenty-four hours,二十四時,이십사시,天文基础 · 时间系统,天文基礎 · 時間系統,Fundamentals · time systems,天文基礎 · 時間体系,천문 기초 · 시간 체계,把每个时辰分为「初」「正」两半，十二时辰遂成二十四段，与今日的小时相当。西洋钟表传入后通行。,把每個時辰分為「初」「正」兩半，十二時辰遂成二十四段，與今日的小時相當。西洋鐘錶傳入後通行。,"Splitting each double-hour into an “initial” and a “central” half, turning twelve into twenty-four divisions of about an hour each. It came into general use with Western clocks.",各時辰を「初」「正」の二半に分け、十二時辰はすなわち二十四段となり、今日の時間に相当する。西洋の時計が伝わってから通行した。,"각 시진을 「초」「정」 두 반으로 나누어 십이시진이 곧 스물네 구간이 되고, 오늘의 시간에 해당한다. 서양 시계가 전래된 뒤에 통용되었다.",none,,,
75,4,四 · 纪日・纪年・时刻,四 · 紀日・紀年・時刻,"4 · Counting days, years and hours",四 · 紀日・紀年・時刻,4 · 일·년·시각 세기,漏刻,漏刻,the water clock,漏刻,누각,律历制度 · 观测方法,律曆制度 · 觀測方法,Institutions · observational methods,律暦制度 · 観測方法,율력 제도 · 관측 방법,以壶盛水、看箭上刻度计时的器具。冬至昼短夜长，刻数随之增减，历代历法都要给出昼夜刻分。,以壺盛水、看箭上刻度計時的器具。冬至晝短夜長，刻數隨之增減，歷代曆法都要給出晝夜刻分。,"An instrument of water-jars and a graduated float. The number of quarters in day and night shifts with the season, and calendars supplied the figures.",壺に水を盛り、箭の上の目盛りを見て時を計る器具。冬至は昼が短く夜が長く、刻数はそれに応じて増減するので、歴代の暦法はいずれも昼夜の刻分を与えねばならなかった。,"항아리에 물을 담고 살대 위의 눈금을 보아 시각을 재는 기구. 동지에는 낮이 짧고 밤이 길어 각수가 그에 따라 증감하므로, 역대 역법은 모두 주야 각분을 주어야 했다.",exact,术语在线,天文学 · 天文学史 · 2024,Astronomy · History of Astronomy · 2024
76,5,五 · 朔望・月相・交食,五 · 朔望・月相・交食,"5 · Phases, conjunctions and eclipses",五 · 朔望・月相・交食,5 · 삭망·월상·교식,朔,朔,new moon,朔,삭(朔),天象类 · 月相,天象類 · 月相,Celestial phenomena · lunar phases,天象 · 月相,천상 현상 · 월상,日月黄经相同、月亮不可见的时刻，即农历每月初一所在的那一天。,日月黃經相同、月亮不可見的時刻，即農曆每月初一所在的那一天。,The instant the sun and moon share a longitude and the moon is unseen: the day the first of a calendrical month falls on.,日月の黄経が同じで、月が見えない時刻。すなわち農暦の毎月一日のあるその日。,일월의 황경(黃經)이 같아 달이 보이지 않는 시각. 곧 농력 매달 초하루가 있는 그날.,exact,术语在线,天文学 · 天体力学 · 2024,Astronomy · Celestial Mechanics · 2024
77,5,五 · 朔望・月相・交食,五 · 朔望・月相・交食,"5 · Phases, conjunctions and eclipses",五 · 朔望・月相・交食,5 · 삭망·월상·교식,望,望,full moon,望,망(望),天象类 · 月相,天象類 · 月相,Celestial phenomena · lunar phases,天象 · 月相,천상 현상 · 월상,满月的时刻，约在十五。,滿月的時刻，約在十五。,"The instant of the full moon, usually around the fifteenth.",満月の時刻。およそ十五日にある。,보름달의 시각. 대략 보름에 있다.,exact,术语在线,天文学 · 天体力学 · 2024,Astronomy · Celestial Mechanics · 2024
78,5,五 · 朔望・月相・交食,五 · 朔望・月相・交食,"5 · Phases, conjunctions and eclipses",五 · 朔望・月相・交食,5 · 삭망·월상·교식,上弦／下弦,上弦／下弦,first / last quarter,上弦／下弦,상현(上弦)／하현(下弦),天象类 · 月相,天象類 · 月相,Celestial phenomena · lunar phases,天象 · 月相,천상 현상 · 월상,月亮走到黄经相差九十度与二百七十度时，各见半个月面。,月亮走到黃經相差九十度與二百七十度時，各見半個月面。,"When the moon is ninety and two hundred and seventy degrees from the sun, half its face is lit.",月が黄経差九十度と二百七十度に至ったとき、それぞれ半月面が見えること。,달이 황경차 90도와 270도에 이르렀을 때 각각 반달면이 보이는 것.,near,上弦,天文学 · 天体力学,Astronomy · Celestial Mechanics
79,5,五 · 朔望・月相・交食,五 · 朔望・月相・交食,"5 · Phases, conjunctions and eclipses",五 · 朔望・月相・交食,5 · 삭망·월상·교식,晦,晦,the last day of the month,晦,회,天象类 · 月相,天象類 · 月相,Celestial phenomena · lunar phases,天象 · 月相,천상 현상 · 월상,每月的最后一日，即下一朔的前一日。晦与朔相接，是月相周期的收尾。,每月的最後一日，即下一朔的前一日。晦與朔相接，是月相週期的收尾。,"The final day of a calendrical month, the day before the next conjunction — the closing of the phase cycle.",毎月の最後の一日。すなわち次の朔の前日。晦と朔は相接し、月相周期の収めである。,매달 마지막 날. 곧 다음 삭(朔)의 전날. 회와 삭은 서로 이어져 월상 주기의 마무리이다.,none,,,
80,5,五 · 朔望・月相・交食,五 · 朔望・月相・交食,"5 · Phases, conjunctions and eclipses",五 · 朔望・月相・交食,5 · 삭망·월상·교식,胐,胐,fei,胐,폐,天象类 · 月相,天象類 · 月相,Celestial phenomena · lunar phases,天象 · 月相,천상 현상 · 월상,农历每月初三，月始生明之时。《尚书·召诰》有「三月，惟丙午胐」之记。,農曆每月初三，月始生明之時。《尚書·召誥》有「三月，惟丙午胐」之記。,"The third day of a calendrical month, when the crescent first shows. It appears in the “Zhao Gao” chapter of the Book of Documents.",農暦の毎月三日、月がはじめて明るみを生ずる時。『尚書・召誥』に「三月、惟丙午胐」の記がある。,"농력 매달 초사흘, 달이 비로소 밝음을 낳는 때. 『상서·소고』에 「3월, 오직 병오 폐」의 기록이 있다.",none,,,
81,5,五 · 朔望・月相・交食,五 · 朔望・月相・交食,"5 · Phases, conjunctions and eclipses",五 · 朔望・月相・交食,5 · 삭망·월상·교식,既生霸／既死霸,既生霸／既死霸,after the birth / after the death of the light,既生霸／既死霸,기생백／기사백,天象类 · 月相,天象類 · 月相,Celestial phenomena · lunar phases,天象 · 月相,천상 현상 · 월상,西周金文记月相的两个词：「生霸」谓月始明，「死霸」谓月始晦。如何系日，是西周年代学的百年难题。,西周金文記月相的兩個詞：「生霸」謂月始明，「死霸」謂月始晦。如何系日，是西周年代學的百年難題。,"Two terms for lunar phases in Western Zhou bronze inscriptions: the light begins, and the light ends. How they map onto days remains a century-old problem in Zhou chronology.",西周金文に月相を記す二つの語。「生霸」は月がはじめて明るくなること、「死霸」は月がはじめて晦くなることをいう。どの日に係けるかは西周年代学の百年の難題である。,"서주 금문에 월상을 기록한 두 말. 「생백」은 달이 비로소 밝아짐을, 「사백」은 달이 비로소 어두워짐을 이른다. 어느 날에 붙이는가는 서주 연대학의 백년 난제이다.",none,,,
82,5,五 · 朔望・月相・交食,五 · 朔望・月相・交食,"5 · Phases, conjunctions and eclipses",五 · 朔望・月相・交食,5 · 삭망·월상·교식,定朔,定朔,true new moon,定朔,정삭,历法术语 · 历算,曆法術語 · 曆算,Calendrical terms · computation,暦法用語 · 暦算,역법 용어 · 역산,以真实的合朔时刻定初一，而不是用平均值推算。三国时《乾象历》始创此法。,以真實的合朔時刻定初一，而不是用平均值推算。三國時《乾象曆》始創此法。,Fixing the first of the month by the actual conjunction rather than by a mean value. First proposed in the Qianxiang Calendar.,現実の合朔の時刻で一日を定めること。平均値で推算するのではない。三国の『乾象暦』が初めてこの法を創始した。,실제의 합삭 시각으로 초하루를 정하는 것. 평균값으로 추산하는 것이 아니다. 삼국의 『건상력』이 처음 이 법을 창시했다.,none,,,
83,5,五 · 朔望・月相・交食,五 · 朔望・月相・交食,"5 · Phases, conjunctions and eclipses",五 · 朔望・月相・交食,5 · 삭망·월상·교식,平朔,平朔,mean new moon,平朔,평삭,历法术语 · 历算,曆法術語 · 曆算,Calendrical terms · computation,暦法用語 · 暦算,역법 용어 · 역산,以平均朔望月长度推算的朔。与定朔相对，算法简单但与天不合。,以平均朔望月長度推算的朔。與定朔相對，算法簡單但與天不合。,"The new moon reckoned from a mean month. Simpler than the true new moon, and less faithful to the sky.",平均朔望月の長さで推した朔。定朔に対するもので、算法は簡単だが天と合わない。,"평균 삭망월(朔望月) 길이로 추산한 삭(朔). 정삭에 대한 것으로, 산법은 간단하나 하늘과 맞지 않는다.",none,,,
84,5,五 · 朔望・月相・交食,五 · 朔望・月相・交食,"5 · Phases, conjunctions and eclipses",五 · 朔望・月相・交食,5 · 삭망·월상·교식,经朔,經朔,the mean conjunction,経朔,경삭,历法术语 · 历算,曆法術語 · 曆算,Calendrical terms · computation,暦法用語 · 暦算,역법 용어 · 역산,平朔的又一名称。唐《麟德历》以后，历书多在经朔之上加减改正，才得定朔。,平朔的又一名稱。唐《麟德曆》以後，曆書多在經朔之上加減改正，才得定朔。,"Another name for the mean conjunction. From the Linde Calendar on, the true conjunction was reached by correcting it.",平朔の別称。唐『麟徳暦』以降、暦書は多く経朔の上に加減の改正を施して、はじめて定朔を得た。,평삭의 다른 이름. 당 『인덕력』 이후 역서(曆書)는 대개 경삭 위에 가감의 개정을 더하여 비로소 정삭을 얻었다.,none,,,
85,5,五 · 朔望・月相・交食,五 · 朔望・月相・交食,"5 · Phases, conjunctions and eclipses",五 · 朔望・月相・交食,5 · 삭망·월상·교식,月离,月離,the moon’s motion,月離,월리,历法术语 · 历算,曆法術語 · 曆算,Calendrical terms · computation,暦法用語 · 暦算,역법 용어 · 역산,月亮在恒星背景上的运行。月的行度有迟有疾，历法须逐日列出，称为月离表。,月亮在恆星背景上的運行。月的行度有遲有疾，曆法須逐日列出，稱為月離表。,"The moon’s movement against the stars. Its speed varies, so the calendars tabulated its daily positions.",月が恒星の背景に対して行う運行。月の行度には遅速があり、暦法は逐日これを列さねばならず、これを月離表という。,"달이 항성(恒星) 배경에 대하여 행하는 운행. 달의 행도에는 지속이 있어 역법은 날마다 이를 열거해야 하며, 이를 월리표라 한다.",exact,术语在线,天文学 · 天文学史 · 2024,Astronomy · History of Astronomy · 2024
86,5,五 · 朔望・月相・交食,五 · 朔望・月相・交食,"5 · Phases, conjunctions and eclipses",五 · 朔望・月相・交食,5 · 삭망·월상·교식,入转,入轉,entry into the anomalistic cycle,入転,입전,历法术语 · 历算,曆法術語 · 曆算,Calendrical terms · computation,暦法用語 · 暦算,역법 용어 · 역산,指某时刻距月亮过近地点的时间。月亮过近地点后行速渐减，历法据此校正月行。,指某時刻距月亮過近地點的時間。月亮過近地點後行速漸減，曆法據此校正月行。,"The time elapsed since the moon passed perigee. Its speed slackens afterwards, and calendars corrected for it.",ある時刻が月の近地点通過からどれだけ隔たっているかを指す。月は近地点を過ぎると行速が次第に減じ、暦法はこれによって月行を校正する。,"어떤 시각이 달의 근지점 통과로부터 얼마나 떨어져 있는가를 가리킨다. 달은 근지점을 지나면 행속이 차츰 줄어들고, 역법은 이에 따라 월행을 교정한다.",none,,,
87,5,五 · 朔望・月相・交食,五 · 朔望・月相・交食,"5 · Phases, conjunctions and eclipses",五 · 朔望・月相・交食,5 · 삭망·월상·교식,迟疾,遲疾,slowness and swiftness,遅疾,지질,历法术语 · 历算,曆法術語 · 曆算,Calendrical terms · computation,暦法用語 · 暦算,역법 용어 · 역산,日月运行速度的不均匀。唐以后各历都专设迟疾一术，用以修正平朔、平气。,日月運行速度的不均勻。唐以後各曆都專設遲疾一術，用以修正平朔、平氣。,"The unevenness of the sun’s and the moon’s speed. From the Tang on, calendars carried a separate section correcting the mean values.",日月の運行速度の不均一。唐以降の各暦はいずれも遅疾の一術を専設し、平朔・平気を修正するのに用いた。,일월 운행 속도의 불균일. 당 이후 각 역은 모두 지질의 한 술을 따로 두어 평삭·평기(平氣)를 수정하는 데 썼다.,none,,,
88,5,五 · 朔望・月相・交食,五 · 朔望・月相・交食,"5 · Phases, conjunctions and eclipses",五 · 朔望・月相・交食,5 · 삭망·월상·교식,交食,交食,eclipse,交食,교식,天象类 · 日月食,天象類 · 日月食,Celestial phenomena · eclipses,天象 · 日食・月食,천상 현상 · 일식・월식,日月食的合称。历法能预推交食的时刻与食分，是检验一部历法精粗的硬指标。,日月食的合稱。曆法能預推交食的時刻與食分，是檢驗一部曆法精粗的硬指標。,Sun and moon eclipses together. Predicting their time and magnitude was the hardest test a calendar could face.,日食と月食の総称。暦法が交食の時刻と食分を予推できることは、ある暦法の精粗を検する硬い指標である。,일식(日食)과 월식(月食)의 총칭. 역법이 교식의 시각과 식분을 미리 추산할 수 있는 것은 한 역법의 정조(精粗)를 검하는 단단한 지표이다.,exact,术语在线,天文学 · 2013,Astronomy · 2013
89,5,五 · 朔望・月相・交食,五 · 朔望・月相・交食,"5 · Phases, conjunctions and eclipses",五 · 朔望・月相・交食,5 · 삭망·월상·교식,日食,日食,solar eclipse,日食,일식(日食),天象类 · 日月食,天象類 · 日月食,Celestial phenomena · eclipses,天象 · 日食・月食,천상 현상 · 일식・월식,月亮遮住太阳。只在朔日可能发生，又因白道与黄道有交角，并非每次朔日都有。,月亮遮住太陽。只在朔日可能發生，又因白道與黃道有交角，並非每次朔日都有。,"The moon covering the sun. Possible only at conjunction, and — the lunar path being inclined to the ecliptic — not at every one.",月が太陽を遮ること。朔日にのみ起こりうるが、白道と黄道に交角があるため、朔日ごとに起こるわけではない。,"달이 태양을 가리는 것. 삭일에만 일어날 수 있고, 백도와 황도(黃道)에 교각이 있어 삭일마다 일어나는 것은 아니다.",exact,术语在线,天文学 · 天体力学 · 2024,Astronomy · Celestial Mechanics · 2024
90,5,五 · 朔望・月相・交食,五 · 朔望・月相・交食,"5 · Phases, conjunctions and eclipses",五 · 朔望・月相・交食,5 · 삭망·월상·교식,月食,月食,lunar eclipse,月食,월식(月食),天象类 · 日月食,天象類 · 日月食,Celestial phenomena · eclipses,天象 · 日食・月食,천상 현상 · 일식・월식,地球的影子遮住月亮。只在望日可能发生。,地球的影子遮住月亮。只在望日可能發生。,The earth’s shadow covering the moon. Possible only at full moon.,地球の影が月を遮ること。望日にのみ起こりうる。,지구의 그림자가 달을 가리는 것. 망일에만 일어날 수 있다.,exact,术语在线,天文学 · 天体力学 · 2024,Astronomy · Celestial Mechanics · 2024
91,5,五 · 朔望・月相・交食,五 · 朔望・月相・交食,"5 · Phases, conjunctions and eclipses",五 · 朔望・月相・交食,5 · 삭망·월상·교식,入交,入交,entry into the node,入交,입교,天象类 · 日月食,天象類 · 日月食,Celestial phenomena · eclipses,天象 · 日食・月食,천상 현상 · 일식・월식,日月行至黄白两道交点附近。历法先算入交时刻与交分，才判断是否发生交食。,日月行至黃白兩道交點附近。曆法先算入交時刻與交分，才判斷是否發生交食。,"The sun and moon coming near the nodes where the two paths cross. Calendars first reckoned this, then judged whether an eclipse would follow.",日月が黄白両道の交点の付近に至ること。暦法はまず入交の時刻と交分を算してから、交食が起こるかどうかを判断する。,일월이 황백 두 길의 교점 부근에 이르는 것. 역법은 먼저 입교의 시각과 교분을 산한 뒤에 교식이 일어나는지를 판단한다.,none,,,
92,5,五 · 朔望・月相・交食,五 · 朔望・月相・交食,"5 · Phases, conjunctions and eclipses",五 · 朔望・月相・交食,5 · 삭망·월상·교식,食分,食分,magnitude of an eclipse,食分,식분,天象类 · 日月食,天象類 · 日月食,Celestial phenomena · eclipses,天象 · 日食・月食,천상 현상 · 일식・월식,交食时被遮去的部分，以分数表示。食分的大小由历法推算，再与所见的相参验。,交食時被遮去的部分，以分數表示。食分的大小由曆法推算，再與所見的相參驗。,"The fraction of the disc obscured, expressed as a fraction. It was computed and then compared with what was seen.",交食の際に遮られた部分を分数で表したもの。食分の大小は暦法が推算し、さらに目に見たものと参験する。,"교식 때 가려진 부분을 분수로 나타낸 것. 식분의 크기는 역법이 추산하고, 다시 눈으로 본 것과 함께 참험한다.",exact,术语在线,天文学 · 天体力学 · 2024,Astronomy · Celestial Mechanics · 2024
93,6,六 · 星空・坐标・测量,六 · 星空・座標・測量,6 · The sky and its coordinates,六 · 星空・座標・測量,6 · 별하늘·좌표·측량,黄道,黃道,ecliptic,黄道,황도(黃道),天文基础 · 坐标,天文基礎 · 座標,Fundamentals · coordinates,天文基礎 · 座標,천문 기초 · 좌표,太阳一年在恒星之间走过的那条路。节气就刻在这条路上。,太陽一年在恆星之間走過的那條路。節氣就刻在這條路上。,The path the sun traces among the stars in a year. The solar terms are marked on it.,太陽が一年のうちに恒星の間を歩いて行くその道。節気はこの道に刻まれている。,태양이 한 해 동안 항성(恒星) 사이를 걸어가는 그 길. 절기(節氣)는 이 길에 새겨져 있다.,exact,术语在线,天文学 · 天体测量学 · 2024,Astronomy · Astrometry · 2024
94,6,六 · 星空・坐标・测量,六 · 星空・座標・測量,6 · The sky and its coordinates,六 · 星空・座標・測量,6 · 별하늘·좌표·측량,白道,白道,lunar path,白道,백도,天文基础 · 坐标,天文基礎 · 座標,Fundamentals · coordinates,天文基礎 · 座標,천문 기초 · 좌표,月亮运行的轨道。它与黄道之间有一个约五度的夹角，所以并非每次朔望都有食。,月亮運行的軌道。它與黃道之間有一個約五度的夾角，所以並非每次朔望都有食。,"The moon’s orbit. It is inclined about five degrees to the ecliptic, which is why not every new or full moon brings an eclipse.",月の運行の軌道。黄道との間に約五度の夾角があるため、朔望のたびに食があるわけではない。,달이 운행하는 궤도. 황도(黃道)와의 사이에 약 5도의 끼인각이 있어 삭망마다 식이 있는 것은 아니다.,exact,术语在线,天文学 · 天体测量学 · 2024,Astronomy · Astrometry · 2024
95,6,六 · 星空・坐标・测量,六 · 星空・座標・測量,6 · The sky and its coordinates,六 · 星空・座標・測量,6 · 별하늘·좌표·측량,赤道,赤道,celestial equator,赤道,적도,天文基础 · 坐标,天文基礎 · 座標,Fundamentals · coordinates,天文基礎 · 座標,천문 기초 · 좌표,把地球赤道面延伸到天球上所得的大圆。与黄道相交于春分、秋分两点。,把地球赤道面延伸到天球上所得的大圓。與黃道相交於春分、秋分兩點。,The great circle obtained by extending the earth’s equator onto the sphere. It meets the ecliptic at the equinoxes.,地球の赤道面を天球に延ばして得られる大円。黄道と春分・秋分の二点で交わる。,지구의 적도면을 천구로 연장하여 얻어지는 대원. 황도(黃道)와 춘분·추분 두 점에서 만난다.,exact,术语在线,天文学 · 天体测量学 · 2024,Astronomy · Astrometry · 2024
96,6,六 · 星空・坐标・测量,六 · 星空・座標・測量,6 · The sky and its coordinates,六 · 星空・座標・測量,6 · 별하늘·좌표·측량,黄赤交角,黃赤交角,obliquity of the ecliptic,黄赤交角,황적교각,天文基础 · 坐标,天文基礎 · 座標,Fundamentals · coordinates,天文基礎 · 座標,천문 기초 · 좌표,黄道与赤道之间的夹角，约二十三度半。战国石申已有测量，后世历法多以它为常数。,黃道與赤道之間的夾角，約二十三度半。戰國石申已有測量，後世曆法多以它為常數。,"The angle between the ecliptic and the equator, about 23.5 degrees. Measured already by Shi Shen, and long carried as a constant.",黄道と赤道の間の夾角。約二十三度半。戦国の石申すでに測定があり、後世の暦法は多くこれを常数とした。,"황도(黃道)와 적도 사이의 끼인각. 약 23도 반. 전국시대 석신이 이미 측정이 있었고, 후세 역법은 대개 이를 상수로 삼았다.",exact,术语在线,天文学 · 天体测量学 · 2024,Astronomy · Astrometry · 2024
97,6,六 · 星空・坐标・测量,六 · 星空・座標・測量,6 · The sky and its coordinates,六 · 星空・座標・測量,6 · 별하늘·좌표·측량,三垣,三垣,the Three Enclosures,三垣,삼원,星宿与星官 · 三垣,星宿與星官 · 三垣,Mansions and star officials · the three enclosures,星宿と星官 · 三垣,성수와 성관 · 삼원,紫微垣、太微垣、天市垣，中国古代对北天中央一带的三片划分。,紫微垣、太微垣、天市垣，中國古代對北天中央一帶的三片劃分。,"Purple Forbidden, Supreme Palace and Heavenly Market: the three divisions of the central northern sky.",紫微垣・太微垣・天市垣。中国古代の北天中央一带に対する三つの区画。,자미원·태미원·천시원. 중국 고대의 북쪽 하늘 중앙 일대에 대한 세 구획.,exact,术语在线,天文学 · 天文学史 · 2024,Astronomy · History of Astronomy · 2024
98,6,六 · 星空・坐标・测量,六 · 星空・座標・測量,6 · The sky and its coordinates,六 · 星空・座標・測量,6 · 별하늘·좌표·측량,二十八宿,二十八宿,the Twenty-Eight Mansions,二十八宿,이십팔수(二十八宿),星宿与星官 · 二十八宿,星宿與星官 · 二十八宿,Mansions and star officials · the twenty-eight mansions,星宿と星官 · 二十八宿,성수와 성관 · 이십팔수,沿黄道赤道一带划分的二十八个星区，用作量天的刻度。宿名现存最早的实物证据之一，是曾侯乙墓出土漆木箱上的题记。,沿黃道赤道一帶劃分的二十八個星區，用作量天的刻度。宿名現存最早的實物證據之一，是曾侯乙墓出土漆木箱上的題記。,"Twenty-eight star regions spread along the ecliptic and equator, used as a scale for the sky. One of the earliest material witnesses to the names is the inscription on a lacquered chest from the tomb of Marquis Yi of Zeng.",黄道赤道に沿って分けた二十八の星区。天を量る目盛りとして用いる。宿名の現存最古の実物証拠の一つは、曾侯乙墓出土の漆木箱の題記である。,황도(黃道)·적도를 따라 나눈 스물여덟 성구. 하늘을 재는 눈금으로 쓴다. 수명의 현존 최고(最古) 실물 증거의 하나는 증후을묘에서 출토된 칠목함의 제기이다.,exact,术语在线,天文学 · 天文学史 · 2024,Astronomy · History of Astronomy · 2024
99,6,六 · 星空・坐标・测量,六 · 星空・座標・測量,6 · The sky and its coordinates,六 · 星空・座標・測量,6 · 별하늘·좌표·측량,距星,距星,determinative star,距星,거성,星宿与星官 · 二十八宿,星宿與星官 · 二十八宿,Mansions and star officials · the twenty-eight mansions,星宿と星官 · 二十八宿,성수와 성관 · 이십팔수,每一宿里用来标定该宿位置的标志星。历代所定不尽相同。,每一宿裡用來標定該宿位置的標誌星。歷代所定不盡相同。,The marker star that fixes a mansion’s position. Which star serves has not been constant.,各宿のうち、その宿の位置を標定するための標識星。歴代に定めるところは同じでない。,각 수 가운데 그 수의 위치를 표정하기 위한 표지별. 역대에 정한 바가 같지 않다.,exact,术语在线,天文学 · 天文学史 · 2024,Astronomy · History of Astronomy · 2024
100,6,六 · 星空・坐标・测量,六 · 星空・座標・測量,6 · The sky and its coordinates,六 · 星空・座標・測量,6 · 별하늘·좌표·측량,距度,距度,extent of a mansion,距度,거도,星宿与星官 · 二十八宿,星宿與星官 · 二十八宿,Mansions and star officials · the twenty-eight mansions,星宿と星官 · 二十八宿,성수와 성관 · 이십팔수,相邻两宿距星之间的赤经差，即这一宿的宽度。二十八宿宽窄极不均，正因如此才须逐宿记度。,相鄰兩宿距星之間的赤經差，即這一宿的寬度。二十八宿寬窄極不均，正因如此才須逐宿記度。,"The right-ascension difference between a mansion’s determinative star and the next one — the mansion’s width. The widths are very uneven, which is why each must be recorded.",隣り合う二宿の距星の間の赤経差。すなわちその宿の幅。二十八宿の広狭は極めて不均等であり、まさにそのために宿ごとに度を記さねばならなかった。,"이웃한 두 수의 거성 사이의 적경차. 곧 그 수의 너비. 이십팔수(二十八宿)의 넓고 좁음은 매우 고르지 않아, 바로 그 때문에 수마다 도를 기록해야 했다.",exact,术语在线,天文学 · 天文学史 · 2024,Astronomy · History of Astronomy · 2024
101,6,六 · 星空・坐标・测量,六 · 星空・座標・測量,6 · The sky and its coordinates,六 · 星空・座標・測量,6 · 별하늘·좌표·측량,去极度,去極度,polar distance,去極度,거극도,天文基础 · 坐标,天文基礎 · 座標,Fundamentals · coordinates,天文基礎 · 座標,천문 기초 · 좌표,天体到北天极的角距离，相当于今日的九十度减赤纬。中国古代用它与入宿度合起来定一颗星的位置。,天體到北天極的角距離，相當於今日的九十度減赤緯。中國古代用它與入宿度合起來定一顆星的位置。,A body’s angular distance from the north pole — ninety degrees minus the declination. With the mansion entry it fixed a star’s place.,天体から北天極までの角距離。今日の九十度から赤緯を減じたものに相当する。中国古代はこれと入宿度を合わせて一つの星の位置を定めた。,천체에서 북천극까지의 각거리. 오늘의 90도에서 적위를 뺀 것에 해당한다. 중국 고대는 이것과 입수(入宿)도를 합쳐 한 별의 위치를 정했다.,exact,术语在线,天文学 · 天文学史 · 2024,Astronomy · History of Astronomy · 2024
102,6,六 · 星空・坐标・测量,六 · 星空・座標・測量,6 · The sky and its coordinates,六 · 星空・座標・測量,6 · 별하늘·좌표·측량,入宿度,入宿度,mansion entry,入宿度,입수(入宿)도,天文基础 · 坐标,天文基礎 · 座標,Fundamentals · coordinates,天文基礎 · 座標,천문 기초 · 좌표,天体距其西侧第一颗距星的赤经差。中国的赤道坐标以二十八宿距星为起算点，起点不是一个而是二十八个。,天體距其西側第一顆距星的赤經差。中國的赤道座標以二十八宿距星為起算點，起點不是一個而是二十八個。,"A body’s right-ascension difference from the determinative star to its west. The Chinese equatorial system had twenty-eight starting points, not one.",天体がその西側の第一の距星から隔たる赤経差。中国の赤道座標は二十八宿の距星を起算点とし、起点は一つではなく二十八ある。,"천체가 그 서쪽 첫 거성에서 떨어진 적경차. 중국의 적도 좌표는 이십팔수(二十八宿)의 거성을 기산점으로 하며, 기점은 하나가 아니라 스물여덟이다.",exact,术语在线,天文学 · 天文学史 · 2024,Astronomy · History of Astronomy · 2024
103,6,六 · 星空・坐标・测量,六 · 星空・座標・測量,6 · The sky and its coordinates,六 · 星空・座標・測量,6 · 별하늘·좌표·측량,四象,四象,the Four Images,四象,사상,星宿与星官 · 二十八宿,星宿與星官 · 二十八宿,Mansions and star officials · the twenty-eight mansions,星宿と星官 · 二十八宿,성수와 성관 · 이십팔수,青龙、白虎、朱雀、玄武，与二十八宿分属东、西、南、北四方。,青龍、白虎、朱雀、玄武，與二十八宿分屬東、西、南、北四方。,"Azure Dragon, White Tiger, Vermilion Bird and Dark Warrior — the four quarters to which the mansions are assigned.",青龍・白虎・朱雀・玄武。二十八宿とともに東・西・南・北の四方に分属する。,청룡·백호·주작·현무. 이십팔수(二十八宿)와 함께 동·서·남·북 사방에 분속된다.,exact,术语在线,天文学 · 天文学史 · 2024,Astronomy · History of Astronomy · 2024
104,6,六 · 星空・坐标・测量,六 · 星空・座標・測量,6 · The sky and its coordinates,六 · 星空・座標・測量,6 · 별하늘·좌표·측량,岁差,歲差,Precession of the Equinoxes,歳差,세차(歲差),天文基础 · 坐标,天文基礎 · 座標,Fundamentals · coordinates,天文基礎 · 座標,천문 기초 · 좌표,地球自转轴的缓慢进动，使春分点沿黄道缓慢西退。《大明历》首次把它引入历法。,地球自轉軸的緩慢進動，使春分點沿黃道緩慢西退。《大明曆》首次把它引入曆法。,"The slow wobble of the earth’s axis, which carries the equinox westward along the ecliptic. The Daming Calendar was the first to allow for it.",地球の自転軸の緩やかな歳差運動。春分点を黄道に沿って緩やかに西へ退かせる。『大明暦』が初めてこれを暦法に導入した。,지구 자전축의 느린 세차(歲差) 운동. 춘분점을 황도(黃道)를 따라 천천히 서쪽으로 물러나게 한다. 『대명력』이 처음으로 이를 역법에 도입했다.,exact,术语在线,天文学 · 天体测量学 · 2024,Astronomy · Astrometry · 2024
105,6,六 · 星空・坐标・测量,六 · 星空・座標・測量,6 · The sky and its coordinates,六 · 星空・座標・測量,6 · 별하늘·좌표·측량,中星,中星,culminating star,中星,중성,天文基础 · 坐标,天文基礎 · 座標,Fundamentals · coordinates,天文基礎 · 座標,천문 기초 · 좌표,黄昏或拂晓时正南方的星。上古以「昏见」「旦中」的星定季节，是节气之前的季节标尺。,黃昏或拂曉時正南方的星。上古以「昏見」「旦中」的星定季節，是節氣之前的季節標尺。,The star due south at dusk or dawn. High antiquity fixed the seasons by which star culminated — the scale that preceded the solar terms.,夕暮れあるいは夜明けに真南にある星。上古は「昏見」「旦中」の星によって季節を定め、これは節気以前の季節の物差しであった。,"황혼이나 새벽에 정남에 있는 별. 상고에는 「혼견」「단중」의 별로 계절을 정했고, 이는 절기(節氣) 이전의 계절 자였다.",none,,,
106,6,六 · 星空・坐标・测量,六 · 星空・座標・測量,6 · The sky and its coordinates,六 · 星空・座標・測量,6 · 별하늘·좌표·측량,昏旦中星,昏旦中星,the culminating star at dusk and dawn,昏旦中星,혼단중성,天文基础 · 坐标,天文基礎 · 座標,Fundamentals · coordinates,天文基礎 · 座標,천문 기초 · 좌표,历书中逐月列出的黄昏、拂晓中星。自《尚书·尧典》的四仲中星起，历代历法都载此项。,曆書中逐月列出的黃昏、拂曉中星。自《尚書·堯典》的四仲中星起，歷代曆法都載此項。,"The culminating stars for dusk and dawn, given month by month. From the four mid-season stars of the “Yao Dian” onward, calendars carried them.",暦書に月ごとに列される夕暮れ・夜明けの中星。『尚書・堯典』の四仲中星以来、歴代の暦法がいずれもこの項を載せる。,역서(曆書)에 달마다 열거되는 황혼·새벽의 중성. 『상서·요전』의 사중중성 이래 역대 역법이 모두 이 항목을 싣는다.,none,,,
107,6,六 · 星空・坐标・测量,六 · 星空・座標・測量,6 · The sky and its coordinates,六 · 星空・座標・測量,6 · 별하늘·좌표·측량,日躔,日躔,the sun’s course,日躔,일전,天文基础 · 坐标,天文基礎 · 座標,Fundamentals · coordinates,天文基礎 · 座標,천문 기초 · 좌표,太阳在恒星间的位置与行度。历法按节气列出太阳的入宿度与去极度，称为日躔表。,太陽在恆星間的位置與行度。曆法按節氣列出太陽的入宿度與去極度，稱為日躔表。,The sun’s place and motion among the stars. Calendars listed its mansion entry and polar distance term by term.,太陽の恒星間における位置と行度。暦法は節気に従って太陽の入宿度と去極度を列し、これを日躔表という。,"태양의 항성(恒星) 사이에서의 위치와 행도. 역법은 절기(節氣)에 따라 태양의 입수(入宿)도와 거극도를 열거하며, 이를 일전표라 한다.",exact,术语在线,天文学 · 天文学史 · 2024,Astronomy · History of Astronomy · 2024
108,6,六 · 星空・坐标・测量,六 · 星空・座標・測量,6 · The sky and its coordinates,六 · 星空・座標・測量,6 · 별하늘·좌표·측량,昏见・晨见,昏見・晨見,heliacal rising and setting,昏見・晨見,혼견·신견,天象类 · 特殊天象,天象類 · 特殊天象,Celestial phenomena · other phenomena,天象 · 特殊な天象,천상 현상 · 특수 천상,某星于黄昏初现东方或拂晓初现东方。上古物候与月令多以它为节令标记。,某星於黃昏初現東方或拂曉初現東方。上古物候與月令多以它為節令標記。,A star’s first appearance at dusk or at dawn. The old monthly ordinances used it to mark the seasons.,ある星が夕暮れに初めて東方に現れること、または夜明けに初めて東方に現れること。上古の物候と月令は多くこれを節令の標識とした。,"어떤 별이 황혼에 처음 동쪽에 나타나는 것, 또는 새벽에 처음 동쪽에 나타나는 것. 상고의 물후와 월령은 대개 이를 절령의 표지로 삼았다.",none,,,
109,6,六 · 星空・坐标・测量,六 · 星空・座標・測量,6 · The sky and its coordinates,六 · 星空・座標・測量,6 · 별하늘·좌표·측량,度,度,degree,度,도,天文基础 · 坐标,天文基礎 · 座標,Fundamentals · coordinates,天文基礎 · 座標,천문 기초 · 좌표,周天分为三百六十五度又四分度之一，与一年的日数相配，故太阳一日恰行一度。这与今日圆周三百六十度不同。,周天分為三百六十五度又四分度之一，與一年的日數相配，故太陽一日恰行一度。這與今日圓周三百六十度不同。,"The circle is divided into 365¼ degrees, matching the days of the year, so that the sun moves one degree a day — unlike the modern 360.",周天を三百六十五度と四分度の一に分け、一年の日数と相配するので、太陽は一日ちょうど一度行く。これは今日の円周三百六十度とは異なる。,"주천을 365도와 4분의 1도로 나누어 한 해의 일수와 짝지으므로, 태양은 하루에 꼭 1도를 간다. 이는 오늘의 원주 360도와 다르다.",none,,,
110,6,六 · 星空・坐标・测量,六 · 星空・座標・測量,6 · The sky and its coordinates,六 · 星空・座標・測量,6 · 별하늘·좌표·측량,分,分,subdivisions of a degree,分,분,天文基础 · 坐标,天文基礎 · 座標,Fundamentals · coordinates,天文基礎 · 座標,천문 기초 · 좌표,度以下的单位，各历取法不同，或分百、或分千、或分万，与日法一样是各立其数。,度以下的單位，各曆取法不同，或分百、或分千、或分萬，與日法一樣是各立其數。,"The subunits of a degree. Some calendars divided by a hundred, some by a thousand, some by ten thousand — each set its own figure, as with the day divisor.",度より下の単位。各暦で取り方が異なり、百に分けるもの、千に分けるもの、万に分けるものがあり、日法と同じく各々その数を立てる。,"도 아래의 단위. 각 역마다 취하는 방식이 달라 백으로 나누기도, 천으로 나누기도, 만으로 나누기도 하며, 일법과 마찬가지로 각각 그 수를 세운다.",none,,,
111,6,六 · 星空・坐标・测量,六 · 星空・座標・測量,6 · The sky and its coordinates,六 · 星空・座標・測量,6 · 별하늘·좌표·측량,子午,子午,the meridian,子午,자오,天文基础 · 坐标,天文基礎 · 座標,Fundamentals · coordinates,天文基礎 · 座標,천문 기초 · 좌표,过天顶的南北大圆。测影定方向的「正南正北线」即子午线，历法上的一切时刻都以过中天为准。,過天頂的南北大圓。測影定方向的「正南正北線」即子午線，曆法上的一切時刻都以過中天為準。,"The great circle through the zenith from north to south. The north-south line laid down in shadow-measurement is the meridian, and all times are taken as a body crosses it.",天頂を通る南北の大円。影を測って方向を定める「正南正北線」すなわち子午線であり、暦法上の一切の時刻は南中を過ぎることを基準とする。,"천정을 지나는 남북의 대원. 그림자를 재어 방향을 정하는 「정남정북선」 곧 자오선이며, 역법상의 모든 시각은 남중을 지나는 것을 기준으로 한다.",exact,术语在线,天文学 · 2013,Astronomy · 2013
112,6,六 · 星空・坐标・测量,六 · 星空・座標・測量,6 · The sky and its coordinates,六 · 星空・座標・測量,6 · 별하늘·좌표·측량,地平,地平,the horizon,地平,지평,天文基础 · 坐标,天文基礎 · 座標,Fundamentals · coordinates,天文基礎 · 座標,천문 기초 · 좌표,观测者所见的地面与天球的交线。日出于地平为旦，没于地平为昏。,觀測者所見的地面與天球的交線。日出於地平為旦，沒於地平為昏。,"Where the observer’s ground meets the sphere. Sunrise above it is dawn, sunset below it dusk.",観測者の見る地面と天球の交線。日が地平に出るを旦、地平に没するを昏という。,"관측자가 보는 지면과 천구의 교선. 해가 지평에 나오는 것을 단, 지평에 지는 것을 혼이라 한다.",none,,,
113,6,六 · 星空・坐标・测量,六 · 星空・座標・測量,6 · The sky and its coordinates,六 · 星空・座標・測量,6 · 별하늘·좌표·측량,恒星,恆星,fixed star,恒星,항성(恒星),天文基础 · 天体,天文基礎 · 天體,Fundamentals · celestial bodies,天文基礎 · 天体,천문 기초 · 천체,位置长期不变的星，与行星相对。二十八宿的距星与三垣的星官都是恒星，古人测天即以它们为背景。,位置長期不變的星，與行星相對。二十八宿的距星與三垣的星官都是恆星，古人測天即以它們為背景。,"A star whose place holds steady, as against a planet. The determinative stars of the mansions and the officials of the enclosures are all fixed stars, and the sky was measured against them.",位置が長く変わらない星。惑星に対する。二十八宿の距星と三垣の星官はいずれも恒星であり、古人の測天はこれらを背景とした。,"위치가 오래 변하지 않는 별. 행성에 대한 것. 이십팔수(二十八宿)의 거성과 삼원의 성관은 모두 항성(恒星)이며, 옛사람의 측천은 이것을 배경으로 삼았다.",exact,术语在线,天文学 · 恒星和银河系 · 2024,Astronomy · 恒星和银河系 · 2024
114,6,六 · 星空・坐标・测量,六 · 星空・座標・測量,6 · The sky and its coordinates,六 · 星空・座標・測量,6 · 별하늘·좌표·측량,行星,行星,planet,惑星,행성,天文基础 · 天体,天文基礎 · 天體,Fundamentals · celestial bodies,天文基礎 · 天体,천문 기초 · 천체,沿黄道一带运行、位置逐月移动的星体。肉眼能见的只有五颗，古人称五星或五纬；「行星」是后起的通名。,沿黃道一帶運行、位置逐月移動的星體。肉眼能見的只有五顆，古人稱五星或五緯；「行星」是後起的通名。,A body moving along the ecliptic and shifting its place from month to month. Only five are visible to the naked eye; the word itself is a later general name.,黄道の一带に沿って運行し、位置が月ごとに移る星体。肉眼で見えるものは五つだけで、古人は五星または五緯と呼んだ。「惑星」は後代の通名である。,"황도(黃道) 일대를 따라 운행하며 위치가 달마다 옮겨 가는 천체. 육안으로 보이는 것은 다섯뿐이고, 옛사람은 오성 또는 오위라 불렀다. 「행성」은 뒤에 생긴 통칭이다.",exact,术语在线,天文学 · 太阳系 · 2024,Astronomy · 太阳系 · 2024
115,6,六 · 星空・坐标・测量,六 · 星空・座標・測量,6 · The sky and its coordinates,六 · 星空・座標・測量,6 · 별하늘·좌표·측량,星等,星等,magnitude,星等,성등,天文基础 · 星等,天文基礎 · 星等,Fundamentals · magnitudes,天文基礎 · 等級,천문 기초 · 등급,表示天体明暗的等级，数越小者越亮。中国古代只记星之大小与颜色，此制明末随西学传入，《崇祯历书》的恒星表已用它分等。,表示天體明暗的等級，數越小者越亮。中國古代只記星之大小與顏色，此制明末隨西學傳入，《崇禎曆書》的恆星表已用它分等。,"A scale of brightness, the smaller number the brighter. Old Chinese catalogues recorded only a star’s size and colour; the scale came in with Western learning in the late Ming.",天体の明暗を表す等級。数が小さいほど明るい。中国古代はただ星の大小と色を記すのみで、この制は明末に西学とともに伝わり、『崇禎暦書』の恒星表はすでにこれを用いて等級を分けている。,"천체의 밝고 어두움을 나타내는 등급. 수가 작을수록 밝다. 중국 고대는 다만 별의 대소와 색을 기록했을 뿐이고, 이 제도는 명말에 서학과 함께 전래되어 『숭정역서』의 항성(恒星)표가 이미 이것으로 등급을 나누었다.",exact,术语在线,天文学 · 天文学 · 2024,Astronomy · Astronomy · 2024
116,6,六 · 星空・坐标・测量,六 · 星空・座標・測量,6 · The sky and its coordinates,六 · 星空・座標・測量,6 · 별하늘·좌표·측량,视星等,視星等,apparent magnitude,視等級,겉보기등급,天文基础 · 星等,天文基礎 · 星等,Fundamentals · magnitudes,天文基礎 · 等級,천문 기초 · 등급,从地上看去的亮度分级，未扣除远近的因素。肉眼刚能看见的星，约为六等。,從地上看去的亮度分級，未扣除遠近的因素。肉眼剛能看見的星，約為六等。,"Brightness as seen from the earth, with no allowance for distance. The faintest star the naked eye can catch is about the sixth magnitude.",地上から見た明るさの等級。遠近の要素を差し引いていない。肉眼でようやく見える星はおよそ六等である。,땅에서 본 밝기의 등급. 멀고 가까운 요소를 빼지 않았다. 육안으로 겨우 보이는 별은 대략 6등급이다.,exact,术语在线,天文学 · 天文学 · 2024,Astronomy · Astronomy · 2024
117,6,六 · 星空・坐标・测量,六 · 星空・座標・測量,6 · The sky and its coordinates,六 · 星空・座標・測量,6 · 별하늘·좌표·측량,绝对星等,絕對星等,absolute magnitude,絶対等級,절대등급,天文基础 · 星等,天文基礎 · 星等,Fundamentals · magnitudes,天文基礎 · 等級,천문 기초 · 등급,设想把各星放在同一距离上比较所得的等级。视星等是「看上去多亮」，绝对星等是「本来多亮」。,設想把各星放在同一距離上比較所得的等級。視星等是「看上去多亮」，絕對星等是「本來多亮」。,"The magnitude a star would show if all were set at one distance. Apparent magnitude is how bright it looks; absolute, how bright it is.",各星を同一の距離に置いて比較して得られる等級。視等級は「どれだけ明るく見えるか」、絶対等級は「本来どれだけ明るいか」である。,"각 별을 같은 거리에 두고 비교하여 얻는 등급. 겉보기등급은 「얼마나 밝게 보이는가」, 절대등급은 「본래 얼마나 밝은가」이다.",exact,术语在线,天文学 · 天文学 · 2024,Astronomy · Astronomy · 2024
118,7,七 · 仪器・星官・星图,七 · 儀器・星官・星圖,"7 · Instruments, star officials and charts",七 · 儀器・星官・星図,7 · 기기·성관·성도,浑仪,渾儀,armillary sphere,渾儀,혼의,律历制度 · 观测方法,律曆制度 · 觀測方法,Institutions · observational methods,律暦制度 · 観測方法,율력 제도 · 관측 방법,由若干同心圆环组成的测天仪器，用来量天体的入宿度与去极度。,由若干同心圓環組成的測天儀器，用來量天體的入宿度與去極度。,An instrument of concentric rings for measuring a body’s position among the mansions and its distance from the pole.,若干の同心の円環からなる測天の器械。天体の入宿度と去極度を量るのに用いる。,여러 동심 원환으로 이루어진 측천 기구. 천체의 입수(入宿)도와 거극도를 재는 데 쓴다.,exact,术语在线,天文学 · 天文学史 · 2024,Astronomy · History of Astronomy · 2024
119,7,七 · 仪器・星官・星图,七 · 儀器・星官・星圖,"7 · Instruments, star officials and charts",七 · 儀器・星官・星図,7 · 기기·성관·성도,浑象,渾象,celestial globe,渾象,혼상,律历制度 · 观测方法,律曆制度 · 觀測方法,Institutions · observational methods,律暦制度 · 観測方法,율력 제도 · 관측 방법,演示天球运转的仪器，球面上刻着星宿。浑仪是量天的，浑象是演天的。,演示天球運轉的儀器，球面上刻著星宿。渾儀是量天的，渾象是演天的。,"An instrument showing the turning sphere, with the mansions marked on it. The armillary measures the sky; the globe demonstrates it.",天球の運行を演示する器械。球面に星宿を刻む。渾儀は天を量るもので、渾象は天を演ずるものである。,천구의 운행을 시연하는 기구. 구면에 성수를 새긴다. 혼의는 하늘을 재는 것이고 혼상은 하늘을 펼쳐 보이는 것이다.,exact,术语在线,天文学 · 天文学史 · 2024,Astronomy · History of Astronomy · 2024
120,7,七 · 仪器・星官・星图,七 · 儀器・星官・星圖,"7 · Instruments, star officials and charts",七 · 儀器・星官・星図,7 · 기기·성관·성도,圭表,圭表,gnomon and shadow-measurer,圭表,규표,律历制度 · 观测方法,律曆制度 · 觀測方法,Institutions · observational methods,律暦制度 · 観測方法,율력 제도 · 관측 방법,立表测影的器具，用来定冬至与回归年长度。影最长的那一天是冬至。,立表測影的器具，用來定冬至與回歸年長度。影最長的那一天是冬至。,"A post and a graduated scale for measuring the noon shadow, used to fix the winter solstice and the length of the year.",表を立てて影を測る器具。冬至と回帰年の長さを定めるのに用いる。影が最も長いその日が冬至である。,막대를 세워 그림자를 재는 기구. 동지와 회귀년(回歸年)의 길이를 정하는 데 쓴다. 그림자가 가장 긴 그날이 동지이다.,exact,术语在线,天文学 · 天文学史 · 2024,Astronomy · History of Astronomy · 2024
121,7,七 · 仪器・星官・星图,七 · 儀器・星官・星圖,"7 · Instruments, star officials and charts",七 · 儀器・星官・星図,7 · 기기·성관·성도,晷影,晷影,the shadow cast,晷影,귀영,律历制度 · 观测方法,律曆制度 · 觀測方法,Institutions · observational methods,律暦制度 · 観測方法,율력 제도 · 관측 방법,表所投下的日影长度。冬至影最长、夏至影最短，由影长定二至，是定回归年的基础。,表所投下的日影長度。冬至影最長、夏至影最短，由影長定二至，是定回歸年的基礎。,"The length of the shadow cast by the gnomon. Longest at the winter solstice, shortest at the summer: it fixed the solstices and so the length of the year.",表の投げる日影の長さ。冬至の影は最も長く、夏至の影は最も短い。影長によって二至を定めることは、回帰年を定める基礎である。,표가 드리우는 해 그림자의 길이. 동지 그림자는 가장 길고 하지 그림자는 가장 짧다. 영장으로 이지를 정하는 것은 회귀년을 정하는 기초이다.,none,,,
122,7,七 · 仪器・星官・星图,七 · 儀器・星官・星圖,"7 · Instruments, star officials and charts",七 · 儀器・星官・星図,7 · 기기·성관·성도,日晷,日晷,sundial,日時計,해시계,律历制度 · 观测方法,律曆制度 · 觀測方法,Institutions · observational methods,律暦制度 · 観測方法,율력 제도 · 관측 방법,以晷针的影子在盘面上的方位指示时刻的器具。圭表算影的长短以定节气，日晷算影的方位以定时刻。,以晷針的影子在盤面上的方位指示時刻的器具。圭表算影的長短以定節氣，日晷算影的方位以定時刻。,An instrument whose pointer’s shadow shows the hour by its direction on a dial. The gnomon measures the shadow’s length for the seasons; the sundial measures its bearing for the hour.,晷針の影が盤面に示す方位によって時刻を指す器具。圭表は影の長短を算して節気を定め、日時計は影の方位を算して時刻を定める。,"영침의 그림자가 반면에 나타내는 방위로 시각을 가리키는 기구. 규표는 그림자의 장단을 셈하여 절기(節氣)를 정하고, 해시계는 그림자의 방위를 셈하여 시각을 정한다.",exact,术语在线,天文学 · 天文学史 · 2024,Astronomy · History of Astronomy · 2024
123,7,七 · 仪器・星官・星图,七 · 儀器・星官・星圖,"7 · Instruments, star officials and charts",七 · 儀器・星官・星図,7 · 기기·성관·성도,星官,星官,star official,星官,성관,星宿与星官 · 星官,星宿與星官 · 星官,Mansions and star officials · star officials,星宿と星官 · 星官,성수와 성관 · 성관,中国古代对星的划分单位：若干相邻的星编为一官，各给名称。与西洋星座相似而分法不同。,中國古代對星的劃分單位：若干相鄰的星編為一官，各給名稱。與西洋星座相似而分法不同。,"The Chinese unit of star grouping: a few neighbours are formed into one “official” and given a name. Like a constellation, but divided differently.",中国古代の星の区画単位。隣り合う若干の星を一官に編み、各々名称を与える。西洋の星座に似るが分け方が異なる。,중국 고대의 별 구획 단위. 이웃한 여러 별을 한 관으로 묶고 각각 명칭을 준다. 서양의 별자리와 비슷하나 나누는 방식이 다르다.,exact,术语在线,天文学 · 天文学史 · 2024,Astronomy · History of Astronomy · 2024
124,7,七 · 仪器・星官・星图,七 · 儀器・星官・星圖,"7 · Instruments, star officials and charts",七 · 儀器・星官・星図,7 · 기기·성관·성도,中官／五宫,中官／五宮,the central palace / the five palaces,中官／五宮,중관／오궁,星宿与星官 · 星官,星宿與星官 · 星官,Mansions and star officials · star officials,星宿と星官 · 星官,성수와 성관 · 성관,天区的划分法之一。《史记·天官书》分全天为中、东、南、西、北五宫，以中官为北极一带。,天區的劃分法之一。《史記·天官書》分全天為中、東、南、西、北五宮，以中官為北極一帶。,"One way of dividing the sky. The “Treatise on the Celestial Offices” makes five palaces — centre, east, south, west, north — the central one about the pole.",天区の分け方の一つ。『史記・天官書』は全天を中・東・南・西・北の五宮に分け、中官を北極の一带とした。,"천구를 나누는 방식의 하나. 『사기·천관서』는 온 하늘을 중·동·남·서·북 오궁으로 나누고, 중관을 북극 일대로 삼았다.",none,,,
125,7,七 · 仪器・星官・星图,七 · 儀器・星官・星圖,"7 · Instruments, star officials and charts",七 · 儀器・星官・星図,7 · 기기·성관·성도,三垣二十八宿,三垣二十八宿,the three enclosures and the twenty-eight mansions,三垣二十八宿,삼원이십팔수,星宿与星官 · 三垣,星宿與星官 · 三垣,Mansions and star officials · the three enclosures,星宿と星官 · 三垣,성수와 성관 · 삼원,隋唐以后通行的全天划分体制：三垣统北天中央，二十八宿环布四周，全部星官都收得进去。,隋唐以後通行的全天劃分體制：三垣統北天中央，二十八宿環布四周，全部星官都收得進去。,The scheme current from the Sui-Tang: the three enclosures about the north centre and the twenty-eight mansions around them take in every official.,隋唐以降に通行した全天の区画体制。三垣が北天中央を統べ、二十八宿が周囲に環布し、すべての星官がこれに収まる。,"수·당 이후 통용된 온 하늘의 구획 체제. 삼원이 북쪽 하늘 중앙을 통괄하고 이십팔수(二十八宿)가 사방에 둘려 있으며, 모든 성관이 여기에 들어간다.",none,,,
126,7,七 · 仪器・星官・星图,七 · 儀器・星官・星圖,"7 · Instruments, star officials and charts",七 · 儀器・星官・星図,7 · 기기·성관·성도,陈卓定纪,陳卓定紀,Chen Zhuo’s settlement,陳卓定紀,진탁정기,星宿与星官 · 星官,星宿與星官 · 星官,Mansions and star officials · star officials,星宿と星官 · 星官,성수와 성관 · 성관,三国吴太史令陈卓合石氏、甘氏、巫咸三家星官，定为二百八十三官、一千四百六十四星，后世星图星表均以此为准。,三國吳太史令陳卓合石氏、甘氏、巫咸三家星官，定為二百八十三官、一千四百六十四星，後世星圖星表均以此為準。,"The Grand Astrologer of Wu combined the star-lists of the three schools into 283 officials and 1,464 stars. Later charts and catalogues follow him.",三国呉の太史令陳卓が石氏・甘氏・巫咸の三家の星官を合わせ、二百八十三官・一千四百六十四星と定めた。後世の星図星表はいずれもこれを基準とする。,삼국 오의 태사령 진탁이 석씨·감씨·무함 세 집의 성관을 합쳐 283관·1464성으로 정했다. 후세의 성도·성표는 모두 이를 기준으로 삼는다.,none,,,
127,7,七 · 仪器・星官・星图,七 · 儀器・星官・星圖,"7 · Instruments, star officials and charts",七 · 儀器・星官・星図,7 · 기기·성관·성도,星图,星圖,star chart,星図,성도,星宿与星官 · 星官,星宿與星官 · 星官,Mansions and star officials · star officials,星宿と星官 · 星官,성수와 성관 · 성관,把星官按位置绘出的图。敦煌卷子中的唐代星图与苏州石刻天文图，是现存最重要的两件。,把星官按位置繪出的圖。敦煌卷子中的唐代星圖與蘇州石刻天文圖，是現存最重要的兩件。,A chart plotting the officials by position. The Tang chart in a Dunhuang manuscript and the Suzhou stone chart are the chief survivors.,星官を位置に従って描いた図。敦煌の巻子中の唐代星図と蘇州の石刻天文図は、現存する最も重要な二点である。,성관을 위치에 따라 그린 그림. 돈황 권자 가운데의 당대 성도와 쑤저우 석각천문도는 현존하는 가장 중요한 두 점이다.,exact,术语在线,天文学 · 天文学 · 2024,Astronomy · Astronomy · 2024
128,7,七 · 仪器・星官・星图,七 · 儀器・星官・星圖,"7 · Instruments, star officials and charts",七 · 儀器・星官・星図,7 · 기기·성관·성도,九野,九野,the nine fields,九野,구야,星宿与星官 · 星官,星宿與星官 · 星官,Mansions and star officials · star officials,星宿と星官 · 星官,성수와 성관 · 성관,《吕氏春秋·有始览》把天分为中央与八方共九野，各配若干星宿，是二十八宿之外的一种天区划分。,《呂氏春秋·有始覽》把天分為中央與八方共九野，各配若干星宿，是二十八宿之外的一種天區劃分。,"The “You Shi Lan” of the Lüshi Chunqiu divides the sky into nine fields, centre and eight directions, each with its mansions — a division beside the twenty-eight.",『呂氏春秋・有始覧』が天を中央と八方の九野に分かち、各々若干の星宿を配したもの。二十八宿以外の一つの天区区分である。,『여씨춘추·유시람』이 하늘을 중앙과 여덟 방위의 구야로 나누고 각각 여러 성수를 배당한 것. 이십팔수(二十八宿) 이외의 한 가지 천구 구획이다.,none,,,
129,7,七 · 仪器・星官・星图,七 · 儀器・星官・星圖,"7 · Instruments, star officials and charts",七 · 儀器・星官・星図,7 · 기기·성관·성도,禽星,禽星,animal star,禽星,금성,星宿与星官 · 星官,星宿與星官 · 星官,Mansions and star officials · star officials,星宿と星官 · 星官,성수와 성관 · 성관,二十八宿与七曜、动物相配而成的一套名目，多用于术数。它由星宿体系派生，与历法推算无关。,二十八宿與七曜、動物相配而成的一套名目，多用於術數。它由星宿體系派生，與曆法推算無關。,"Names pairing the mansions with the seven luminaries and with animals, chiefly used in the mantic arts. A derivative of the mansion system, not part of calendrical reckoning.",二十八宿を七曜・動物と組み合わせてできた一組の名目。多く術数に用いる。星宿体系から派生したもので、暦法推算とは関係がない。,이십팔수(二十八宿)를 칠요·동물과 짝지어 이루어진 한 벌의 명목. 주로 술수에 쓴다. 성수 체계에서 파생한 것이며 역법 추산과는 관계가 없다.,none,,,
130,7,七 · 仪器・星官・星图,七 · 儀器・星官・星圖,"7 · Instruments, star officials and charts",七 · 儀器・星官・星図,7 · 기기·성관·성도,灵台,靈臺,the numinous observatory,霊台,영대,律历制度 · 观测方法,律曆制度 · 觀測方法,Institutions · observational methods,律暦制度 · 観測方法,율력 제도 · 관측 방법,中国古代的天文台。周代把观测天象、奉神占星的场所称为灵台；汉代有灵台，属太史。,中國古代的天文臺。周代把觀測天象、奉神占星的場所稱為靈臺；漢代有靈臺，屬太史。,The astronomical observatory of ancient China. The Zhou called the place for watching the sky and for observing the stars in service of the spirits the numinous terrace; the Han kept one under the Grand Astrologer.,中国古代の天文台。周代には天象を観測し神を奉じ星を占う場所を霊台と呼び、漢代には霊台があり太史に属した。,"중국 고대의 천문대. 주대에는 천상을 관측하고 신을 받들어 별을 점치는 장소를 영대라 불렀고, 한대에는 영대가 있어 태사에 속했다.",exact,术语在线,天文学 · 天文学史 · 2024,Astronomy · History of Astronomy · 2024
131,8,八 · 历法沿革・行用,八 · 曆法沿革・行用,8 · The calendar in use,八 · 暦法の沿革・行用,8 · 역법 연혁·행용,改历,改曆,calendar reform,改暦,개력,律历制度 · 制度,律曆制度 · 制度,Institutions · institutions,律暦制度 · 制度,율력 제도 · 제도,废止旧历、颁行新历。中国历代改历约百次，原因或为误差累积，或为改朝换代更定正朔。,廢止舊曆、頒行新曆。中國歷代改曆約百次，原因或為誤差累積，或為改朝換代更定正朔。,"Scrapping a calendar and promulgating a new one. Chinese history saw some hundred reforms, driven either by accumulated error or by a new dynasty’s claim to set the calendar.",旧暦を廃し新暦を頒行すること。中国歴代の改暦はおよそ百回、その原因は誤差の累積、あるいは王朝の交代に伴う正朔の更改であった。,"옛 역을 폐하고 새 역을 반포하는 것. 중국 역대의 개력은 대략 백 번이며, 그 원인은 오차의 누적이거나 왕조 교체에 따른 정삭의 변경이었다.",none,,,
132,8,八 · 历法沿革・行用,八 · 曆法沿革・行用,8 · The calendar in use,八 · 暦法の沿革・行用,8 · 역법 연혁·행용,颁历,頒曆,promulgating the calendar,頒暦,반력,律历制度 · 制度,律曆制度 · 制度,Institutions · institutions,律暦制度 · 制度,율력 제도 · 제도,每年由朝廷造历、颁行天下。历书官造官颁，私造历书历来在禁。,每年由朝廷造曆、頒行天下。曆書官造官頒，私造曆書歷來在禁。,"The court’s annual making and issuing of the almanac. It was a government monopoly, and private almanacs were forbidden.",毎年朝廷が暦を作り、天下に頒行すること。暦書は官が造り官が頒ち、私造の暦書は歴代禁じられてきた。,"해마다 조정이 역을 만들어 천하에 반포하는 것. 역서(曆書)는 관이 만들고 관이 반포하며, 사사로이 만든 역서는 역대 금지되어 왔다.",none,,,
133,8,八 · 历法沿革・行用,八 · 曆法沿革・行用,8 · The calendar in use,八 · 暦法の沿革・行用,8 · 역법 연혁·행용,私历,私曆,private almanac,私暦,사력,律历制度 · 制度,律曆制度 · 制度,Institutions · institutions,律暦制度 · 制度,율력 제도 · 제도,非官颁的历书。历代多立禁条，然民间的通书、黄历仍辗转流传。,非官頒的曆書。歷代多立禁條，然民間的通書、黃曆仍輾轉流傳。,"An almanac not issued by the state. Repeatedly banned, yet popular almanacs went on circulating.",官頒でない暦書。歴代多く禁条を立てたが、民間の通書・黄暦はなお伝わり流布した。,관에서 반포한 것이 아닌 역서(曆書). 역대에 여러 금조를 세웠으나 민간의 통서·황력은 여전히 전하여 유포되었다.,none,,,
134,8,八 · 历法沿革・行用,八 · 曆法沿革・行用,8 · The calendar in use,八 · 暦法の沿革・行用,8 · 역법 연혁·행용,历禁,曆禁,the ban on calendars,暦禁,역금,律历制度 · 制度,律曆制度 · 制度,Institutions · institutions,律暦制度 · 制度,율력 제도 · 제도,禁止私造、私售历书的法令。唐、宋、明、清的律中皆有相应条文。,禁止私造、私售曆書的法令。唐、宋、明、清的律中皆有相應條文。,"The law forbidding the private making and selling of almanacs, set down in the codes of Tang, Song, Ming and Qing.",私造・私売の暦書を禁ずる法令。唐・宋・明・清の律にいずれも相当の条文がある。,사사로 만들거나 사사로 파는 역서(曆書)를 금하는 법령. 당·송·명·청의 율에 모두 상응하는 조문이 있다.,near,历元,天文学 · 天体测量学,Astronomy · Astrometry
135,8,八 · 历法沿革・行用,八 · 曆法沿革・行用,8 · The calendar in use,八 · 暦法の沿革・行用,8 · 역법 연혁·행용,农历（夏历）,農曆（夏曆）,the agricultural calendar (Xia calendar),農暦（夏暦）,농력（하력）,历法术语 · 历代历法,曆法術語 · 歷代曆法,Calendrical terms · calendars by age,暦法用語 · 歴代の暦,역법 용어 · 역대 역법,现行阴阳合历的通行叫法。它实为《时宪历》一系，因用夏正、服务于农时，后世通称农历——「农历」之名其实出现很晚。,現行陰陽合曆的通行叫法。它實為《時憲曆》一系，因用夏正、服務於農時，後世通稱農曆——「農曆」之名其實出現很晚。,"The common name of the lunisolar calendar in use, a descendant of the Shixian Calendar. Called “agricultural” only in recent centuries, from its use of the Xia first month and its service to farming.",現行の陰陽合暦の通称。実際には『時憲暦』の系統であり、夏正を用い農時に資することから後世は通称「農暦」と呼ぶ——「農暦」の名は実は非常に遅れて現れた。,"현행 음양합력의 통칭. 실제로는 『시헌력』 계통이며, 하정(夏正)을 쓰고 농시에 이바지하기 때문에 후세에 통칭 「농력」이라 부른다 — 「농력」이라는 이름은 실은 매우 늦게 나타났다.",none,,,
136,8,八 · 历法沿革・行用,八 · 曆法沿革・行用,8 · The calendar in use,八 · 暦法の沿革・行用,8 · 역법 연혁·행용,黄历／通书,黃曆／通書,the popular almanac,黄暦／通書,황력／통서,律历制度 · 文献,律曆制度 · 文獻,Institutions · sources,律暦制度 · 文献,율력 제도 · 문헌,民间日用的历书，逐日载宜忌、吉凶、神煞。由官历派生，明清流布极广。,民間日用的曆書，逐日載宜忌、吉凶、神煞。由官曆派生，明清流佈極廣。,"The household almanac, giving day by day the prescriptions, the prohibitions and the spirits. Derived from the official calendar, it spread widely from the Ming-Qing on.",民間日用の暦書。日ごとに宜忌・吉凶・神煞を載せる。官暦から派生し、明清には極めて広く流布した。,민간 일용의 역서(曆書). 날마다 의기·길흉·신살을 싣는다. 관력에서 파생되었고 명청에는 매우 널리 유포되었다.,none,,,
137,8,八 · 历法沿革・行用,八 · 曆法沿革・行用,8 · The calendar in use,八 · 暦法の沿革・行用,8 · 역법 연혁·행용,时宪书,時憲書,the Shixian almanac,時憲書,시헌서,历法术语 · 历代历法,曆法術語 · 歷代曆法,Calendrical terms · calendars by age,暦法用語 · 歴代の暦,역법 용어 · 역대 역법,清代官颁历书的名目，自《时宪历》而来。辛亥革命后仍行，至民国改行公历为止。,清代官頒曆書的名目，自《時憲曆》而來。辛亥革命後仍行，至民國改行公曆為止。,"The name of the Qing official almanac, from the Shixian Calendar. It continued after 1911, until the Republic adopted the Gregorian calendar.",清代官頒の暦書の名目。『時憲暦』に由来する。辛亥革命後もなお行われ、民国が太陽暦に改めるまで続いた。,"청대 관반 역서(曆書)의 명목. 『시헌력』에서 나왔다. 신해혁명 후에도 여전히 행해졌고, 민국이 태양력(太陽曆)으로 바꿀 때까지 이어졌다.",near,时宪历,天文学 · 天文学史,Astronomy · History of Astronomy
138,8,八 · 历法沿革・行用,八 · 曆法沿革・行用,8 · The calendar in use,八 · 暦法の沿革・行用,8 · 역법 연혁·행용,正史历志,正史曆志,the calendrical chapters of the standard histories,正史暦志,정사역지,律历制度 · 文献,律曆制度 · 文獻,Institutions · sources,律暦制度 · 文献,율력 제도 · 문헌,历代正史中记历法的专篇，是研究古历的第一手材料。名目不一，或名律历志、历志、历象志、时宪志。,歷代正史中記曆法的專篇，是研究古曆的第一手材料。名目不一，或名律曆志、曆志、曆象志、時憲志。,"The calendrical chapters of the standard histories, the primary source for the old calendars. They are titled variously — pitches and calendar, calendar, calendar and astronomy, or calendrical ordinances.",歴代の正史のうち暦法を記す専門の篇。古暦を研究する第一級の材料である。名目は一様でなく、律暦志・暦志・暦象志・時憲志などがある。,역대 정사 가운데 역법을 기록한 전문 편. 고력을 연구하는 제일급 재료이다. 명목은 일정하지 않아 율력지·역지·역상지·시헌지 등이 있다.,near,《历志》,天文学 · 天文学史,Astronomy · History of Astronomy
139,8,八 · 历法沿革・行用,八 · 曆法沿革・行用,8 · The calendar in use,八 · 暦法の沿革・行用,8 · 역법 연혁·행용,太史令,太史令,the Grand Astrologer,太史令,태사령,律历制度 · 官职,律曆制度 · 官職,Institutions · offices,律暦制度 · 官職,율력 제도 · 관직,秦汉以来掌天时星历的官，属太常，岁终奏新年历。后世名目与隶属屡变：唐宋有太史局、司天监，明清归钦天监。,秦漢以來掌天時星曆的官，屬太常，歲終奏新年曆。後世名目與隸屬屢變：唐宋有太史局、司天監，明清歸欽天監。,"The office charged with the seasons and the calendar from Qin and Han times, under the Court of Ceremonial. Its name and its bureau changed repeatedly: the Astrological Bureau and the Observatory under Tang and Song, the Imperial Observatory under Ming and Qing.",秦漢以来、天時星暦を掌る官。太常に属し、歳末に新年の暦を奏した。後世、名目と所属はしばしば変わり、唐宋には太史局・司天監、明清は欽天監に帰した。,"진한 이래 천시성력을 맡은 관. 태상에 속했고, 세말에 새해의 역을 올렸다. 후세에 명목과 소속이 자주 바뀌어, 당송에는 태사국·사천감, 명청에는 흠천감으로 돌아갔다.",exact,术语在线,天文学 · 天文学史 · 2024,Astronomy · History of Astronomy · 2024
140,8,八 · 历法沿革・行用,八 · 曆法沿革・行用,8 · The calendar in use,八 · 暦法の沿革・行用,8 · 역법 연혁·행용,司天监,司天監,the Astrological Observatory,司天監,사천감,律历制度 · 官职,律曆制度 · 官職,Institutions · offices,律暦制度 · 官職,율력 제도 · 관직,唐宋金元掌天文、历法与占候的官署。唐称司天台，宋、金、元称司天监；明初一度沿置，洪武三年改称钦天监。,唐宋金元掌天文、曆法與占候的官署。唐稱司天臺，宋、金、元稱司天監；明初一度沿置，洪武三年改稱欽天監。,"The bureau for astronomy, the calendar and omens under Tang, Song, Jin and Yuan — the Astrological Terrace first, the Observatory after. Kept for a few years under the Ming, then renamed.",唐宋金元に天文・暦法・占候を掌った官署。唐は司天台、宋・金・元は司天監と称し、明初に一時これを踏襲、洪武三年に欽天監と改称した。,"당송금원에 천문·역법·점후를 맡은 관서. 당은 사천대, 송·금·원은 사천감이라 칭했고, 명 초에 한때 이를 이어받아 홍무 3년에 흠천감으로 고쳐 불렀다.",exact,术语在线,天文学 · 天文学史 · 2024,Astronomy · History of Astronomy · 2024
141,8,八 · 历法沿革・行用,八 · 曆法沿革・行用,8 · The calendar in use,八 · 暦法の沿革・行用,8 · 역법 연혁·행용,钦天监,欽天監,the Imperial Observatory,欽天監,흠천감,律历制度 · 官职,律曆制度 · 官職,Institutions · offices,律暦制度 · 官職,율력 제도 · 관직,明清两代掌观象、造历、颁历的官署。明洪武三年由司天监改设，清沿置，设监正、监副。,明清兩代掌觀象、造曆、頒曆的官署。明洪武三年由司天監改設，清沿置，設監正、監副。,"The bureau of the Ming and Qing for observing, making and issuing the calendar. Set up in 1370 in place of the earlier observatory, and kept by the Qing with a director and deputies.",明清両代に観象・造暦・頒暦を掌った官署。明の洪武三年に司天監から改めて設け、清もこれを踏襲し、監正・監副を置いた。,"명·청 두 대에 관상·조력·반력을 맡은 관서. 명 홍무 3년에 사천감에서 고쳐 설치했고, 청도 이를 이어받아 감정·감부를 두었다.",exact,术语在线,天文学 · 2013,Astronomy · 2013
142,8,八 · 历法沿革・行用,八 · 曆法沿革・行用,8 · The calendar in use,八 · 暦法の沿革・行用,8 · 역법 연혁·행용,畴人,疇人,the hereditary calendrical astronomer,疇人,주인,律历制度 · 官职,律曆制度 · 官職,Institutions · offices,律暦制度 · 官職,율력 제도 · 관직,指世代相传、专司历算的人。语出《史记·历书》「畴人子弟分散」。,指世代相傳、專司曆算的人。語出《史記·曆書》「疇人子弟分散」。,One who keeps calendrical reckoning in the family. The word stands in the “Treatise on the Calendar” of the Records of the Grand Historian.,代々伝えて暦算を専らにする者を指す。語は『史記・暦書』の「疇人子弟分散」に出る。,대대로 전하여 역산을 오로지 하는 사람을 가리킨다. 말은 『사기·역서(曆書)』의 「주인자제분산」에서 나온다.,none,,,
143,8,八 · 历法沿革・行用,八 · 曆法沿革・行用,8 · The calendar in use,八 · 暦法の沿革・行用,8 · 역법 연혁·행용,保章氏,保章氏,the Office of the Starry Signs,保章氏,보장씨,律历制度 · 官职,律曆制度 · 官職,Institutions · offices,律暦制度 · 官職,율력 제도 · 관직,《周礼·春官》所载之官，掌天星，记日月星辰的变动。是文献里最早的天文之官之一。,《周禮·春官》所載之官，掌天星，記日月星辰的變動。是文獻裡最早的天文之官之一。,"An office in the “Spring Offices” of the Rites of Zhou, charged with the stars and the changes of sun, moon and planets — one of the earliest astronomical posts on record.",『周礼・春官』に載る官。天星を掌り、日月星辰の変動を記す。文献に見える最も早い天文の官の一つである。,『주례·춘관』에 실린 관. 천성을 맡아 일월성신의 변동을 기록한다. 문헌에 보이는 가장 이른 천문의 관 가운데 하나이다.,none,,,
144,8,八 · 历法沿革・行用,八 · 曆法沿革・行用,8 · The calendar in use,八 · 暦法の沿革・行用,8 · 역법 연혁·행용,冯相氏,馮相氏,the Office of the Heavenly Order,馮相氏,풍상씨,律历制度 · 官职,律曆制度 · 官職,Institutions · offices,律暦制度 · 官職,율력 제도 · 관직,《周礼·春官》所载之官，掌十二岁、十二月、十二辰一类天文次序。,《周禮·春官》所載之官，掌十二歲、十二月、十二辰一類天文次序。,"Another office in the same chapter, charged with the twelve years, the twelve months and the twelve stations — the order of the heavens.",『周礼・春官』に載る官。十二歳・十二月・十二辰の類の天文の次序を掌る。,『주례·춘관』에 실린 관. 십이세·십이월·십이진 따위의 천문 차례를 맡는다.,none,,,
145,9,九 · 五星・行星天象,九 · 五星・行星天象,9 · The five planets and planetary phenomena,九 · 五星・惑星現象,9 · 오성·행성 현상,五星／五纬,五星／五緯,the five planets,五星／五緯,오성／오위,天文基础 · 天体,天文基礎 · 天體,Fundamentals · celestial bodies,天文基礎 · 天体,천문 기초 · 천체,岁星、荧惑、镇星、太白、辰星五颗行星的合称，古又称五纬。五星各有行度，历代历法多设专篇，推其入宿度与去极度。,歲星、熒惑、鎮星、太白、辰星五顆行星的合稱，古又稱五緯。五星各有行度，歷代曆法多設專篇，推其入宿度與去極度。,"The collective name for the five planets — Jupiter, Mars, Saturn, Venus, Mercury — also called the five wefts. Calendars carried a section reckoning their places among the mansions.",歳星・熒惑・鎮星・太白・辰星の五つの惑星の総称。古くは五緯ともいった。五星にはそれぞれ行度があり、歴代の暦法は多く専門の篇を設け、その入宿度と去極度を推した。,"세성·형혹·진성·태백·진성의 다섯 행성의 총칭. 옛날에는 오위라고도 했다. 오성에는 각각 행도가 있어, 역대 역법은 대개 전문 편을 두어 그 입수(入宿)도와 거극도를 추산했다.",near,五星,天文学 · 天文学史,Astronomy · History of Astronomy
146,9,九 · 五星・行星天象,九 · 五星・行星天象,9 · The five planets and planetary phenomena,九 · 五星・惑星現象,9 · 오성·행성 현상,岁星,歲星,the Year Star (Jupiter),歳星,세성,天文基础 · 天体,天文基礎 · 天體,Fundamentals · celestial bodies,天文基礎 · 天体,천문 기초 · 천체,古人对木星的称呼。约十二年行一周天，一年走一个星次，因而用来纪年。,古人對木星的稱呼。約十二年行一周天，一年走一個星次，因而用來紀年。,"The old name for Jupiter. It circles the sky in about twelve years, one station a year, and was therefore used to reckon years.",古人の木星に対する呼称。約十二年で天を一巡し、一年に一つの星次を進むので、年を紀すのに用いた。,"옛사람이 목성을 부르던 이름. 약 12년에 하늘을 한 바퀴 돌며 한 해에 한 성차를 가므로, 연도를 기록하는 데 썼다.",exact,术语在线,天文学 · 天文学史 · 2024,Astronomy · History of Astronomy · 2024
147,9,九 · 五星・行星天象,九 · 五星・行星天象,9 · The five planets and planetary phenomena,九 · 五星・惑星現象,9 · 오성·행성 현상,荧惑,熒惑,the Shimmering Deceiver (Mars),熒惑,형혹,天文基础 · 天体,天文基礎 · 天體,Fundamentals · celestial bodies,天文基礎 · 天体,천문 기초 · 천체,古人对火星的称呼。荧荧似火，而行度在五星中最不定，顺逆疾徐无常，故名。,古人對火星的稱呼。熒熒似火，而行度在五星中最不定，順逆疾徐無常，故名。,"The old name for Mars. Faintly fiery, and the least regular of the five in its motion — direct or retrograde, fast or slow without a rule.",古人の火星に対する呼称。熒々として火のようで、行度は五星のうちで最も定まらず、順逆疾徐に常がないのでこの名がある。,옛사람이 화성을 부르던 이름. 형형하게 불과 같으면서 행도가 오성 가운데 가장 정하지 않아 순역질서에 일정함이 없으므로 이 이름이 있다.,exact,术语在线,天文学 · 天文学史 · 2024,Astronomy · History of Astronomy · 2024
148,9,九 · 五星・行星天象,九 · 五星・行星天象,9 · The five planets and planetary phenomena,九 · 五星・惑星現象,9 · 오성·행성 현상,太白,太白,the Great White (Venus),太白,태백,天文基础 · 天体,天文基礎 · 天體,Fundamentals · celestial bodies,天文基礎 · 天体,천문 기초 · 천체,古人对金星的称呼。五星之中其光最盛：晨见于东方叫启明，昏见于西方叫长庚。,古人對金星的稱呼。五星之中其光最盛：晨見於東方叫啟明，昏見於西方叫長庚。,"The old name for Venus, the brightest of the five. Seen at dawn in the east it was Qiming; at dusk in the west, Changgeng.",古人の金星に対する呼称。五星のうちその光が最も盛んである。明けに東方に見えるのを啓明、暮れに西方に見えるのを長庚という。,"옛사람이 금성을 부르던 이름. 오성 가운데 그 빛이 가장 성하다. 새벽에 동쪽에 보이는 것을 계명, 저녁에 서쪽에 보이는 것을 장경이라 한다.",exact,术语在线,天文学 · 天文学史 · 2024,Astronomy · History of Astronomy · 2024
149,9,九 · 五星・行星天象,九 · 五星・行星天象,9 · The five planets and planetary phenomena,九 · 五星・惑星現象,9 · 오성·행성 현상,辰星,辰星,the Chronal Star (Mercury),辰星,진성,天文基础 · 天体,天文基礎 · 天體,Fundamentals · celestial bodies,天文基礎 · 天体,천문 기초 · 천체,古人对水星的称呼。距日最近，一年中多半隐在日光里，可见的时候不多。,古人對水星的稱呼。距日最近，一年中多半隱在日光裡，可見的時候不多。,The old name for Mercury. It keeps nearest the sun and is lost in the daylight for most of the year.,古人の水星に対する呼称。太陽に最も近く、一年の大半は日光の中に隠れ、見える時は多くない。,"옛사람이 수성을 부르던 이름. 태양에 가장 가까워 한 해의 대부분이 햇빛 속에 숨어 있고, 보이는 때가 많지 않다.",exact,术语在线,天文学 · 天文学史 · 2024,Astronomy · History of Astronomy · 2024
150,9,九 · 五星・行星天象,九 · 五星・行星天象,9 · The five planets and planetary phenomena,九 · 五星・惑星現象,9 · 오성·행성 현상,镇星／填星,鎮星／填星,the Garrison Star (Saturn),鎮星／填星,진성／전성,天文基础 · 天体,天文基礎 · 天體,Fundamentals · celestial bodies,天文基礎 · 天体,천문 기초 · 천체,古人对土星的称呼。约二十八年行一周天，一年镇守一个星宿，故名。,古人對土星的稱呼。約二十八年行一周天，一年鎮守一個星宿，故名。,"The old name for Saturn. It takes about twenty-eight years to circle the sky and sits over one mansion a year, whence the name.",古人の土星に対する呼称。約二十八年で天を一巡し、一年に一つの星宿を鎮守するのでこの名がある。,옛사람이 토성을 부르던 이름. 약 28년에 하늘을 한 바퀴 돌며 한 해에 한 성수를 진수하므로 이 이름이 있다.,near,镇星,天文学 · 天文学史,Astronomy · History of Astronomy
151,9,九 · 五星・行星天象,九 · 五星・行星天象,9 · The five planets and planetary phenomena,九 · 五星・惑星現象,9 · 오성·행성 현상,合,合,conjunction,合,합,天象类 · 行星天象,天象類 · 行星天象,Celestial phenomena · planetary phenomena,天象 · 惑星現象,천상 현상 · 행성 현상,行星与太阳黄经相同，叫合日；两颗行星黄经相同，也叫合。与日相合则伏而不见。,行星與太陽黃經相同，叫合日；兩顆行星黃經相同，也叫合。與日相合則伏而不見。,"A planet standing at the same longitude as the sun, or two planets at the same longitude. At conjunction with the sun a planet is lost in its light.",惑星が太陽と黄経を同じくするのを合日といい、二つの惑星が黄経を同じくするのも合という。太陽と合すれば伏して見えない。,"행성이 태양과 황경을 같이하는 것을 합일이라 하고, 두 행성이 황경을 같이하는 것도 합이라 한다. 태양과 합하면 숨어서 보이지 않는다.",exact,术语在线,天文学 · 天体力学 · 2024,Astronomy · Celestial Mechanics · 2024
152,9,九 · 五星・行星天象,九 · 五星・行星天象,9 · The five planets and planetary phenomena,九 · 五星・惑星現象,9 · 오성·행성 현상,冲,衝,opposition,衝,충,天象类 · 行星天象,天象類 · 行星天象,Celestial phenomena · planetary phenomena,天象 · 惑星現象,천상 현상 · 행성 현상,行星与太阳黄经相差一百八十度。日在西而星在东，日落时星自东方升起，终夜可见。外行星才有此象。,行星與太陽黃經相差一百八十度。日在西而星在東，日落時星自東方升起，終夜可見。外行星才有此象。,A planet standing opposite the sun. It rises in the east as the sun sets and stays up all night; only the outer planets can come to it.,惑星が太陽と黄経で百八十度を隔てること。日が西にあり星が東にあれば、日没時に星は東方から昇り、一夜中見える。外惑星にのみこの象がある。,"행성이 태양과 황경(黃經)으로 180도를 떨어지는 것. 해가 서쪽에 있고 별이 동쪽에 있으면, 일몰 때 별이 동쪽에서 떠올라 온밤 볼 수 있다. 외행성(外行星)에만 이 현상이 있다.",exact,术语在线,天文学 · 天体力学 · 2024,Astronomy · Celestial Mechanics · 2024
153,9,九 · 五星・行星天象,九 · 五星・行星天象,9 · The five planets and planetary phenomena,九 · 五星・惑星現象,9 · 오성·행성 현상,留,留,stationary point,留,유,天象类 · 行星天象,天象類 · 行星天象,Celestial phenomena · planetary phenomena,天象 · 惑星現象,천상 현상 · 행성 현상,行星由顺行转逆行、或由逆行转顺行时，在天球上暂时停留不动的现象。,行星由順行轉逆行、或由逆行轉順行時，在天球上暫時停留不動的現象。,"The point at which a planet, turning from direct to retrograde motion or back, seems for a while to stand still among the stars.",惑星が順行から逆行へ、あるいは逆行から順行へ移るとき、天球上でしばらく留まって動かない現象。,"행성이 순행에서 역행으로, 혹은 역행에서 순행으로 바뀔 때 천구상에서 잠시 머물러 움직이지 않는 현상.",exact,术语在线,天文学 · 天体力学 · 2024,Astronomy · Celestial Mechanics · 2024
154,9,九 · 五星・行星天象,九 · 五星・行星天象,9 · The five planets and planetary phenomena,九 · 五星・惑星現象,9 · 오성·행성 현상,逆行,逆行,retrogradation,逆行,역행,天象类 · 行星天象,天象類 · 行星天象,Celestial phenomena · planetary phenomena,天象 · 惑星現象,천상 현상 · 행성 현상,行星自东向西的视运动。自西向东叫顺行，回头向西叫逆行，二者交替，周而复始。,行星自東向西的視運動。自西向東叫順行，回頭向西叫逆行，二者交替，周而復始。,"A planet’s apparent motion from east to west. Direct motion eastward, retrograde westward; the two alternate in turn.",惑星の東から西への視運動。西から東へ行くのを順行、向きを変えて西へ行くのを逆行といい、両者が交替して終わりなく繰り返す。,"행성의 동에서 서로 가는 시운동. 서에서 동으로 가는 것을 순행, 방향을 바꾸어 서쪽으로 가는 것을 역행이라 하며, 둘이 교대하여 끝없이 되풀이된다.",exact,术语在线,天文学 · 天体力学 · 2024,Astronomy · Celestial Mechanics · 2024
155,9,九 · 五星・行星天象,九 · 五星・行星天象,9 · The five planets and planetary phenomena,九 · 五星・惑星現象,9 · 오성·행성 현상,伏,伏,disappearance in the sun’s light,伏,복,天象类 · 行星天象,天象類 · 行星天象,Celestial phenomena · planetary phenomena,天象 · 惑星現象,천상 현상 · 행성 현상,行星行至与日相近，隐于日光中不见，谓之伏。伏后复见，叫「见」。,行星行至與日相近，隱於日光中不見，謂之伏。伏後復見，叫「見」。,A planet drawing near the sun and vanishing into its light. Its reappearance is the heliacal rising.,惑星が太陽に近づき、日光の中に隠れて見えなくなることを伏という。伏の後に再び見えるのを「見」という。,행성이 태양에 가까워져 햇빛 속에 숨어 보이지 않게 되는 것을 복이라 한다. 복한 뒤 다시 보이는 것을 「견」이라 한다.,exact,术语在线,天文学 · 天文学史 · 2024,Astronomy · History of Astronomy · 2024
156,9,九 · 五星・行星天象,九 · 五星・行星天象,9 · The five planets and planetary phenomena,九 · 五星・惑星現象,9 · 오성·행성 현상,犯,犯,encroachment,犯,범,天象类 · 行星天象,天象類 · 行星天象,Celestial phenomena · planetary phenomena,天象 · 惑星現象,천상 현상 · 행성 현상,五星或月行至某星近旁、侵入其界内，史志称「犯」。正史天文志里这类记事最多。,五星或月行至某星近旁、侵入其界內，史志稱「犯」。正史天文志裡這類記事最多。,A planet or the moon coming so near a star as to encroach on it — among the commonest entries in the astronomical chapters of the histories.,五星や月が某星の近くに至り、その区域内に侵入することを、史志は「犯」と称する。正史の天文志にはこの種の記事が最も多い。,오성이나 달이 어느 별 가까이에 이르러 그 구역 안으로 침입하는 것을 사지(史志)는 「범」이라 칭한다. 정사의 천문지에는 이런 종류의 기사가 가장 많다.,none,,,
157,9,九 · 五星・行星天象,九 · 五星・行星天象,9 · The five planets and planetary phenomena,九 · 五星・惑星現象,9 · 오성·행성 현상,守,守,prolonged stay,守,수,天象类 · 行星天象,天象類 · 行星天象,Celestial phenomena · planetary phenomena,天象 · 惑星現象,천상 현상 · 행성 현상,五星行至某星官之内，久留不去，史志称「守」。与「犯」同为记五星行度的常用语。,五星行至某星官之內，久留不去，史志稱「守」。與「犯」同為記五星行度的常用語。,"A planet lingering long within one group of stars. With encroachment, the usual way the histories record a planet’s course.",五星が某星官の内に至り、久しく留まって去らないことを、史志は「守」と称する。「犯」とともに五星の行度を記す常用語である。,오성이 어느 성관 안에 이르러 오래 머물러 떠나지 않는 것을 사지는 「수」라 칭한다. 「범」과 함께 오성의 행도를 기록하는 상용어이다.,exact,术语在线,天文学 · 天文学史 · 2024,Astronomy · History of Astronomy · 2024
158,10,十 · 三垣・拱极星区,十 · 三垣・拱極星區,10 · The three enclosures and the circumpolar sky,十 · 三垣・拱極星区,10 · 삼원·공극성구,紫微垣,紫微垣,Purple Forbidden Enclosure,紫微垣,자미원,星宿与星官 · 三垣,星宿與星官 · 三垣,Mansions and star officials · the three enclosures,星宿と星官 · 三垣,성수와 성관 · 삼원,「三垣」的中垣，位于北天中央，包括北天极附近的天区。《步天歌》里它名下的星官最多。,「三垣」的中垣，位於北天中央，包括北天極附近的天區。《步天歌》裡它名下的星官最多。,"The middle of the three enclosures, about the north celestial pole — the central division of the northern sky, and the one carrying the most asterisms in the Song of Pacing the Heavens.",「三垣」の中垣。北天の中央に位置し、北天極付近の天区を含む。『歩天歌』ではその名下の星官が最も多い。,「삼원」의 중원. 북쪽 하늘 중앙에 위치하며 북천극 부근의 천구를 포함한다. 『보천가』에서는 그 명하의 성관이 가장 많다.,exact,术语在线,天文学 · 天文学史 · 2024,Astronomy · History of Astronomy · 2024
159,10,十 · 三垣・拱极星区,十 · 三垣・拱極星區,10 · The three enclosures and the circumpolar sky,十 · 三垣・拱極星区,10 · 삼원·공극성구,太微垣,太微垣,Supreme Subtlety Enclosure,太微垣,태미원,星宿与星官 · 三垣,星宿與星官 · 三垣,Mansions and star officials · the three enclosures,星宿と星官 · 三垣,성수와 성관 · 삼원,「三垣」的上垣，在紫微垣与张宿、翼宿之间。,「三垣」的上垣，在紫微垣與張宿、翼宿之間。,"The upper of the three enclosures, lying between the Purple Forbidden Enclosure and the mansions Zhang and Yi.",「三垣」の上垣。紫微垣と張宿・翼宿の間にある。,「삼원」의 상원. 자미원과 장수·익수 사이에 있다.,exact,术语在线,天文学 · 天文学史 · 2024,Astronomy · History of Astronomy · 2024
160,10,十 · 三垣・拱极星区,十 · 三垣・拱極星區,10 · The three enclosures and the circumpolar sky,十 · 三垣・拱極星区,10 · 삼원·공극성구,天市垣,天市垣,Celestial Market Enclosure,天市垣,천시원,星宿与星官 · 三垣,星宿與星官 · 三垣,Mansions and star officials · the three enclosures,星宿と星官 · 三垣,성수와 성관 · 삼원,「三垣」的下垣，在紫微垣与心宿、尾宿之间。,「三垣」的下垣，在紫微垣與心宿、尾宿之間。,"The lower of the three enclosures, lying between the Purple Forbidden Enclosure and the mansions Xin and Wei.",「三垣」の下垣。紫微垣と心宿・尾宿の間にある。,「삼원」의 하원. 자미원과 심수·미수 사이에 있다.,exact,术语在线,天文学 · 天文学史 · 2024,Astronomy · History of Astronomy · 2024
161,10,十 · 三垣・拱极星区,十 · 三垣・拱極星區,10 · The three enclosures and the circumpolar sky,十 · 三垣・拱極星区,10 · 삼원·공극성구,北斗,北斗,the Big Dipper,北斗,북두,星宿与星官 · 星官,星宿與星官 · 星官,Mansions and star officials · star officials,星宿と星官 · 星官,성수와 성관 · 성관,大熊座中七颗较亮的星，即「北斗七星」；古人用它定方向、定季节。,大熊座中七顆較亮的星，即「北斗七星」；古人用它定方向、定季節。,"Seven bright stars of Ursa Major, that is, the seven stars of the Northern Dipper; in China they served to fix direction and to mark the seasons.",大熊座のやや明るい七つの星、すなわち「北斗七星」。古人はこれで方向を定め、季節を定めた。,"큰곰자리의 비교적 밝은 일곱 별, 곧 「북두칠성」. 옛사람은 이것으로 방향을 정하고 계절을 정했다.",exact,术语在线,天文学 · 天文学史 · 2024,Astronomy · History of Astronomy · 2024
162,10,十 · 三垣・拱极星区,十 · 三垣・拱極星區,10 · The three enclosures and the circumpolar sky,十 · 三垣・拱極星区,10 · 삼원·공극성구,北斗七星,北斗七星,the seven stars of the Big Dipper,北斗七星,북두칠성,星宿与星官 · 星官,星宿與星官 · 星官,Mansions and star officials · star officials,星宿と星官 · 星官,성수와 성관 · 성관,「北斗」七星的名称，自斗口至斗柄依次为天枢、天璇、天玑、天权、玉衡、开阳、摇光；前四星合称斗魁（又称璇玑），后三星合称斗杓（又称斗柄、玉衡）。依拜耳命名依次为大熊座 α、β、γ、δ、ε、ζ、η；天枢、天璇连线延长五倍指向北极星，故又称指极星。宗教与术数文献里另有一套称谓：贪狼、巨门、禄存、文曲、廉贞、武曲、破军。与「北斗」条同指。,「北斗」七星的名稱，自斗口至斗柄依次為天樞、天璇、天璣、天權、玉衡、開陽、搖光；前四星合稱斗魁（又稱璇璣），後三星合稱斗杓（又稱斗柄、玉衡）。依拜耳命名依次為大熊座 α、β、γ、δ、ε、ζ、η；天樞、天璇連線延長五倍指向北極星，故又稱指極星。宗教與術數文獻裡另有一套稱謂：貪狼、巨門、祿存、文曲、廉貞、武曲、破軍。與「北斗」條同指。,"The names of the seven stars of the Northern Dipper, from bowl to handle: Tianshu, Tianxuan, Tianji, Tianquan, Yuheng, Kaiyang and Yaoguang — the first four forming the Bowl and the last three the Handle. They are designated α, β, γ, δ, ε, ζ and η Ursae Majoris; Tianshu and Tianxuan, whose line extended five times points to the pole star, are the Pointers. Religious and divinatory writings give them a further set of names: Tanlang, Jumen, Lucun, Wenqu, Lianzhen, Wuqu and Pojun. Same referent as the entry ‘the Big Dipper’.",「北斗」七星の名称。斗口から斗柄へ順に天枢・天璇・天璣・天権・玉衡・開陽・揺光。前の四星を合わせて斗魁（またの名を璇璣）といい、後三星を合わせて斗杓（またの名を斗柄・玉衡）という。バイエル符号では順に大熊座 α・β・γ・δ・ε・ζ・η。天枢と天璇を結ぶ線を五倍に延ばすと北極星を指すので、指極星ともいう。宗教・術数の文献には別に貪狼・巨門・禄存・文曲・廉貞・武曲・破軍という一組の称呼がある。「北斗」の項と同一を指す。,"「북두」 일곱 별의 명칭. 두구에서 두자루로 차례로 천추·천선·천기·천권·옥형·개양·요광. 앞의 네 별을 합쳐 두괴(다른 이름 선기)라 하고, 뒤의 세 별을 합쳐 두표(다른 이름 두병·옥형)라 한다. 바이어 명명으로는 차례로 큰곰자리 α·β·γ·δ·ε·ζ·η이며, 천추와 천선을 이은 선을 다섯 배로 늘리면 북극성을 가리키므로 지극성이라고도 한다. 종교·술수 문헌에는 따로 탐랑·거문·녹존·문곡·염정·무곡·파군이라는 한 벌의 칭호가 있다. 「북두」 항목과 같은 것을 가리킨다.",none,,,
163,10,十 · 三垣・拱极星区,十 · 三垣・拱極星區,10 · The three enclosures and the circumpolar sky,十 · 三垣・拱極星区,10 · 삼원·공극성구,北极星,北極星,the pole star,北極星,북극성,天文基础 · 天体,天文基礎 · 天體,Fundamentals · celestial bodies,天文基礎 · 天体,천문 기초 · 천체,小熊座 α，是当前全天最靠近北天极的星。它与北天极的角距在公元 2100 年前后最小，约 28 角分。,小熊座 α，是當前全天最靠近北天極的星。它與北天極的角距在公元 2100 年前後最小，約 28 角分。,"Alpha Ursae Minoris, at present the star nearest the north celestial pole. Its distance from the pole is least — about 28 minutes of arc — around 2100 CE.",小熊座 α。現在、全天で北天極に最も近い星である。北天極との角距は西暦 2100 年前後にもっとも小さくなり、約 28 分角である。,작은곰자리 α. 현재 온 하늘에서 북천극에 가장 가까운 별이다. 북천극과의 각거리는 서기 2100년 전후에 가장 작아져 약 28분각이 된다.,exact,术语在线,天文学 · 天文学史 · 2024,Astronomy · History of Astronomy · 2024
164,10,十 · 三垣・拱极星区,十 · 三垣・拱極星區,10 · The three enclosures and the circumpolar sky,十 · 三垣・拱極星区,10 · 삼원·공극성구,天极,天極,the celestial pole,天極,천극,天文基础 · 坐标,天文基礎 · 座標,Fundamentals · coordinates,天文基礎 · 座標,천문 기초 · 좌표,过天球中心、与地球自转轴平行的直线与天球相交的两点，即北天极与南天极。它不是一个星，是一个点。,過天球中心、與地球自轉軸平行的直線與天球相交的兩點，即北天極與南天極。它不是一個星，是一個點。,"The two points where the line through the sphere’s centre parallel to the earth’s axis meets the sphere. Not a star, but a point.",天球の中心を通り、地球の自転軸に平行な直線が天球と交わる二点。すなわち北天極と南天極。一つの星ではなく、一つの点である。,천구의 중심을 지나 지구 자전축에 평행한 직선이 천구와 만나는 두 점. 곧 북천극과 남천극. 하나의 별이 아니라 하나의 점이다.,exact,术语在线,天文学 · 天体测量学 · 2024,Astronomy · Astrometry · 2024
165,10,十 · 三垣・拱极星区,十 · 三垣・拱極星區,10 · The three enclosures and the circumpolar sky,十 · 三垣・拱極星区,10 · 삼원·공극성구,拱极星,拱極星,circumpolar star,拱極星,공극성,天文基础 · 坐标,天文基礎 · 座標,Fundamentals · coordinates,天文基礎 · 座標,천문 기초 · 좌표,赤纬绝对值大于八十度的恒星，即绕天极转而不落的那一圈星。文献里有时也泛指低纬度可见其下中天的星。,赤緯絕對值大於八十度的恆星，即繞天極轉而不落的那一圈星。文獻裡有時也泛指低緯度可見其下中天的星。,A star whose declination exceeds eighty degrees in absolute value — one that circles the pole without setting. Also used loosely of stars seen to lower-culminate at low latitudes.,赤緯の絶対値が八十度より大きい恒星。すなわち天極を巡って没しない那一圈の星。文献では低緯度でその下中天が見える星を広く指すこともある。,적위의 절대값이 80도보다 큰 항성(恒星). 곧 천극을 돌며 지지 않는 그 한 고리의 별. 문헌에서는 저위도에서 그 하중천이 보이는 별을 널리 가리키기도 한다.,exact,术语在线,天文学 · 天文学 · 2024,Astronomy · Astronomy · 2024
166,11,十一 · 四象・二十八宿,十一 · 四象・二十八宿,11 · The four images and the twenty-eight mansions,十一 · 四象・二十八宿,11 · 사상·이십팔수,苍龙,蒼龍,Azure Dragon,蒼龍,창룡,星宿与星官 · 二十八宿,星宿與星官 · 二十八宿,Mansions and star officials · the twenty-eight mansions,星宿と星官 · 二十八宿,성수와 성관 · 이십팔수,四象之一，由角、亢、氐、房、心、尾、箕七宿组成。五行配五方，东方为青，故名。也写作「青龙」。,四象之一，由角、亢、氐、房、心、尾、箕七宿組成。五行配五方，東方為青，故名。也寫作「青龍」。,"One of the four images, formed of the seven mansions Jiao, Kang, Di, Fang, Xin, Wei and Ji. East takes the colour azure in the five-phase scheme, whence the name; also written Qinglong.",四象の一つ。角・亢・氐・房・心・尾・箕の七宿からなる。五行を五方に配すれば東方を青となすのでこの名がある。「青龍」とも書く。,사상의 하나. 각·항·저·방·심·미·기의 일곱 수로 이루어진다. 오행을 오방에 배하면 동방이 청이 되므로 이 이름이 있다. 「청룡」이라고도 쓴다.,exact,术语在线,天文学 · 天文学史 · 2024,Astronomy · History of Astronomy · 2024
167,11,十一 · 四象・二十八宿,十一 · 四象・二十八宿,11 · The four images and the twenty-eight mansions,十一 · 四象・二十八宿,11 · 사상·이십팔수,角宿,角宿,Horn,角宿,각수,星宿与星官 · 二十八宿,星宿與星官 · 二十八宿,Mansions and star officials · the twenty-eight mansions,星宿と星官 · 二十八宿,성수와 성관 · 이십팔수,二十八宿的第一宿，属东方苍龙。距星为角宿一（室女座 α）。《步天歌》载此宿有星官十一、星四十五。,二十八宿的第一宿，屬東方蒼龍。距星為角宿一（室女座 α）。《步天歌》載此宿有星官十一、星四十五。,"The first of the twenty-eight mansions, in the Azure Dragon of the East. Its determinative star is Alpha Virginis. The Song of Pacing the Heavens gives it eleven asterisms and forty-five stars.",二十八宿の第一宿。東方蒼龍に属する。距星は角宿一（おとめ座 α）。『歩天歌』はこの宿に星官十一・星四十五を載せる。,이십팔수(二十八宿)의 첫째 수. 동방창룡에 속한다. 거성은 각수일(처녀자리 α). 『보천가』는 이 수에 성관 11·별 45를 싣는다.,exact,术语在线,天文学 · 2013,Astronomy · 2013
168,11,十一 · 四象・二十八宿,十一 · 四象・二十八宿,11 · The four images and the twenty-eight mansions,十一 · 四象・二十八宿,11 · 사상·이십팔수,亢宿,亢宿,Neck,亢宿,항수,星宿与星官 · 二十八宿,星宿與星官 · 二十八宿,Mansions and star officials · the twenty-eight mansions,星宿と星官 · 二十八宿,성수와 성관 · 이십팔수,二十八宿的第二宿，属东方苍龙。距星为亢宿一（室女座 κ）。《步天歌》载此宿有星官七、星二十二。,二十八宿的第二宿，屬東方蒼龍。距星為亢宿一（室女座 κ）。《步天歌》載此宿有星官七、星二十二。,"The second of the twenty-eight mansions, in the Azure Dragon of the East. Its determinative star is Kappa Virginis. The Song of Pacing the Heavens gives it seven asterisms and twenty-two stars.",二十八宿の第二宿。東方蒼龍に属する。距星は亢宿一（おとめ座 κ）。『歩天歌』はこの宿に星官七・星二十二を載せる。,이십팔수(二十八宿)의 둘째 수. 동방창룡에 속한다. 거성은 항수일(처녀자리 κ). 『보천가』는 이 수에 성관 7·별 22를 싣는다.,exact,术语在线,天文学 · 2013,Astronomy · 2013
169,11,十一 · 四象・二十八宿,十一 · 四象・二十八宿,11 · The four images and the twenty-eight mansions,十一 · 四象・二十八宿,11 · 사상·이십팔수,氐宿,氐宿,Root,氐宿,저수,星宿与星官 · 二十八宿,星宿與星官 · 二十八宿,Mansions and star officials · the twenty-eight mansions,星宿と星官 · 二十八宿,성수와 성관 · 이십팔수,二十八宿的第三宿，属东方苍龙。距星为氐宿一（天秤座 α）。《步天歌》载此宿有星官十一、星五十四。,二十八宿的第三宿，屬東方蒼龍。距星為氐宿一（天秤座 α）。《步天歌》載此宿有星官十一、星五十四。,"The third of the twenty-eight mansions, in the Azure Dragon of the East. Its determinative star is Alpha Librae. The Song of Pacing the Heavens gives it eleven asterisms and fifty-four stars.",二十八宿の第三宿。東方蒼龍に属する。距星は氐宿一（てんびん座 α）。『歩天歌』はこの宿に星官十一・星五十四を載せる。,이십팔수(二十八宿)의 셋째 수. 동방창룡에 속한다. 거성은 저수일(천칭자리 α). 『보천가』는 이 수에 성관 11·별 54를 싣는다.,exact,术语在线,天文学 · 2013,Astronomy · 2013
170,11,十一 · 四象・二十八宿,十一 · 四象・二十八宿,11 · The four images and the twenty-eight mansions,十一 · 四象・二十八宿,11 · 사상·이십팔수,房宿,房宿,Room,房宿,방수,星宿与星官 · 二十八宿,星宿與星官 · 二十八宿,Mansions and star officials · the twenty-eight mansions,星宿と星官 · 二十八宿,성수와 성관 · 이십팔수,二十八宿的第四宿，属东方苍龙。距星为房宿一（天蝎座 π）。《步天歌》载此宿有星官七、星二十一。,二十八宿的第四宿，屬東方蒼龍。距星為房宿一（天蠍座 π）。《步天歌》載此宿有星官七、星二十一。,"The fourth of the twenty-eight mansions, in the Azure Dragon of the East. Its determinative star is Pi Scorpii. The Song of Pacing the Heavens gives it seven asterisms and twenty-one stars.",二十八宿の第四宿。東方蒼龍に属する。距星は房宿一（さそり座 π）。『歩天歌』はこの宿に星官七・星二十一を載せる。,이십팔수(二十八宿)의 넷째 수. 동방창룡에 속한다. 거성은 방수일(전갈자리 π). 『보천가』는 이 수에 성관 7·별 21을 싣는다.,exact,术语在线,天文学 · 2013,Astronomy · 2013
171,11,十一 · 四象・二十八宿,十一 · 四象・二十八宿,11 · The four images and the twenty-eight mansions,十一 · 四象・二十八宿,11 · 사상·이십팔수,心宿,心宿,Heart,心宿,심수,星宿与星官 · 二十八宿,星宿與星官 · 二十八宿,Mansions and star officials · the twenty-eight mansions,星宿と星官 · 二十八宿,성수와 성관 · 이십팔수,二十八宿的第五宿，属东方苍龙。距星为心宿一（天蝎座 σ）。此宿第二星即大火。《步天歌》载此宿有星官二、星十五。,二十八宿的第五宿，屬東方蒼龍。距星為心宿一（天蠍座 σ）。此宿第二星即大火。《步天歌》載此宿有星官二、星十五。,"The fifth of the twenty-eight mansions, in the Azure Dragon of the East. Its determinative star is Sigma Scorpii; its second star is the Great Fire. The Song of Pacing the Heavens gives it two asterisms and fifteen stars.",二十八宿の第五宿。東方蒼龍に属する。距星は心宿一（さそり座 σ）。この宿の第二星がすなわち大火である。『歩天歌』はこの宿に星官二・星十五を載せる。,이십팔수(二十八宿)의 다섯째 수. 동방창룡에 속한다. 거성은 심수일(전갈자리 σ). 이 수의 둘째 별이 곧 대화이다. 『보천가』는 이 수에 성관 2·별 15를 싣는다.,exact,术语在线,天文学 · 2013,Astronomy · 2013
172,11,十一 · 四象・二十八宿,十一 · 四象・二十八宿,11 · The four images and the twenty-eight mansions,十一 · 四象・二十八宿,11 · 사상·이십팔수,尾宿,尾宿,Tail,尾宿,미수,星宿与星官 · 二十八宿,星宿與星官 · 二十八宿,Mansions and star officials · the twenty-eight mansions,星宿と星官 · 二十八宿,성수와 성관 · 이십팔수,二十八宿的第六宿，属东方苍龙。距星为尾宿一（天蝎座 μ¹）。《步天歌》载此宿有星官五、星二十一。,二十八宿的第六宿，屬東方蒼龍。距星為尾宿一（天蠍座 μ¹）。《步天歌》載此宿有星官五、星二十一。,"The sixth of the twenty-eight mansions, in the Azure Dragon of the East. Its determinative star is Mu-1 Scorpii. The Song of Pacing the Heavens gives it five asterisms and twenty-one stars.",二十八宿の第六宿。東方蒼龍に属する。距星は尾宿一（さそり座 μ¹）。『歩天歌』はこの宿に星官五・星二十一を載せる。,이십팔수(二十八宿)의 여섯째 수. 동방창룡에 속한다. 거성은 미수일(전갈자리 μ¹). 『보천가』는 이 수에 성관 5·별 21을 싣는다.,exact,术语在线,天文学 · 2013,Astronomy · 2013
173,11,十一 · 四象・二十八宿,十一 · 四象・二十八宿,11 · The four images and the twenty-eight mansions,十一 · 四象・二十八宿,11 · 사상·이십팔수,箕宿,箕宿,Winnowing-basket,箕宿,기수,星宿与星官 · 二十八宿,星宿與星官 · 二十八宿,Mansions and star officials · the twenty-eight mansions,星宿と星官 · 二十八宿,성수와 성관 · 이십팔수,二十八宿的第七宿，属东方苍龙。距星为箕宿一（人马座 γ）。《步天歌》载此宿有星官三、星八。,二十八宿的第七宿，屬東方蒼龍。距星為箕宿一（人馬座 γ）。《步天歌》載此宿有星官三、星八。,"The seventh of the twenty-eight mansions, in the Azure Dragon of the East. Its determinative star is Gamma Sagittarii. The Song of Pacing the Heavens gives it three asterisms and eight stars.",二十八宿の第七宿。東方蒼龍に属する。距星は箕宿一（いて座 γ）。『歩天歌』はこの宿に星官三・星八を載せる。,이십팔수(二十八宿)의 일곱째 수. 동방창룡에 속한다. 거성은 기수일(궁수자리 γ). 『보천가』는 이 수에 성관 3·별 8을 싣는다.,exact,术语在线,天文学 · 2013,Astronomy · 2013
174,11,十一 · 四象・二十八宿,十一 · 四象・二十八宿,11 · The four images and the twenty-eight mansions,十一 · 四象・二十八宿,11 · 사상·이십팔수,玄武,玄武,Dark Warrior,玄武,현무,星宿与星官 · 二十八宿,星宿與星官 · 二十八宿,Mansions and star officials · the twenty-eight mansions,星宿と星官 · 二十八宿,성수와 성관 · 이십팔수,四象之一，由斗、牛、女、虚、危、室、壁七宿组成。五行配五方，北方为黑，故名。,四象之一，由斗、牛、女、虛、危、室、壁七宿組成。五行配五方，北方為黑，故名。,"One of the four images, formed of the seven mansions Dou, Niu, Nu, Xu, Wei, Shi and Bi. North takes the colour black in the five-phase scheme, whence the name.",四象の一つ。斗・牛・女・虚・危・室・壁の七宿からなる。五行を五方に配すれば北方を黒となすのでこの名がある。,사상의 하나. 두·우·여·허·위·실·벽의 일곱 수로 이루어진다. 오행을 오방에 배하면 북방이 흑이 되므로 이 이름이 있다.,exact,术语在线,天文学 · 天文学史 · 2024,Astronomy · History of Astronomy · 2024
175,11,十一 · 四象・二十八宿,十一 · 四象・二十八宿,11 · The four images and the twenty-eight mansions,十一 · 四象・二十八宿,11 · 사상·이십팔수,斗宿,斗宿,Dipper,斗宿,두수,星宿与星官 · 二十八宿,星宿與星官 · 二十八宿,Mansions and star officials · the twenty-eight mansions,星宿と星官 · 二十八宿,성수와 성관 · 이십팔수,二十八宿的第八宿，属北方玄武。距星为斗宿一（人马座 φ）。因与北斗相别，又称南斗。《步天歌》载此宿有星官十、星六十二。,二十八宿的第八宿，屬北方玄武。距星為斗宿一（人馬座 φ）。因與北斗相別，又稱南斗。《步天歌》載此宿有星官十、星六十二。,"The eighth of the twenty-eight mansions, in the Dark Warrior of the North. Its determinative star is Phi Sagittarii; to tell it from the northern Dipper it is also called the Southern Dipper. The Song of Pacing the Heavens gives it ten asterisms and sixty-two stars.",二十八宿の第八宿。北方玄武に属する。距星は斗宿一（いて座 φ）。北斗と区別するため南斗ともいう。『歩天歌』はこの宿に星官十・星六十二を載せる。,이십팔수(二十八宿)의 여덟째 수. 북방현무에 속한다. 거성은 두수일(궁수자리 φ). 북두와 구별하기 위해 남두라고도 한다. 『보천가』는 이 수에 성관 10·별 62를 싣는다.,exact,术语在线,天文学 · 2013,Astronomy · 2013
176,11,十一 · 四象・二十八宿,十一 · 四象・二十八宿,11 · The four images and the twenty-eight mansions,十一 · 四象・二十八宿,11 · 사상·이십팔수,牛宿,牛宿,Ox,牛宿,우수,星宿与星官 · 二十八宿,星宿與星官 · 二十八宿,Mansions and star officials · the twenty-eight mansions,星宿と星官 · 二十八宿,성수와 성관 · 이십팔수,二十八宿的第九宿，属北方玄武。距星为牛宿一（摩羯座 β）。《步天歌》载此宿有星官十一、星六十四。,二十八宿的第九宿，屬北方玄武。距星為牛宿一（摩羯座 β）。《步天歌》載此宿有星官十一、星六十四。,"The ninth of the twenty-eight mansions, in the Dark Warrior of the North. Its determinative star is Beta Capricorni. The Song of Pacing the Heavens gives it eleven asterisms and sixty-four stars.",二十八宿の第九宿。北方玄武に属する。距星は牛宿一（やぎ座 β）。『歩天歌』はこの宿に星官十一・星六十四を載せる。,이십팔수(二十八宿)의 아홉째 수. 북방현무에 속한다. 거성은 우수일(염소자리 β). 『보천가』는 이 수에 성관 11·별 64를 싣는다.,exact,术语在线,天文学 · 2013,Astronomy · 2013
177,11,十一 · 四象・二十八宿,十一 · 四象・二十八宿,11 · The four images and the twenty-eight mansions,十一 · 四象・二十八宿,11 · 사상·이십팔수,女宿,女宿,Girl,女宿,여수,星宿与星官 · 二十八宿,星宿與星官 · 二十八宿,Mansions and star officials · the twenty-eight mansions,星宿と星官 · 二十八宿,성수와 성관 · 이십팔수,二十八宿的第十宿，属北方玄武。距星为女宿一（宝瓶座 ε）。又名须女、婺女。《步天歌》载此宿有星官八、星五十五。,二十八宿的第十宿，屬北方玄武。距星為女宿一（寶瓶座 ε）。又名須女、婺女。《步天歌》載此宿有星官八、星五十五。,"The tenth of the twenty-eight mansions, in the Dark Warrior of the North. Its determinative star is Epsilon Aquarii; it is also called Xu-nu and Wu-nu. The Song of Pacing the Heavens gives it eight asterisms and fifty-five stars.",二十八宿の第十宿。北方玄武に属する。距星は女宿一（みずがめ座 ε）。須女・婺女ともいう。『歩天歌』はこの宿に星官八・星五十五を載せる。,이십팔수(二十八宿)의 열째 수. 북방현무에 속한다. 거성은 여수일(물병자리 ε). 수녀·무녀라고도 한다. 『보천가』는 이 수에 성관 8·별 55를 싣는다.,exact,术语在线,天文学 · 2013,Astronomy · 2013
178,11,十一 · 四象・二十八宿,十一 · 四象・二十八宿,11 · The four images and the twenty-eight mansions,十一 · 四象・二十八宿,11 · 사상·이십팔수,虚宿,虛宿,Void,虚宿,허수,星宿与星官 · 二十八宿,星宿與星官 · 二十八宿,Mansions and star officials · the twenty-eight mansions,星宿と星官 · 二十八宿,성수와 성관 · 이십팔수,二十八宿的第十一宿，属北方玄武。距星为虚宿一（宝瓶座 β）。《步天歌》载此宿有星官十、星三十四。,二十八宿的第十一宿，屬北方玄武。距星為虛宿一（寶瓶座 β）。《步天歌》載此宿有星官十、星三十四。,"The eleventh of the twenty-eight mansions, in the Dark Warrior of the North. Its determinative star is Beta Aquarii. The Song of Pacing the Heavens gives it ten asterisms and thirty-four stars.",二十八宿の第十一宿。北方玄武に属する。距星は虚宿一（みずがめ座 β）。『歩天歌』はこの宿に星官十・星三十四を載せる。,이십팔수(二十八宿)의 열한째 수. 북방현무에 속한다. 거성은 허수일(물병자리 β). 『보천가』는 이 수에 성관 10·별 34를 싣는다.,exact,术语在线,天文学 · 2013,Astronomy · 2013
179,11,十一 · 四象・二十八宿,十一 · 四象・二十八宿,11 · The four images and the twenty-eight mansions,十一 · 四象・二十八宿,11 · 사상·이십팔수,危宿,危宿,Rooftop,危宿,위수(危),星宿与星官 · 二十八宿,星宿與星官 · 二十八宿,Mansions and star officials · the twenty-eight mansions,星宿と星官 · 二十八宿,성수와 성관 · 이십팔수,二十八宿的第十二宿，属北方玄武。距星为危宿一（宝瓶座 α）。《步天歌》载此宿有星官十、星五十六。,二十八宿的第十二宿，屬北方玄武。距星為危宿一（寶瓶座 α）。《步天歌》載此宿有星官十、星五十六。,"The twelfth of the twenty-eight mansions, in the Dark Warrior of the North. Its determinative star is Alpha Aquarii. The Song of Pacing the Heavens gives it ten asterisms and fifty-six stars.",二十八宿の第十二宿。北方玄武に属する。距星は危宿一（みずがめ座 α）。『歩天歌』はこの宿に星官十・星五十六を載せる。,이십팔수(二十八宿)의 열두째 수. 북방현무에 속한다. 거성은 위수일(물병자리 α). 『보천가』는 이 수에 성관 10·별 56을 싣는다.,exact,术语在线,天文学 · 2013,Astronomy · 2013
180,11,十一 · 四象・二十八宿,十一 · 四象・二十八宿,11 · The four images and the twenty-eight mansions,十一 · 四象・二十八宿,11 · 사상·이십팔수,室宿,室宿,Encampment,室宿,실수,星宿与星官 · 二十八宿,星宿與星官 · 二十八宿,Mansions and star officials · the twenty-eight mansions,星宿と星官 · 二十八宿,성수와 성관 · 이십팔수,二十八宿的第十三宿，属北方玄武。距星为室宿一（飞马座 α）。又名营室。《步天歌》载此宿有星官十、星一百零九。,二十八宿的第十三宿，屬北方玄武。距星為室宿一（飛馬座 α）。又名營室。《步天歌》載此宿有星官十、星一百零九。,"The thirteenth of the twenty-eight mansions, in the Dark Warrior of the North. Its determinative star is Alpha Pegasi; it is also called Ying-shi. The Song of Pacing the Heavens gives it ten asterisms and a hundred and nine stars.",二十八宿の第十三宿。北方玄武に属する。距星は室宿一（ペガスス座 α）。営室ともいう。『歩天歌』はこの宿に星官十・星百九を載せる。,이십팔수(二十八宿)의 열셋째 수. 북방현무에 속한다. 거성은 실수일(페가수스자리 α). 영실이라고도 한다. 『보천가』는 이 수에 성관 10·별 109를 싣는다.,exact,术语在线,天文学 · 2013,Astronomy · 2013
181,11,十一 · 四象・二十八宿,十一 · 四象・二十八宿,11 · The four images and the twenty-eight mansions,十一 · 四象・二十八宿,11 · 사상·이십팔수,壁宿,壁宿,Wall,壁宿,벽수,星宿与星官 · 二十八宿,星宿與星官 · 二十八宿,Mansions and star officials · the twenty-eight mansions,星宿と星官 · 二十八宿,성수와 성관 · 이십팔수,二十八宿的第十四宿，属北方玄武。距星为壁宿一（飞马座 γ）。又名东壁。《步天歌》载此宿有星官六、星二十八。,二十八宿的第十四宿，屬北方玄武。距星為壁宿一（飛馬座 γ）。又名東壁。《步天歌》載此宿有星官六、星二十八。,"The fourteenth of the twenty-eight mansions, in the Dark Warrior of the North. Its determinative star is Gamma Pegasi; it is also called Dong-bi. The Song of Pacing the Heavens gives it six asterisms and twenty-eight stars.",二十八宿の第十四宿。北方玄武に属する。距星は壁宿一（ペガスス座 γ）。東壁ともいう。『歩天歌』はこの宿に星官六・星二十八を載せる。,이십팔수(二十八宿)의 열넷째 수. 북방현무에 속한다. 거성은 벽수일(페가수스자리 γ). 동벽이라고도 한다. 『보천가』는 이 수에 성관 6·별 28을 싣는다.,exact,术语在线,天文学 · 2013,Astronomy · 2013
182,11,十一 · 四象・二十八宿,十一 · 四象・二十八宿,11 · The four images and the twenty-eight mansions,十一 · 四象・二十八宿,11 · 사상·이십팔수,白虎,白虎,White Tiger,白虎,백호,星宿与星官 · 二十八宿,星宿與星官 · 二十八宿,Mansions and star officials · the twenty-eight mansions,星宿と星官 · 二十八宿,성수와 성관 · 이십팔수,四象之一，由奎、娄、胃、昴、毕、觜、参七宿组成。五行配五方，西方为白，故名。,四象之一，由奎、婁、胃、昴、畢、觜、參七宿組成。五行配五方，西方為白，故名。,"One of the four images, formed of the seven mansions Kui, Lou, Wei, Mao, Bi, Zi and Shen. West takes the colour white in the five-phase scheme, whence the name.",四象の一つ。奎・婁・胃・昴・畢・觜・参の七宿からなる。五行を五方に配すれば西方を白となすのでこの名がある。,사상의 하나. 규·루·위·묘·필·자·삼의 일곱 수로 이루어진다. 오행을 오방에 배하면 서방이 백이 되므로 이 이름이 있다.,exact,术语在线,天文学 · 天文学史 · 2024,Astronomy · History of Astronomy · 2024
183,11,十一 · 四象・二十八宿,十一 · 四象・二十八宿,11 · The four images and the twenty-eight mansions,十一 · 四象・二十八宿,11 · 사상·이십팔수,奎宿,奎宿,Legs,奎宿,규수,星宿与星官 · 二十八宿,星宿與星官 · 二十八宿,Mansions and star officials · the twenty-eight mansions,星宿と星官 · 二十八宿,성수와 성관 · 이십팔수,二十八宿的第十五宿，属西方白虎。距星为奎宿一（仙女座 η）；《崇祯历书》以前的距星为奎宿二。《步天歌》载此宿有星官九、星四十五。,二十八宿的第十五宿，屬西方白虎。距星為奎宿一（仙女座 η）；《崇禎曆書》以前的距星為奎宿二。《步天歌》載此宿有星官九、星四十五。,"The fifteenth of the twenty-eight mansions, in the White Tiger of the West. Its determinative star is Eta Andromedae; before the Chongzhen Calendar it was Zeta Andromedae. The Song of Pacing the Heavens gives it nine asterisms and forty-five stars.",二十八宿の第十五宿。西方白虎に属する。距星は奎宿一（アンドロメダ座 η）。『崇禎暦書』以前の距星は奎宿二である。『歩天歌』はこの宿に星官九・星四十五を載せる。,이십팔수(二十八宿)의 열다섯째 수. 서방백호에 속한다. 거성은 규수일(안드로메다자리 η). 『숭정역서』 이전의 거성은 규수이이다. 『보천가』는 이 수에 성관 9·별 45를 싣는다.,exact,术语在线,天文学 · 2013,Astronomy · 2013
184,11,十一 · 四象・二十八宿,十一 · 四象・二十八宿,11 · The four images and the twenty-eight mansions,十一 · 四象・二十八宿,11 · 사상·이십팔수,娄宿,婁宿,Bond,婁宿,루수,星宿与星官 · 二十八宿,星宿與星官 · 二十八宿,Mansions and star officials · the twenty-eight mansions,星宿と星官 · 二十八宿,성수와 성관 · 이십팔수,二十八宿的第十六宿，属西方白虎。距星为娄宿一（白羊座 β）。《步天歌》载此宿有星官六、星三十三。,二十八宿的第十六宿，屬西方白虎。距星為婁宿一（白羊座 β）。《步天歌》載此宿有星官六、星三十三。,"The sixteenth of the twenty-eight mansions, in the White Tiger of the West. Its determinative star is Beta Arietis. The Song of Pacing the Heavens gives it six asterisms and thirty-three stars.",二十八宿の第十六宿。西方白虎に属する。距星は婁宿一（おひつじ座 β）。『歩天歌』はこの宿に星官六・星三十三を載せる。,이십팔수(二十八宿)의 열여섯째 수. 서방백호에 속한다. 거성은 루수일(양자리 β). 『보천가』는 이 수에 성관 6·별 33을 싣는다.,exact,术语在线,天文学 · 2013,Astronomy · 2013
185,11,十一 · 四象・二十八宿,十一 · 四象・二十八宿,11 · The four images and the twenty-eight mansions,十一 · 四象・二十八宿,11 · 사상·이십팔수,胃宿,胃宿,Stomach,胃宿,위수(胃),星宿与星官 · 二十八宿,星宿與星官 · 二十八宿,Mansions and star officials · the twenty-eight mansions,星宿と星官 · 二十八宿,성수와 성관 · 이십팔수,二十八宿的第十七宿，属西方白虎。距星为胃宿一（白羊座 35）。《步天歌》载此宿有星官七、星三十九。,二十八宿的第十七宿，屬西方白虎。距星為胃宿一（白羊座 35）。《步天歌》載此宿有星官七、星三十九。,"The seventeenth of the twenty-eight mansions, in the White Tiger of the West. Its determinative star is 35 Arietis. The Song of Pacing the Heavens gives it seven asterisms and thirty-nine stars.",二十八宿の第十七宿。西方白虎に属する。距星は胃宿一（おひつじ座 35）。『歩天歌』はこの宿に星官七・星三十九を載せる。,이십팔수(二十八宿)의 열일곱째 수. 서방백호에 속한다. 거성은 위수일(양자리 35). 『보천가』는 이 수에 성관 7·별 39를 싣는다.,exact,术语在线,天文学 · 2013,Astronomy · 2013
186,11,十一 · 四象・二十八宿,十一 · 四象・二十八宿,11 · The four images and the twenty-eight mansions,十一 · 四象・二十八宿,11 · 사상·이십팔수,昴宿,昴宿,Pliades,昴宿,묘수,星宿与星官 · 二十八宿,星宿與星官 · 二十八宿,Mansions and star officials · the twenty-eight mansions,星宿と星官 · 二十八宿,성수와 성관 · 이십팔수,二十八宿的第十八宿，属西方白虎。距星为昴宿一（金牛座 17）。此宿即昴星团，肉眼可见六七颗。英文名照录术语在线「昴宿」条（海峡两岸天文学名词，2013）：该库作 Pliades；同库「昴星团」条（天文学名词，2024，术语编码 08.641）作 Pleiades，通行拼法亦同。《步天歌》载此宿有星官九、星四十七。,二十八宿的第十八宿，屬西方白虎。距星為昴宿一（金牛座 17）。此宿即昴星團，肉眼可見六七顆。英文名照錄術語在線「昴宿」條（海峽兩岸天文學名詞，2013）：該庫作 Pliades；同庫「昴星團」條（天文學名詞，2024，術語編碼 08.641）作 Pleiades，通行拼法亦同。《步天歌》載此宿有星官九、星四十七。,"The eighteenth of the twenty-eight mansions, in the White Tiger of the West. Its determinative star is 17 Tauri. The mansion is the star cluster that Western astronomy calls the Pleiades; six or seven stars are visible to the naked eye. The English name follows Termonline, whose entry for this mansion (Cross-Strait Astronomical Terms, 2013) reads “Pliades”; its entry for the cluster (Astronomical Terms, 2024) reads “Pleiades”, the common spelling. The Song of Pacing the Heavens gives it nine asterisms and forty-seven stars.",二十八宿の第十八宿。西方白虎に属する。距星は昴宿一（おうし座 17）。この宿はすなわち昴星団で、肉眼で六、七個が見える。英文名は术语在线「昴宿」条（海峡両岸天文学名詞、2013）をそのまま録す。同庫は Pliades とする。同庫の「昴星団」条（天文学名詞、2024、術語コード 08.641）は Pleiades とし、通行の綴りもこれと同じである。『歩天歌』はこの宿に星官九・星四十七を載せる。,"이십팔수(二十八宿)의 열여덟째 수. 서방백호에 속한다. 거성은 묘수일(황소자리 17). 이 수는 곧 묘성단으로, 육안으로 예닐곱 개가 보인다. 영문명은 Termonline(术语在线) 「昴宿」조(해협양안천문학명사, 2013)를 그대로 옮긴다. 그 데이터베이스는 Pliades로 적는다. 같은 데이터베이스의 「昴星团」조(천문학명사, 2024, 술어코드 08.641)는 Pleiades로 적으며 통용 철자도 같다. 『보천가』는 이 수에 성관 9·별 47을 싣는다.",exact,术语在线,天文学 · 2013,Astronomy · 2013
187,11,十一 · 四象・二十八宿,十一 · 四象・二十八宿,11 · The four images and the twenty-eight mansions,十一 · 四象・二十八宿,11 · 사상·이십팔수,毕宿,畢宿,Net,畢宿,필수,星宿与星官 · 二十八宿,星宿與星官 · 二十八宿,Mansions and star officials · the twenty-eight mansions,星宿と星官 · 二十八宿,성수와 성관 · 이십팔수,二十八宿的第十九宿，属西方白虎。距星为毕宿一（金牛座 ε）。《步天歌》载此宿有星官十四、星九十二。,二十八宿的第十九宿，屬西方白虎。距星為畢宿一（金牛座 ε）。《步天歌》載此宿有星官十四、星九十二。,"The nineteenth of the twenty-eight mansions, in the White Tiger of the West. Its determinative star is Epsilon Tauri. The Song of Pacing the Heavens gives it fourteen asterisms and ninety-two stars.",二十八宿の第十九宿。西方白虎に属する。距星は畢宿一（おうし座 ε）。『歩天歌』はこの宿に星官十四・星九十二を載せる。,이십팔수(二十八宿)의 열아홉째 수. 서방백호에 속한다. 거성은 필수일(황소자리 ε). 『보천가』는 이 수에 성관 14·별 92를 싣는다.,exact,术语在线,天文学 · 2013,Astronomy · 2013
188,11,十一 · 四象・二十八宿,十一 · 四象・二十八宿,11 · The four images and the twenty-eight mansions,十一 · 四象・二十八宿,11 · 사상·이십팔수,觜宿,觜宿,Mouth,觜宿,자수,星宿与星官 · 二十八宿,星宿與星官 · 二十八宿,Mansions and star officials · the twenty-eight mansions,星宿と星官 · 二十八宿,성수와 성관 · 이십팔수,二十八宿的第二十宿，属西方白虎。距星为觜宿一（猎户座 λ）；《崇祯历书》以前的距星为觜宿二。《步天歌》载此宿有星官三、星十六。,二十八宿的第二十宿，屬西方白虎。距星為觜宿一（獵戶座 λ）；《崇禎曆書》以前的距星為觜宿二。《步天歌》載此宿有星官三、星十六。,"The twentieth of the twenty-eight mansions, in the White Tiger of the West. Its determinative star is Lambda Orionis; before the Chongzhen Calendar it was Psi-1 Orionis. The Song of Pacing the Heavens gives it three asterisms and sixteen stars.",二十八宿の第二十宿。西方白虎に属する。距星は觜宿一（オリオン座 λ）。『崇禎暦書』以前の距星は觜宿二である。『歩天歌』はこの宿に星官三・星十六を載せる。,이십팔수(二十八宿)의 스무째 수. 서방백호에 속한다. 거성은 자수일(오리온자리 λ). 『숭정역서』 이전의 거성은 자수이이다. 『보천가』는 이 수에 성관 3·별 16을 싣는다.,exact,术语在线,天文学 · 2013,Astronomy · 2013
189,11,十一 · 四象・二十八宿,十一 · 四象・二十八宿,11 · The four images and the twenty-eight mansions,十一 · 四象・二十八宿,11 · 사상·이십팔수,参宿,參宿,Triads,参宿,삼수,星宿与星官 · 二十八宿,星宿與星官 · 二十八宿,Mansions and star officials · the twenty-eight mansions,星宿と星官 · 二十八宿,성수와 성관 · 이십팔수,二十八宿的第二十一宿，属西方白虎。距星为参宿一（猎户座 ζ）；清乾隆十七年改定，此前用参宿三。《步天歌》载此宿有星官六、星二十五。,二十八宿的第二十一宿，屬西方白虎。距星為參宿一（獵戶座 ζ）；清乾隆十七年改定，此前用參宿三。《步天歌》載此宿有星官六、星二十五。,"The twenty-first of the twenty-eight mansions, in the White Tiger of the West. Its determinative star is Zeta Orionis, fixed in 1752; before that the third star of the mansion served. The Song of Pacing the Heavens gives it six asterisms and twenty-five stars.",二十八宿の第二十一宿。西方白虎に属する。距星は参宿一（オリオン座 ζ）。清の乾隆十七年に改定され、それ以前は参宿三を用いた。『歩天歌』はこの宿に星官六・星二十五を載せる。,"이십팔수(二十八宿)의 스물한째 수. 서방백호에 속한다. 거성은 삼수일(오리온자리 ζ). 청 건륭 17년에 개정되었고, 그 이전에는 삼수삼을 썼다. 『보천가』는 이 수에 성관 6·별 25를 싣는다.",exact,术语在线,天文学 · 2013,Astronomy · 2013
190,11,十一 · 四象・二十八宿,十一 · 四象・二十八宿,11 · The four images and the twenty-eight mansions,十一 · 四象・二十八宿,11 · 사상·이십팔수,朱雀,朱雀,Vermilion Bird,朱雀,주작,星宿与星官 · 二十八宿,星宿與星官 · 二十八宿,Mansions and star officials · the twenty-eight mansions,星宿と星官 · 二十八宿,성수와 성관 · 이십팔수,四象之一，由井、鬼、柳、星、张、翼、轸七宿组成。五行配五方，南方为赤，故名。,四象之一，由井、鬼、柳、星、張、翼、軫七宿組成。五行配五方，南方為赤，故名。,"One of the four images, formed of the seven mansions Jing, Gui, Liu, Xing, Zhang, Yi and Zhen. South takes the colour red in the five-phase scheme, whence the name.",四象の一つ。井・鬼・柳・星・張・翼・軫の七宿からなる。五行を五方に配すれば南方を赤となすのでこの名がある。,사상의 하나. 정·귀·유·성·장·익·진의 일곱 수로 이루어진다. 오행을 오방에 배하면 남방이 적이 되므로 이 이름이 있다.,exact,术语在线,天文学 · 天文学史 · 2024,Astronomy · History of Astronomy · 2024
191,11,十一 · 四象・二十八宿,十一 · 四象・二十八宿,11 · The four images and the twenty-eight mansions,十一 · 四象・二十八宿,11 · 사상·이십팔수,井宿,井宿,Well,井宿,정수,星宿与星官 · 二十八宿,星宿與星官 · 二十八宿,Mansions and star officials · the twenty-eight mansions,星宿と星官 · 二十八宿,성수와 성관 · 이십팔수,二十八宿的第二十二宿，属南方朱雀。距星为井宿一（双子座 μ）。又名东井。《步天歌》载此宿有星官十九、星七十，是二十八宿中星官最多的一宿。,二十八宿的第二十二宿，屬南方朱雀。距星為井宿一（雙子座 μ）。又名東井。《步天歌》載此宿有星官十九、星七十，是二十八宿中星官最多的一宿。,"The twenty-second of the twenty-eight mansions, in the Vermilion Bird of the South. Its determinative star is Mu Geminorum; it is also called Dong-jing. With nineteen asterisms it carries more than any other mansion. The Song of Pacing the Heavens gives it seventy stars.",二十八宿の第二十二宿。南方朱雀に属する。距星は井宿一（ふたご座 μ）。東井ともいう。『歩天歌』はこの宿に星官十九・星七十を載せ、二十八宿のうちで星官が最も多い宿である。,"이십팔수(二十八宿)의 스물두째 수. 남방주작에 속한다. 거성은 정수일(쌍둥이자리 μ). 동정이라고도 한다. 『보천가』는 이 수에 성관 19·별 70을 실어, 이십팔수 가운데 성관이 가장 많은 수이다.",exact,术语在线,天文学 · 2013,Astronomy · 2013
192,11,十一 · 四象・二十八宿,十一 · 四象・二十八宿,11 · The four images and the twenty-eight mansions,十一 · 四象・二十八宿,11 · 사상·이십팔수,鬼宿,鬼宿,Ghost,鬼宿,귀수,星宿与星官 · 二十八宿,星宿與星官 · 二十八宿,Mansions and star officials · the twenty-eight mansions,星宿と星官 · 二十八宿,성수와 성관 · 이십팔수,二十八宿的第二十三宿，属南方朱雀。距星为鬼宿一（巨蟹座 θ）。又名舆鬼。《步天歌》载此宿有星官七、星二十九。,二十八宿的第二十三宿，屬南方朱雀。距星為鬼宿一（巨蟹座 θ）。又名輿鬼。《步天歌》載此宿有星官七、星二十九。,"The twenty-third of the twenty-eight mansions, in the Vermilion Bird of the South. Its determinative star is Theta Cancri; it is also called Yu-gui. The Song of Pacing the Heavens gives it seven asterisms and twenty-nine stars.",二十八宿の第二十三宿。南方朱雀に属する。距星は鬼宿一（かに座 θ）。輿鬼ともいう。『歩天歌』はこの宿に星官七・星二十九を載せる。,이십팔수(二十八宿)의 스물셋째 수. 남방주작에 속한다. 거성은 귀수일(게자리 θ). 여귀라고도 한다. 『보천가』는 이 수에 성관 7·별 29를 싣는다.,exact,术语在线,天文学 · 2013,Astronomy · 2013
193,11,十一 · 四象・二十八宿,十一 · 四象・二十八宿,11 · The four images and the twenty-eight mansions,十一 · 四象・二十八宿,11 · 사상·이십팔수,柳宿,柳宿,Willow,柳宿,유수,星宿与星官 · 二十八宿,星宿與星官 · 二十八宿,Mansions and star officials · the twenty-eight mansions,星宿と星官 · 二十八宿,성수와 성관 · 이십팔수,二十八宿的第二十四宿，属南方朱雀。距星为柳宿一（长蛇座 δ）。又名咮。《步天歌》载此宿有星官二、星十一。,二十八宿的第二十四宿，屬南方朱雀。距星為柳宿一（長蛇座 δ）。又名咮。《步天歌》載此宿有星官二、星十一。,"The twenty-fourth of the twenty-eight mansions, in the Vermilion Bird of the South. Its determinative star is Delta Hydrae; it is also called Zhou. The Song of Pacing the Heavens gives it two asterisms and eleven stars.",二十八宿の第二十四宿。南方朱雀に属する。距星は柳宿一（うみへび座 δ）。咮ともいう。『歩天歌』はこの宿に星官二・星十一を載せる。,이십팔수(二十八宿)의 스물넷째 수. 남방주작에 속한다. 거성은 유수일(바다뱀자리 δ). 주라고도 한다. 『보천가』는 이 수에 성관 2·별 11을 싣는다.,exact,术语在线,天文学 · 2013,Astronomy · 2013
194,11,十一 · 四象・二十八宿,十一 · 四象・二十八宿,11 · The four images and the twenty-eight mansions,十一 · 四象・二十八宿,11 · 사상·이십팔수,星宿,星宿,Seven Stars,星宿,성수,星宿与星官 · 二十八宿,星宿與星官 · 二十八宿,Mansions and star officials · the twenty-eight mansions,星宿と星官 · 二十八宿,성수와 성관 · 이십팔수,二十八宿的第二十五宿，属南方朱雀。距星为星宿一（长蛇座 α）。原名七星。《步天歌》载此宿有星官五、星三十六。,二十八宿的第二十五宿，屬南方朱雀。距星為星宿一（長蛇座 α）。原名七星。《步天歌》載此宿有星官五、星三十六。,"The twenty-fifth of the twenty-eight mansions, in the Vermilion Bird of the South. Its determinative star is Alpha Hydrae; its older name is Seven Stars. The Song of Pacing the Heavens gives it five asterisms and thirty-six stars.",二十八宿の第二十五宿。南方朱雀に属する。距星は星宿一（うみへび座 α）。もとの名を七星という。『歩天歌』はこの宿に星官五・星三十六を載せる。,이십팔수(二十八宿)의 스물다섯째 수. 남방주작에 속한다. 거성은 성수일(바다뱀자리 α). 본래 이름은 칠성이다. 『보천가』는 이 수에 성관 5·별 36을 싣는다.,exact,术语在线,天文学 · 2013,Astronomy · 2013
195,11,十一 · 四象・二十八宿,十一 · 四象・二十八宿,11 · The four images and the twenty-eight mansions,十一 · 四象・二十八宿,11 · 사상·이십팔수,张宿,張宿,Extension,張宿,장수,星宿与星官 · 二十八宿,星宿與星官 · 二十八宿,Mansions and star officials · the twenty-eight mansions,星宿と星官 · 二十八宿,성수와 성관 · 이십팔수,二十八宿的第二十六宿，属南方朱雀。距星为张宿一（长蛇座 υ¹）。《步天歌》载此宿有星官二、星二十。,二十八宿的第二十六宿，屬南方朱雀。距星為張宿一（長蛇座 υ¹）。《步天歌》載此宿有星官二、星二十。,"The twenty-sixth of the twenty-eight mansions, in the Vermilion Bird of the South. Its determinative star is Upsilon-1 Hydrae. The Song of Pacing the Heavens gives it two asterisms and twenty stars.",二十八宿の第二十六宿。南方朱雀に属する。距星は張宿一（うみへび座 υ¹）。『歩天歌』はこの宿に星官二・星二十を載せる。,이십팔수(二十八宿)의 스물여섯째 수. 남방주작에 속한다. 거성은 장수일(바다뱀자리 υ¹). 『보천가』는 이 수에 성관 2·별 20을 싣는다.,exact,术语在线,天文学 · 2013,Astronomy · 2013
196,11,十一 · 四象・二十八宿,十一 · 四象・二十八宿,11 · The four images and the twenty-eight mansions,十一 · 四象・二十八宿,11 · 사상·이십팔수,翼宿,翼宿,Wings,翼宿,익수,星宿与星官 · 二十八宿,星宿與星官 · 二十八宿,Mansions and star officials · the twenty-eight mansions,星宿と星官 · 二十八宿,성수와 성관 · 이십팔수,二十八宿的第二十七宿，属南方朱雀。距星为翼宿一（巨爵座 α）。《步天歌》载此宿有星官二、星二十七。,二十八宿的第二十七宿，屬南方朱雀。距星為翼宿一（巨爵座 α）。《步天歌》載此宿有星官二、星二十七。,"The twenty-seventh of the twenty-eight mansions, in the Vermilion Bird of the South. Its determinative star is Alpha Crateris. The Song of Pacing the Heavens gives it two asterisms and twenty-seven stars.",二十八宿の第二十七宿。南方朱雀に属する。距星は翼宿一（コップ座 α）。『歩天歌』はこの宿に星官二・星二十七を載せる。,이십팔수(二十八宿)의 스물일곱째 수. 남방주작에 속한다. 거성은 익수일(컵자리 α). 『보천가』는 이 수에 성관 2·별 27을 싣는다.,exact,术语在线,天文学 · 2013,Astronomy · 2013
197,11,十一 · 四象・二十八宿,十一 · 四象・二十八宿,11 · The four images and the twenty-eight mansions,十一 · 四象・二十八宿,11 · 사상·이십팔수,轸宿,軫宿,Chariot Platform,軫宿,진수,星宿与星官 · 二十八宿,星宿與星官 · 二十八宿,Mansions and star officials · the twenty-eight mansions,星宿と星官 · 二十八宿,성수와 성관 · 이십팔수,二十八宿的第二十八宿，属南方朱雀。距星为轸宿一（乌鸦座 γ）。《步天歌》载此宿有星官五、星五十二。,二十八宿的第二十八宿，屬南方朱雀。距星為軫宿一（烏鴉座 γ）。《步天歌》載此宿有星官五、星五十二。,"The twenty-eighth of the twenty-eight mansions, in the Vermilion Bird of the South. Its determinative star is Gamma Corvi. The Song of Pacing the Heavens gives it five asterisms and fifty-two stars.",二十八宿の第二十八宿。南方朱雀に属する。距星は軫宿一（からす座 γ）。『歩天歌』はこの宿に星官五・星五十二を載せる。,이십팔수(二十八宿)의 스물여덟째 수. 남방주작에 속한다. 거성은 진수일(까마귀자리 γ). 『보천가』는 이 수에 성관 5·별 52를 싣는다.,exact,术语在线,天文学 · 2013,Astronomy · 2013
198,12,十二 · 星名・星表・天河・宇宙论,十二 · 星名・星表・天河・宇宙論,"12 · Star names, catalogues, the Milky Way and cosmology",十二 · 星名・星表・天の川・宇宙論,12 · 성명·성표·은하수·우주론,浑天说,渾天說,the theory of sphere-heavens,渾天説,혼천설,天文基础 · 宇宙论,天文基礎 · 宇宙論,Fundamentals · cosmology,天文基礎 · 宇宙論,천문 기초 · 우주론,始于战国的一种以地为中心的有限宇宙体系之说：天浑圆如弹丸，日月星辰附在天球上运行，地悬在空中、浮于气内，像蛋黄裹在蛋壳里。,始於戰國的一種以地為中心的有限宇宙體系之說：天渾圓如彈丸，日月星辰附在天球上運行，地懸在空中、浮於氣內，像蛋黃裹在蛋殼裡。,"A finite, earth-centred cosmology from the Warring States: the heavens are round as a pellet, sun, moon and stars ride on the sphere, and the earth hangs within, floating in air like a yolk in its shell.",戦国に始まる、地を中心とする有限の宇宙体系の説。天は弾丸のように渾円で、日月星辰は天球に付いて運行し、地は空中に懸かり気の内に浮かび、卵黄が卵殻に包まれるようだとする。,"전국시대에 시작된, 땅을 중심으로 하는 유한한 우주 체계의 설. 하늘은 탄환처럼 둥글고 일월성신은 천구에 붙어 운행하며, 땅은 공중에 걸려 기 안에 떠 있어 마치 난황이 난각에 싸인 것과 같다고 한다.",none,,,
199,12,十二 · 星名・星表・天河・宇宙论,十二 · 星名・星表・天河・宇宙論,"12 · Star names, catalogues, the Milky Way and cosmology",十二 · 星名・星表・天の川・宇宙論,12 · 성명·성표·은하수·우주론,盖天说,蓋天說,the heavenly-cover cosmology,蓋天説,개천설,天文基础 · 宇宙论,天文基礎 · 宇宙論,Fundamentals · cosmology,天文基礎 · 宇宙論,천문 기초 · 우주론,中国最早的宇宙结构之说：天像一口盖着的碗或一顶斗笠，地像一个倒扣的盘子，天在地之上、日月星辰随天而转。,中國最早的宇宙結構之說：天像一口蓋著的碗或一頂斗笠，地像一個倒扣的盤子，天在地之上、日月星辰隨天而轉。,"The oldest Chinese cosmography: the sky is a bowl or a conical hat above a tilted dish of earth, and the sun, moon and stars turn with the sky above it.",中国最古の宇宙構造の説。天は蓋をした碗あるいは斗笠のようで、地は伏せた盆のようであり、天は地の上にあり、日月星辰は天に随って回るとする。,"중국 최초의 우주 구조설. 하늘은 덮개를 덮은 사발이나 삿갓 같고 땅은 엎어 놓은 쟁반 같으며, 하늘이 땅 위에 있고 일월성신이 하늘을 따라 돈다고 한다.",none,,,
200,12,十二 · 星名・星表・天河・宇宙论,十二 · 星名・星表・天河・宇宙論,"12 · Star names, catalogues, the Milky Way and cosmology",十二 · 星名・星表・天の川・宇宙論,12 · 성명·성표·은하수·우주론,宣夜说,宣夜說,the theory of an infinite universe,宣夜説,선야설,天文基础 · 宇宙论,天文基礎 · 宇宙論,Fundamentals · cosmology,天文基礎 · 宇宙論,천문 기초 · 우주론,主张天没有形质、没有边界，日月众星各自浮在虚空之中、凭气而动。与浑天、盖天同为古代三家宇宙之说。,主張天沒有形質、沒有邊界，日月眾星各自浮在虛空之中、憑氣而動。與渾天、蓋天同為古代三家宇宙之說。,"Holds that the heavens have neither body nor boundary, and that sun, moon and stars float separately in empty space, moved by their own breath. With the sphere-heavens and the heavenly-cover it is one of the three old cosmologies.",天には形質も境界もなく、日月衆星はそれぞれ虚空の中に浮かび、気によって動くと主張する。渾天・蓋天とともに古代三家の宇宙説である。,하늘에는 형질도 경계도 없으며 일월중성은 각각 허공에 떠서 기에 따라 움직인다고 주장한다. 혼천·개천과 함께 고대 삼가의 우주설이다.,none,,,
201,12,十二 · 星名・星表・天河・宇宙论,十二 · 星名・星表・天河・宇宙論,"12 · Star names, catalogues, the Milky Way and cosmology",十二 · 星名・星表・天の川・宇宙論,12 · 성명·성표·은하수·우주론,天球,天球,the celestial sphere,天球,천구,天文基础 · 宇宙论,天文基礎 · 宇宙論,Fundamentals · cosmology,天文基礎 · 宇宙論,천문 기초 · 우주론,为确定天体的位置和运动，设想把地球包在里面、与地球同心的一层假想圆球。天极、赤道、黄道都是这层球面上的圈与点。,為確定天體的位置和運動，設想把地球包在裡面、與地球同心的一層假想圓球。天極、赤道、黃道都是這層球面上的圈與點。,"An imaginary sphere concentric with the earth, on which the positions and motions of bodies are reckoned. The celestial pole, the equator and the ecliptic are its points and circles.",天体の位置と運動を定めるため、地球をその内に包み、地球と同心と想定した一層の仮想の球。天極・赤道・黄道はいずれもこの球面上の円と点である。,천체의 위치와 운동을 정하기 위해 지구를 그 안에 싸고 지구와 동심이라고 상정한 한 겹의 가상 구. 천극·적도·황도(黃道)는 모두 이 구면 위의 원과 점이다.,none,,,
202,12,十二 · 星名・星表・天河・宇宙论,十二 · 星名・星表・天河・宇宙論,"12 · Star names, catalogues, the Milky Way and cosmology",十二 · 星名・星表・天の川・宇宙論,12 · 성명·성표·은하수·우주론,大火,大火,Da Huo,大火,대화,天文基础 · 天体,天文基礎 · 天體,Fundamentals · celestial bodies,天文基礎 · 天体,천문 기초 · 천체,心宿二，天蝎座 α。《诗经》「七月流火」的「火」即指它。古人以它黄昏时西沉的早晚定夏去秋来，是上古最重要的授时星之一。,心宿二，天蠍座 α。《詩經》「七月流火」的「火」即指它。古人以它黃昏時西沉的早晚定夏去秋來，是上古最重要的授時星之一。,"Alpha Scorpii, the second star of the mansion Xin, and the fire of the old line in the Book of Songs about the fire declining in the seventh month. One of the most important stars for telling the seasons in high antiquity.",心宿二、さそり座 α。『詩経』「七月流火」の「火」はこれを指す。古人はその夕暮れの西沈の早晩によって夏の去り秋の来ることを定め、上古の最も重要な授時星の一つであった。,"심수이, 전갈자리 α. 『시경』 「칠월유화」의 「화」가 이를 가리킨다. 옛사람은 그 황혼녘 서쪽으로 지는 이르고 늦음으로 여름이 가고 가을이 옴을 정했으며, 상고의 가장 중요한 수시성 가운데 하나였다.",none,,,
203,12,十二 · 星名・星表・天河・宇宙论,十二 · 星名・星表・天河・宇宙論,"12 · Star names, catalogues, the Milky Way and cosmology",十二 · 星名・星表・天の川・宇宙論,12 · 성명·성표·은하수·우주론,银河,銀河,the Milky Way,銀河,은하,天象类 · 特殊天象,天象類 · 特殊天象,Celestial phenomena · other phenomena,天象 · 特殊な天象,천상 현상 · 특수 천상,晴天夜里可见的一条横过星空的乳白色亮带，古人以为它是天上的一条河，因而又叫天河。,晴天夜裡可見的一條橫過星空的乳白色亮帶，古人以為它是天上的一條河，因而又叫天河。,"The pale band of light across a clear night sky; the old Chinese took it for a river in the heavens, and so called it the celestial river.",晴れた夜に見える、星空を横切る乳白色の明るい帯。古人はこれを天の川と思い、それゆえ天河とも呼んだ。,"맑은 밤에 보이는, 별하늘을 가로지르는 유백색의 밝은 띠. 옛사람은 이를 하늘의 강이라 여겨 천하(天河)라고도 불렀다.",exact,术语在线,天文学 · 天文学史 · 2024,Astronomy · History of Astronomy · 2024
204,12,十二 · 星名・星表・天河・宇宙论,十二 · 星名・星表・天河・宇宙論,"12 · Star names, catalogues, the Milky Way and cosmology",十二 · 星名・星表・天の川・宇宙論,12 · 성명·성표·은하수·우주론,《步天歌》,《步天歌》,the Butian Ge,『歩天歌』,『보천가』,律历制度 · 文献,律曆制度 · 文獻,Institutions · sources,律暦制度 · 文献,율력 제도 · 문헌,以七言歌诀分述三垣二十八宿全部星官的歌辞，相传为隋丹元子所作。后世认星、绘星图多以它为纲，也是星官数统计的主要依据之一。,以七言歌訣分述三垣二十八宿全部星官的歌辭，相傳為隋丹元子所作。後世認星、繪星圖多以它為綱，也是星官數統計的主要依據之一。,"Seven-character verses setting out every star official under the three enclosures and the twenty-eight mansions, traditionally ascribed to Dan Yuanzi of the Sui. Later star-lore and charting took it as their frame, and it is one of the chief sources for counting the officials.",七言の歌訣で三垣二十八宿のすべての星官を分述した歌辞。隋の丹元子の作と伝える。後世の認星と星図の作製は多くこれを綱とし、星官数の統計の主要な根拠の一つでもある。,"칠언 가결로 삼원이십팔수의 모든 성관을 나누어 서술한 가사. 수(隋)의 단원자의 작이라 전한다. 후세의 별 인식과 성도 작성은 대개 이를 강령으로 삼았고, 성관 수 통계의 주요 근거의 하나이기도 하다.",exact,术语在线,天文学 · 天文学史 · 2024,Astronomy · History of Astronomy · 2024
205,12,十二 · 星名・星表・天河・宇宙论,十二 · 星名・星表・天河・宇宙論,"12 · Star names, catalogues, the Milky Way and cosmology",十二 · 星名・星表・天の川・宇宙論,12 · 성명·성표·은하수·우주론,《石氏星经》,《石氏星經》,the Star Classic of Master Shi,『石氏星経』,『석씨성경』,律历制度 · 文献,律曆制度 · 文獻,Institutions · sources,律暦制度 · 文献,율력 제도 · 문헌,战国魏人石申所著星表，原书已佚，其内容因《开元占经》的引用而部分留存，含二十八宿距星与一百二十余颗恒星的赤道坐标。,戰國魏人石申所著星表，原書已佚，其內容因《開元占經》的引用而部分留存，含二十八宿距星與一百二十餘顆恆星的赤道座標。,"The star catalogue of Shi Shen of Wei. The original is lost; what survives is preserved through quotation in the Kaiyuan Zhanjing, including the determinative stars of the mansions and the equatorial coordinates of more than a hundred and twenty fixed stars.",戦国魏の人石申の著した星表。原書はすでに散佚し、その内容は『開元占経』の引用によって一部が残る。二十八宿の距星と百二十余りの恒星の赤道座標を含む。,"전국 위(魏) 사람 석신이 지은 성표. 원서는 이미 산실되었고 그 내용은 『개원점경』의 인용으로 일부가 남아 있으며, 이십팔수(二十八宿)의 거성과 120여 개 항성(恒星)의 적도 좌표를 포함한다.",exact,术语在线,天文学 · 天文学史 · 2024,Astronomy · History of Astronomy · 2024
206,12,十二 · 星名・星表・天河・宇宙论,十二 · 星名・星表・天河・宇宙論,"12 · Star names, catalogues, the Milky Way and cosmology",十二 · 星名・星表・天の川・宇宙論,12 · 성명·성표·은하수·우주론,观象台,觀象臺,the astronomical observatory,観象台,관상대,律历制度 · 观测方法,律曆制度 · 觀測方法,Institutions · observational methods,律暦制度 · 観測方法,율력 제도 · 관측 방법,明清两代观测天象的台址，北京古观象台即其一。台上置浑仪、简仪、天体仪等，与钦天监的造历相表里。,明清兩代觀測天象的臺址，北京古觀象臺即其一。臺上置渾儀、簡儀、天體儀等，與欽天監的造曆相表裡。,"The observing platform of the Ming and Qing, of which the old one at Beijing still stands. Armillary spheres, abridged instruments and a celestial globe stood upon it, in service of the Imperial Observatory’s calendars.",明清両代に天象を観測した台址。北京の古観象台はその一つ。台上に渾儀・簡儀・天体儀などを置き、欽天監の造暦と表裏をなした。,명·청 두 대에 천상을 관측한 대지. 베이징 고관상대가 그 하나이다. 대 위에 혼의·간의·천체의 등을 두어 흠천감의 조력과 표리를 이루었다.,exact,术语在线,天文学 · 2013,Astronomy · 2013
207,13,十三 · 月相（今名）,十三 · 月相（今名）,13 · Lunar phases (modern names),十三 · 月相（今名）,13 · 월상(오늘의 이름),新月,新月,new moon,新月,신월,天象类 · 月相,天象類 · 月相,Celestial phenomena · lunar phases,天象 · 月相,천상 현상 · 월상,「朔」的今名：日月黄经相同、月面不可见的时刻，今称新月。见「朔」条。,「朔」的今名：日月黃經相同、月面不可見的時刻，今稱新月。見「朔」條。,The modern name for shuo: the moment when sun and moon share the same celestial longitude and the moon’s face is turned from us. See Shuo.,「朔」の今名。日月の黄経が同じで月面が見えない時刻を、今は新月という。「朔」の項を参照。,「삭(朔)」의 오늘 이름. 일월의 황경(黃經)이 같아 월면이 보이지 않는 시각을 오늘은 신월이라 한다. 「삭」 항목을 참조.,none,,,
208,13,十三 · 月相（今名）,十三 · 月相（今名）,13 · Lunar phases (modern names),十三 · 月相（今名）,13 · 월상(오늘의 이름),蛾眉月,蛾眉月,waxing crescent,蛾眉月,아미월,天象类 · 月相,天象類 · 月相,Celestial phenomena · lunar phases,天象 · 月相,천상 현상 · 월상,朔后初见于西方天空的月牙，状如蛾眉，日落后可见。,朔後初見於西方天空的月牙，狀如蛾眉，日落後可見。,"The crescent first caught in the western sky after new moon, shaped like an eyebrow, visible after sunset.",朔の後に初めて西方の空に見える月の牙。蛾眉のような形で、日没後に見える。,삭(朔) 뒤에 처음 서쪽 하늘에 보이는 달의 초승. 눈썹 같은 모양이며 일몰 뒤에 보인다.,exact,术语在线,天文学 · 2013,Astronomy · 2013
209,13,十三 · 月相（今名）,十三 · 月相（今名）,13 · Lunar phases (modern names),十三 · 月相（今名）,13 · 월상(오늘의 이름),上弦月,上弦月,first quarter,上弦の月,상현달,天象类 · 月相,天象類 · 月相,Celestial phenomena · lunar phases,天象 · 月相,천상 현상 · 월상,「上弦」的今名：月亮位于太阳以东九十度，日落时正当中天，西半边明亮。见「上弦／下弦」条。,「上弦」的今名：月亮位於太陽以東九十度，日落時正當中天，西半邊明亮。見「上弦／下弦」條。,"The modern name for the first quarter: the moon stands ninety degrees east of the sun, culminates at sunset, and its western half is lit.",「上弦」の今名。月が太陽の東九十度にあり、日没時にちょうど南中し、西半分が明るい。「上弦／下弦」の項を参照。,"「상현(上弦)」의 오늘 이름. 달이 태양의 동쪽 90도에 있어 일몰 때 마침 남중하고, 서쪽 절반이 밝다. 「상현／하현(下弦)」 항목을 참조.",near,上弦,天文学 · 天体力学,Astronomy · Celestial Mechanics
210,13,十三 · 月相（今名）,十三 · 月相（今名）,13 · Lunar phases (modern names),十三 · 月相（今名）,13 · 월상(오늘의 이름),盈凸月,盈凸月,waxing gibbous,盈凸月,차오르는 볼록달,天象类 · 月相,天象類 · 月相,Celestial phenomena · lunar phases,天象 · 月相,천상 현상 · 월상,上弦到望之间的月相，被照亮的部分大于半个，逐夜变圆。,上弦到望之間的月相，被照亮的部分大於半個，逐夜變圓。,"The phase between first quarter and full moon, when more than half the disc is lit and it grows rounder night by night.",上弦から望までの間の月相。照らされた部分が半分より大きく、夜ごとに円くなってゆく。,상현(上弦)에서 망(望) 사이의 월상. 밝은 부분이 절반보다 크고 밤마다 둥글어진다.,exact,术语在线,天文学 · 天体力学 · 2024,Astronomy · Celestial Mechanics · 2024
211,13,十三 · 月相（今名）,十三 · 月相（今名）,13 · Lunar phases (modern names),十三 · 月相（今名）,13 · 월상(오늘의 이름),满月,滿月,full moon,満月,보름달,天象类 · 月相,天象類 · 月相,Celestial phenomena · lunar phases,天象 · 月相,천상 현상 · 월상,「望」的今名：月亮与太阳黄经相差一百八十度，日落时东升、日出时西落。见「望」条。,「望」的今名：月亮與太陽黃經相差一百八十度，日落時東昇、日出時西落。見「望」條。,"The modern name for wang: sun and moon stand 180 degrees apart in longitude, the moon rising at sunset and setting at sunrise. See Wang.",「望」の今名。月が太陽と黄経で百八十度を隔て、日没時に東から昇り、日の出時に西へ沈む。「望」の項を参照。,"「망(望)」의 오늘 이름. 달이 태양과 황경(黃經)으로 180도를 떨어져, 일몰 때 동쪽에서 떠올라 일출 때 서쪽으로 진다. 「망」 항목을 참조.",none,,,
212,13,十三 · 月相（今名）,十三 · 月相（今名）,13 · Lunar phases (modern names),十三 · 月相（今名）,13 · 월상(오늘의 이름),亏凸月,虧凸月,waning gibbous,虧凸月,기우는 볼록달,天象类 · 月相,天象類 · 月相,Celestial phenomena · lunar phases,天象 · 月相,천상 현상 · 월상,望到下弦之间的月相，被照亮的部分大于半个，逐夜变缺。,望到下弦之間的月相，被照亮的部分大於半個，逐夜變缺。,"The phase between full moon and last quarter, when more than half the disc is lit and it wanes night by night.",望から下弦までの間の月相。照らされた部分が半分より大きく、夜ごとに欠けてゆく。,망(望)에서 하현(下弦) 사이의 월상. 밝은 부분이 절반보다 크고 밤마다 이지러진다.,exact,术语在线,天文学 · 天体力学 · 2024,Astronomy · Celestial Mechanics · 2024
213,13,十三 · 月相（今名）,十三 · 月相（今名）,13 · Lunar phases (modern names),十三 · 月相（今名）,13 · 월상(오늘의 이름),下弦月,下弦月,last quarter,下弦の月,하현달,天象类 · 月相,天象類 · 月相,Celestial phenomena · lunar phases,天象 · 月相,천상 현상 · 월상,「下弦」的今名：月亮位于太阳以西九十度，日出时正当中天，东半边明亮。见「上弦／下弦」条。,「下弦」的今名：月亮位於太陽以西九十度，日出時正當中天，東半邊明亮。見「上弦／下弦」條。,"The modern name for the last quarter: the moon stands ninety degrees west of the sun, culminates at sunrise, and its eastern half is lit.",「下弦」の今名。月が太陽の西九十度にあり、日の出時にちょうど南中し、東半分が明るい。「上弦／下弦」の項を参照。,"「하현(下弦)」의 오늘 이름. 달이 태양의 서쪽 90도에 있어 일출 때 마침 남중하고, 동쪽 절반이 밝다. 「상현(上弦)／하현」 항목을 참조.",none,,,
214,13,十三 · 月相（今名）,十三 · 月相（今名）,13 · Lunar phases (modern names),十三 · 月相（今名）,13 · 월상(오늘의 이름),残月,殘月,waning crescent,残月,그믐달,天象类 · 月相,天象類 · 月相,Celestial phenomena · lunar phases,天象 · 月相,천상 현상 · 월상,下弦之后到朔之前的月牙，黎明前见于东方。,下弦之後到朔之前的月牙，黎明前見於東方。,"The crescent between last quarter and new moon, caught in the east before dawn.",下弦の後から朔の前までの月の牙。夜明け前に東方に見える。,하현(下弦) 뒤에서 삭(朔) 전까지의 달의 초승. 새벽 전에 동쪽에 보인다.,exact,术语在线,天文学 · 2013,Astronomy · 2013
215,13,十三 · 月相（今名）,十三 · 月相（今名）,13 · Lunar phases (modern names),十三 · 月相（今名）,13 · 월상(오늘의 이름),月龄,月齡,moon’s age,月齢,월령,天象类 · 月相,天象類 · 月相,Celestial phenomena · lunar phases,天象 · 月相,천상 현상 · 월상,自朔起算的日数，朔日为零。本站历日页「月相月龄」即指此。,自朔起算的日數，朔日為零。本站曆日頁「月相月齡」即指此。,"The number of days elapsed since new moon, counted from zero on the day of shuo; the almanac page here gives it alongside the phase.",朔から起算した日数。朔日を零とする。当サイトの暦日頁の「月相月齢」はこれを指す。,삭(朔)에서 기산한 일수. 삭일을 0으로 한다. 본 사이트의 역일 페이지 「월상월령」이 이를 가리킨다.,exact,术语在线,天文学 · 天体力学 · 2024,Astronomy · Celestial Mechanics · 2024
216,14,十四 · 年月周期与时制（今用）,十四 · 年月週期與時制（今用）,"14 · Periods of year and month, and time systems (modern)",十四 · 年月周期と時制（今用）,14 · 연월 주기와 시제(오늘의 쓰임),回归年,回歸年,tropical year,回帰年,회귀년(回歸年),天文基础 · 时间系统,天文基礎 · 時間系統,Fundamentals · time systems,天文基礎 · 時間体系,천문 기초 · 시간 체계,「岁实」的今名：太阳连续两次过春分点所历的时间，约 365.2422 日。见「岁实」条。,「歲實」的今名：太陽連續兩次過春分點所歷的時間，約 365.2422 日。見「歲實」條。,The modern name for the tropical year; see Sui-shi. About 365.2422 days.,「歳実」の今名。太陽が続けて二度春分点を過ぎるまでの時間。約 365.2422 日。「歳実」の項を参照。,「세실(歲實)」의 오늘 이름. 태양이 연달아 두 번 춘분점을 지나는 데 걸리는 시간. 약 365.2422일. 「세실」 항목을 참조.,exact,术语在线,天文学 · 天体测量学 · 2024,Astronomy · Astrometry · 2024
217,14,十四 · 年月周期与时制（今用）,十四 · 年月週期與時制（今用）,"14 · Periods of year and month, and time systems (modern)",十四 · 年月周期と時制（今用）,14 · 연월 주기와 시제(오늘의 쓰임),恒星年,恆星年,sidereal year,恒星年,항성년,天文基础 · 时间系统,天文基礎 · 時間系統,Fundamentals · time systems,天文基礎 · 時間体系,천문 기초 · 시간 체계,「岁周」的今名：太阳连续两次回到同一颗恒星所历的时间，约 365.2564 日，比回归年略长。见「岁周」条。,「歲周」的今名：太陽連續兩次回到同一顆恆星所歷的時間，約 365.2564 日，比回歸年略長。見「歲周」條。,"The modern name for the sidereal year; see Sui-zhou. About 365.2564 days, a little longer than the tropical year.",「歳周」の今名。太陽が続けて二度同じ恒星に戻るまでの時間。約 365.2564 日で、回帰年よりやや長い。「歳周」の項を参照。,「세주」의 오늘 이름. 태양이 연달아 두 번 같은 항성(恒星)으로 되돌아오는 데 걸리는 시간. 약 365.2564일로 회귀년(回歸年)보다 조금 길다. 「세주」 항목을 참조.,exact,术语在线,天文学 · 天体测量学 · 2024,Astronomy · Astrometry · 2024
218,14,十四 · 年月周期与时制（今用）,十四 · 年月週期與時制（今用）,"14 · Periods of year and month, and time systems (modern)",十四 · 年月周期と時制（今用）,14 · 연월 주기와 시제(오늘의 쓰임),近点年,近點年,anomalistic year,近点年,근점년,天文基础 · 时间系统,天文基礎 · 時間系統,Fundamentals · time systems,天文基礎 · 時間体系,천문 기초 · 시간 체계,地球连续两次过近日点所历的时间，约 365.2596 日。,地球連續兩次過近日點所歷的時間，約 365.2596 日。,"The time the earth takes to return twice to perihelion, about 365.2596 days.",地球が続けて二度近日点を過ぎるまでの時間。約 365.2596 日。,지구가 연달아 두 번 근일점을 지나는 데 걸리는 시간. 약 365.2596일.,exact,术语在线,天文学 · 天体测量学 · 2024,Astronomy · Astrometry · 2024
219,14,十四 · 年月周期与时制（今用）,十四 · 年月週期與時制（今用）,"14 · Periods of year and month, and time systems (modern)",十四 · 年月周期と時制（今用）,14 · 연월 주기와 시제(오늘의 쓰임),朔望月,朔望月,synodic month,朔望月,삭망월(朔望月),天文基础 · 时间系统,天文基礎 · 時間系統,Fundamentals · time systems,天文基礎 · 時間体系,천문 기초 · 시간 체계,「朔策」的今名：月相圆缺一轮所历的时间，约 29.5306 日。见「朔策」条。,「朔策」的今名：月相圓缺一輪所歷的時間，約 29.5306 日。見「朔策」條。,"The modern name for the synodic month; see Shuo-ce. One full round of the phases, about 29.5306 days.",「朔策」の今名。月相の円欠が一巡するまでの時間。約 29.5306 日。「朔策」の項を参照。,「삭책(朔策)」의 오늘 이름. 월상의 원결이 한 바퀴 도는 데 걸리는 시간. 약 29.5306일. 「삭책」 항목을 참조.,exact,术语在线,天文学 · 天体测量学 · 2024,Astronomy · Astrometry · 2024
220,14,十四 · 年月周期与时制（今用）,十四 · 年月週期與時制（今用）,"14 · Periods of year and month, and time systems (modern)",十四 · 年月周期と時制（今用）,14 · 연월 주기와 시제(오늘의 쓰임),恒星月,恆星月,sidereal month,恒星月,항성월,天文基础 · 时间系统,天文基礎 · 時間系統,Fundamentals · time systems,天文基礎 · 時間体系,천문 기초 · 시간 체계,月球连续两次回到同一颗恒星所历的时间，约 27.3217 日，比朔望月短。,月球連續兩次回到同一顆恆星所歷的時間，約 27.3217 日，比朔望月短。,"The time the moon takes to return to the same star, about 27.3217 days — shorter than the synodic month.",月が続けて二度同じ恒星に戻るまでの時間。約 27.3217 日で、朔望月より短い。,달이 연달아 두 번 같은 항성(恒星)으로 되돌아오는 데 걸리는 시간. 약 27.3217일로 삭망월(朔望月)보다 짧다.,exact,术语在线,天文学 · 天体测量学 · 2024,Astronomy · Astrometry · 2024
221,14,十四 · 年月周期与时制（今用）,十四 · 年月週期與時制（今用）,"14 · Periods of year and month, and time systems (modern)",十四 · 年月周期と時制（今用）,14 · 연월 주기와 시제(오늘의 쓰임),近点月,近點月,anomalistic month,近点月,근점월,天文基础 · 时间系统,天文基礎 · 時間系統,Fundamentals · time systems,天文基礎 · 時間体系,천문 기초 · 시간 체계,月球连续两次过近地点所历的时间，约 27.5546 日。月行迟疾的周期即以此为准，见「入转」条。,月球連續兩次過近地點所歷的時間，約 27.5546 日。月行遲疾的週期即以此為準，見「入轉」條。,"The time the moon takes to return twice to perigee, about 27.5546 days; it sets the cycle of the moon’s changing speed. See Ru-zhuan.",月が続けて二度近地点を過ぎるまでの時間。約 27.5546 日。月行の遅疾の周期はこれを基準とする。「入転」の項を参照。,달이 연달아 두 번 근지점을 지나는 데 걸리는 시간. 약 27.5546일. 월행의 지질 주기는 이를 기준으로 한다. 「입전」 항목을 참조.,exact,术语在线,天文学 · 天体测量学 · 2024,Astronomy · Astrometry · 2024
222,14,十四 · 年月周期与时制（今用）,十四 · 年月週期與時制（今用）,"14 · Periods of year and month, and time systems (modern)",十四 · 年月周期と時制（今用）,14 · 연월 주기와 시제(오늘의 쓰임),交点月,交點月,nodical month,交点月,교점월,天文基础 · 时间系统,天文基礎 · 時間系統,Fundamentals · time systems,天文基礎 · 時間体系,천문 기초 · 시간 체계,月球连续两次过同一黄白交点所历的时间，约 27.2122 日。交食是否发生，要看它落在何处。,月球連續兩次過同一黃白交點所歷的時間，約 27.2122 日。交食是否發生，要看它落在何處。,"The time the moon takes to return to the same node of its path against the ecliptic, about 27.2122 days; whether an eclipse occurs turns on where this falls.",月が続けて二度同じ黄白交点を過ぎるまでの時間。約 27.2122 日。交食が起こるかどうかは、それがどこに落ちるかによる。,달이 연달아 두 번 같은 황백교점을 지나는 데 걸리는 시간. 약 27.2122일. 교식이 일어나는지는 그것이 어디에 드는가에 달려 있다.,exact,术语在线,天文学 · 天体测量学 · 2024,Astronomy · Astrometry · 2024
223,14,十四 · 年月周期与时制（今用）,十四 · 年月週期與時制（今用）,"14 · Periods of year and month, and time systems (modern)",十四 · 年月周期と時制（今用）,14 · 연월 주기와 시제(오늘의 쓰임),太阳日,太陽日,solar day,太陽日,태양일,天文基础 · 时间系统,天文基礎 · 時間系統,Fundamentals · time systems,天文基礎 · 時間体系,천문 기초 · 시간 체계,太阳连续两次过同一子午线所历的时间，平太阳日定为二十四小时。,太陽連續兩次過同一子午線所歷的時間，平太陽日定為二十四小時。,The interval between two successive passages of the sun across the same meridian; the mean solar day is fixed at twenty-four hours.,太陽が続けて二度同じ子午線を過ぎるまでの時間。平太陽日は二十四時間と定める。,태양이 연달아 두 번 같은 자오선을 지나는 데 걸리는 시간. 평태양일은 24시간으로 정한다.,exact,术语在线,天文学 · 天体测量学 · 2024,Astronomy · Astrometry · 2024
224,14,十四 · 年月周期与时制（今用）,十四 · 年月週期與時制（今用）,"14 · Periods of year and month, and time systems (modern)",十四 · 年月周期と時制（今用）,14 · 연월 주기와 시제(오늘의 쓰임),恒星日,恆星日,sidereal day,恒星日,항성일,天文基础 · 时间系统,天文基礎 · 時間系統,Fundamentals · time systems,天文基礎 · 時間体系,천문 기초 · 시간 체계,恒星连续两次过同一子午线所历的时间，平恒星日约二十三时五十六分四秒，比太阳日短约四分钟。,恆星連續兩次過同一子午線所歷的時間，平恆星日約二十三時五十六分四秒，比太陽日短約四分鐘。,"The interval between two successive passages of a star across the same meridian; about 23 h 56 m 4 s, some four minutes shorter than the solar day.",恒星が続けて二度同じ子午線を過ぎるまでの時間。平恒星日は約二十三時五十六分四秒で、太陽日より約四分短い。,"항성(恒星)이 연달아 두 번 같은 자오선을 지나는 데 걸리는 시간. 평항성일은 약 23시 56분 4초로, 태양일보다 약 4분 짧다.",exact,术语在线,天文学 · 天体测量学 · 2024,Astronomy · Astrometry · 2024
225,14,十四 · 年月周期与时制（今用）,十四 · 年月週期與時制（今用）,"14 · Periods of year and month, and time systems (modern)",十四 · 年月周期と時制（今用）,14 · 연월 주기와 시제(오늘의 쓰임),真太阳时,真太陽時,apparent solar time,真太陽時,진태양시,天文基础 · 时间系统,天文基礎 · 時間系統,Fundamentals · time systems,天文基礎 · 時間体系,천문 기초 · 시간 체계,以真太阳的时角计的时间，日晷所指示的就是它。它走得不均匀。,以真太陽的時角計的時間，日晷所指示的就是它。它走得不均勻。,Time reckoned by the hour angle of the true sun — what a sundial reads. It does not run evenly.,真太陽の時角で計った時間。日時計が示すのがこれである。その進みは不均一である。,진태양의 시각으로 잰 시간. 해시계가 가리키는 것이 이것이다. 그 나아감은 고르지 않다.,exact,术语在线,天文学 · 天体测量学 · 2024,Astronomy · Astrometry · 2024
226,14,十四 · 年月周期与时制（今用）,十四 · 年月週期與時制（今用）,"14 · Periods of year and month, and time systems (modern)",十四 · 年月周期と時制（今用）,14 · 연월 주기와 시제(오늘의 쓰임),平太阳时,平太陽時,mean solar time,平太陽時,평태양시,天文基础 · 时间系统,天文基礎 · 時間系統,Fundamentals · time systems,天文基礎 · 時間体系,천문 기초 · 시간 체계,以假想的匀行太阳计的时间，钟表所走的即是这一种。它与真太阳时之差称均时差。,以假想的勻行太陽計的時間，鐘錶所走的即是這一種。它與真太陽時之差稱均時差。,Time reckoned by a fictitious sun moving at a uniform rate; this is what clocks keep. Its difference from apparent solar time is the equation of time.,仮想の一様に進む太陽で計った時間。時計が刻むのはこの一種である。真太陽時との差を均時差という。,가상의 고르게 가는 태양으로 잰 시간. 시계가 가는 것이 이 한 가지이다. 진태양시와의 차이를 균시차라 한다.,exact,术语在线,天文学 · 天体测量学 · 2024,Astronomy · Astrometry · 2024
227,14,十四 · 年月周期与时制（今用）,十四 · 年月週期與時制（今用）,"14 · Periods of year and month, and time systems (modern)",十四 · 年月周期と時制（今用）,14 · 연월 주기와 시제(오늘의 쓰임),北京时间,北京時間,Beijing time,北京時間,베이징 시간,天文基础 · 时间系统,天文基礎 · 時間系統,Fundamentals · time systems,天文基礎 · 時間体系,천문 기초 · 시간 체계,东经一百二十度的平太阳时，即东八区区时，不是北京当地的太阳时。,東經一百二十度的平太陽時，即東八區區時，不是北京當地的太陽時。,"The mean solar time of the 120th meridian east — the standard time of the eighth zone, and not the local solar time of Beijing.",東経百二十度の平太陽時。すなわち東八区の区時であり、北京の現地の太陽時ではない。,"동경 120도의 평태양시. 곧 동8구의 구시이며, 베이징 현지의 태양시가 아니다.",none,,,
228,14,十四 · 年月周期与时制（今用）,十四 · 年月週期與時制（今用）,"14 · Periods of year and month, and time systems (modern)",十四 · 年月周期と時制（今用）,14 · 연월 주기와 시제(오늘의 쓰임),世界时,世界時,universal time,世界時,세계시,天文基础 · 时间系统,天文基礎 · 時間系統,Fundamentals · time systems,天文基礎 · 時間体系,천문 기초 · 시간 체계,本初子午线（格林尼治）的平太阳时，是星历与天文年表常用的时间尺度。,本初子午線（格林尼治）的平太陽時，是星曆與天文年表常用的時間尺度。,"The mean solar time of the prime meridian at Greenwich, a time scale much used in ephemerides and almanacs.",本初子午線（グリニッジ）の平太陽時。星暦と天文年表に常用の時間尺度である。,본초자오선(그리니치)의 평태양시. 성력과 천문연표에 상용되는 시간 척도이다.,exact,术语在线,天文学 · 天体测量学 · 2024,Astronomy · Astrometry · 2024
229,14,十四 · 年月周期与时制（今用）,十四 · 年月週期與時制（今用）,"14 · Periods of year and month, and time systems (modern)",十四 · 年月周期と時制（今用）,14 · 연월 주기와 시제(오늘의 쓰임),恒星时,恆星時,sidereal time,恒星時,항성시,天文基础 · 时间系统,天文基礎 · 時間系統,Fundamentals · time systems,天文基礎 · 時間体系,천문 기초 · 시간 체계,以春分点的时角计的时间，一个恒星日约为二十三时五十六分四秒。,以春分點的時角計的時間，一個恆星日約為二十三時五十六分四秒。,Time reckoned by the hour angle of the vernal equinox; a sidereal day is about 23 h 56 m 4 s.,春分点の時角で計った時間。一恒星日は約二十三時五十六分四秒である。,춘분점의 시각으로 잰 시간. 한 항성일은 약 23시 56분 4초이다.,none,,,
230,14,十四 · 年月周期与时制（今用）,十四 · 年月週期與時制（今用）,"14 · Periods of year and month, and time systems (modern)",十四 · 年月周期と時制（今用）,14 · 연월 주기와 시제(오늘의 쓰임),均时差,均時差,equation of time,均時差,균시차,天文基础 · 时间系统,天文基礎 · 時間系統,Fundamentals · time systems,天文基礎 · 時間体系,천문 기초 · 시간 체계,真太阳时与平太阳时之差，一年之中在正负十六分之间往复，是换算出生时辰时必须考虑的一项。,真太陽時與平太陽時之差，一年之中在正負十六分之間往復，是換算出生時辰時必須考慮的一項。,"The difference between apparent and mean solar time, running within some sixteen minutes either way over the year — a term that must be allowed for when converting a recorded hour of birth.",真太陽時と平太陽時の差。一年のうちに正負十六分の間を往復し、出生時辰を換算する際に必ず考慮すべき一項である。,"진태양시와 평태양시의 차. 한 해 동안 정부 16분 사이를 오가며, 출생 시진을 환산할 때 반드시 고려해야 할 한 항목이다.",none,,,
231,15,十五 · 十二时称,十五 · 十二時稱,15 · The twelve double-hour names,十五 · 十二時称,15 · 십이시칭,夜半,夜半,midnight,夜半,야반,天文基础 · 时间系统,天文基礎 · 時間系統,Fundamentals · time systems,天文基礎 · 時間体系,천문 기초 · 시간 체계,十二时称之一，子时，今二十三时至一时，一夜的中点。又名子夜、子半。,十二時稱之一，子時，今二十三時至一時，一夜的中點。又名子夜、子半。,"One of the twelve double-hour names: the zi hour, 23:00 to 01:00, the middle of the night.",十二時称の一つ、子の刻。今の二十三時から一時。一夜の中点。子夜・子半ともいう。,"십이시칭의 하나, 자시. 오늘의 23시에서 1시. 한밤의 중간점. 자야·자반이라고도 한다.",none,,,
232,15,十五 · 十二时称,十五 · 十二時稱,15 · The twelve double-hour names,十五 · 十二時称,15 · 십이시칭,鸡鸣,雞鳴,cock-crow,鶏鳴,계명,天文基础 · 时间系统,天文基礎 · 時間系統,Fundamentals · time systems,天文基礎 · 時間体系,천문 기초 · 시간 체계,十二时称之一，丑时，今一时至三时。,十二時稱之一，丑時，今一時至三時。,"The chou hour, 01:00 to 03:00 — the hour of cock-crow.",十二時称の一つ、丑の刻。今の一時から三時。,"십이시칭의 하나, 축시. 오늘의 1시에서 3시.",none,,,
233,15,十五 · 十二时称,十五 · 十二時稱,15 · The twelve double-hour names,十五 · 十二時称,15 · 십이시칭,平旦,平旦,daybreak,平旦,평단,天文基础 · 时间系统,天文基礎 · 時間系統,Fundamentals · time systems,天文基礎 · 時間体系,천문 기초 · 시간 체계,十二时称之一，寅时，今三时至五时，是夜与日交替之际。,十二時稱之一，寅時，今三時至五時，是夜與日交替之際。,"The yin hour, 03:00 to 05:00, where night gives way to day.",十二時称の一つ、寅の刻。今の三時から五時。夜と日が交替する際である。,"십이시칭의 하나, 인시. 오늘의 3시에서 5시. 밤과 낮이 교대하는 즈음이다.",none,,,
234,15,十五 · 十二时称,十五 · 十二時稱,15 · The twelve double-hour names,十五 · 十二時称,15 · 십이시칭,日出,日出,sunrise,日出,일출,天文基础 · 时间系统,天文基礎 · 時間系統,Fundamentals · time systems,天文基礎 · 時間体系,천문 기초 · 시간 체계,十二时称之一，卯时，今五时至七时。也指太阳升出地平线的时刻。,十二時稱之一，卯時，今五時至七時。也指太陽昇出地平線的時刻。,"The mao hour, 05:00 to 07:00; also the moment the sun rises above the horizon.",十二時称の一つ、卯の刻。今の五時から七時。太陽が地平線から昇る時刻をも指す。,"십이시칭의 하나, 묘시. 오늘의 5시에서 7시. 태양이 지평선에서 떠오르는 시각을 가리키기도 한다.",none,,,
235,15,十五 · 十二时称,十五 · 十二時稱,15 · The twelve double-hour names,十五 · 十二時称,15 · 십이시칭,食时,食時,breakfast time,食時,식시,天文基础 · 时间系统,天文基礎 · 時間系統,Fundamentals · time systems,天文基礎 · 時間体系,천문 기초 · 시간 체계,十二时称之一，辰时，今七时至九时，古人吃早饭的时候。与交食所说的时长不是一回事。,十二時稱之一，辰時，今七時至九時，古人吃早飯的時候。與交食所說的時長不是一回事。,"The chen hour, 07:00 to 09:00 — the morning meal in old China. Not to be confused with the duration of an eclipse.",十二時称の一つ、辰の刻。今の七時から九時。古人が朝食をとるころ。交食でいう時長とは別のことである。,"십이시칭의 하나, 진시. 오늘의 7시에서 9시. 옛사람이 아침밥을 먹는 때. 교식에서 말하는 시장과는 다른 일이다.",none,,,
236,15,十五 · 十二时称,十五 · 十二時稱,15 · The twelve double-hour names,十五 · 十二時称,15 · 십이시칭,隅中,隅中,late morning,隅中,우중,天文基础 · 时间系统,天文基礎 · 時間系統,Fundamentals · time systems,天文基礎 · 時間体系,천문 기초 · 시간 체계,十二时称之一，巳时，今九时至十一时，临近中午。,十二時稱之一，巳時，今九時至十一時，臨近中午。,"The si hour, 09:00 to 11:00, drawing near noon.",十二時称の一つ、巳の刻。今の九時から十一時。正午に近い。,"십이시칭의 하나, 사시. 오늘의 9시에서 11시. 정오에 가깝다.",none,,,
237,15,十五 · 十二时称,十五 · 十二時稱,15 · The twelve double-hour names,十五 · 十二時称,15 · 십이시칭,日中,日中,noon,日中,일중,天文基础 · 时间系统,天文基礎 · 時間系統,Fundamentals · time systems,天文基礎 · 時間体系,천문 기초 · 시간 체계,十二时称之一，午时，今十一时至十三时，太阳过中天之时。也指昼夜均分的春分与秋分，《尚书·尧典》「日中星鸟」即用后一义。,十二時稱之一，午時，今十一時至十三時，太陽過中天之時。也指晝夜均分的春分與秋分，《尚書·堯典》「日中星鳥」即用後一義。,"The wu hour, 11:00 to 13:00, when the sun culminates. Also used of the equinoxes, as in the Canon of Yao’s “mid-day star, Bird”.",十二時称の一つ、午の刻。今の十一時から十三時。太陽が南中する時。昼夜を等分する春分・秋分をも指し、『尚書・堯典』の「日中星鳥」は後の義を用いる。,"십이시칭의 하나, 오시. 오늘의 11시에서 13시. 태양이 남중하는 때. 낮과 밤을 똑같이 나누는 춘분·추분을 가리키기도 하며, 『상서·요전』의 「일중성조」는 뒤의 뜻을 쓴다.",none,,,
238,15,十五 · 十二时称,十五 · 十二時稱,15 · The twelve double-hour names,十五 · 十二時称,15 · 십이시칭,日昳,日昳,early afternoon,日昳,일질,天文基础 · 时间系统,天文基礎 · 時間系統,Fundamentals · time systems,天文基礎 · 時間体系,천문 기초 · 시간 체계,十二时称之一，未时，今十三时至十五时，日头开始偏西。,十二時稱之一，未時，今十三時至十五時，日頭開始偏西。,"The wei hour, 13:00 to 15:00, when the sun begins to slant westward.",十二時称の一つ、未の刻。今の十三時から十五時。日が西へ傾き始める。,"십이시칭의 하나, 미시. 오늘의 13시에서 15시. 해가 서쪽으로 기울기 시작한다.",none,,,
239,15,十五 · 十二时称,十五 · 十二時稱,15 · The twelve double-hour names,十五 · 十二時称,15 · 십이시칭,晡时,晡時,late afternoon,晡時,포시,天文基础 · 时间系统,天文基礎 · 時間系統,Fundamentals · time systems,天文基礎 · 時間体系,천문 기초 · 시간 체계,十二时称之一，申时，今十五时至十七时，古人吃第二顿饭的时候，又名夕食。,十二時稱之一，申時，今十五時至十七時，古人吃第二頓飯的時候，又名夕食。,"The shen hour, 15:00 to 17:00, the second meal of the day.",十二時称の一つ、申の刻。今の十五時から十七時。古人が二度目の食事をとるころ。夕食ともいう。,"십이시칭의 하나, 신시. 오늘의 15시에서 17시. 옛사람이 두 번째 끼니를 먹는 때. 석식이라고도 한다.",none,,,
240,15,十五 · 十二时称,十五 · 十二時稱,15 · The twelve double-hour names,十五 · 十二時称,15 · 십이시칭,日入,日入,sunset,日入,일입,天文基础 · 时间系统,天文基礎 · 時間系統,Fundamentals · time systems,天文基礎 · 時間体系,천문 기초 · 시간 체계,十二时称之一，酉时，今十七时至十九时。也指太阳没入地平线的时刻，与「日出」相对。,十二時稱之一，酉時，今十七時至十九時。也指太陽沒入地平線的時刻，與「日出」相對。,"The you hour, 17:00 to 19:00; also the moment the sun sinks below the horizon, the counterpart of sunrise.",十二時称の一つ、酉の刻。今の十七時から十九時。太陽が地平線に没する時刻をも指し、「日出」と相対する。,"십이시칭의 하나, 유시. 오늘의 17시에서 19시. 태양이 지평선에 지는 시각을 가리키기도 하며, 「일출」과 상대된다.",none,,,
241,15,十五 · 十二时称,十五 · 十二時稱,15 · The twelve double-hour names,十五 · 十二時称,15 · 십이시칭,黄昏,黃昏,dusk,黄昏,황혼,天文基础 · 时间系统,天文基礎 · 時間系統,Fundamentals · time systems,天文基礎 · 時間体系,천문 기초 · 시간 체계,十二时称之一，戌时，今十九时至二十一时。,十二時稱之一，戌時，今十九時至二十一時。,"The xu hour, 19:00 to 21:00.",十二時称の一つ、戌の刻。今の十九時から二十一時。,"십이시칭의 하나, 술시. 오늘의 19시에서 21시.",none,,,
242,15,十五 · 十二时称,十五 · 十二時稱,15 · The twelve double-hour names,十五 · 十二時称,15 · 십이시칭,人定,人定,night’s rest,人定,인정,天文基础 · 时间系统,天文基礎 · 時間系統,Fundamentals · time systems,天文基礎 · 時間体系,천문 기초 · 시간 체계,十二时称之一，亥时，今二十一时至二十三时，夜已深而人将息。十二时称至此而一周。,十二時稱之一，亥時，今二十一時至二十三時，夜已深而人將息。十二時稱至此而一周。,"The hai hour, 21:00 to 23:00, when the night is deep and people settle. It closes the round of the twelve.",十二時称の一つ、亥の刻。今の二十一時から二十三時。夜も深まり人がまさに休もうとするころ。十二時称はここに至って一巡する。,"십이시칭의 하나, 해시. 오늘의 21시에서 23시. 밤이 깊어 사람이 막 쉬려는 때. 십이시칭은 여기에 이르러 한 바퀴 돈다.",none,,,
243,16,十六 · 坐标与中天（今用）,十六 · 座標與中天（今用）,16 · Coordinates and culmination (modern),十六 · 座標と南中（今用）,16 · 좌표와 남중(오늘의 쓰임),天赤道,天赤道,celestial equator,天の赤道,천구적도,天文基础 · 坐标,天文基礎 · 座標,Fundamentals · coordinates,天文基礎 · 座標,천문 기초 · 좌표,地球赤道面延伸到天球上所截的大圆，即「赤道」在天文上的本义；冠一「天」字，用以区别于地球赤道。见「赤道」条。,地球赤道面延伸到天球上所截的大圓，即「赤道」在天文上的本義；冠一「天」字，用以區別於地球赤道。見「赤道」條。,The great circle cut on the sphere by the plane of the earth’s equator — what “equator” means in astronomy; the word “celestial” sets it apart from the earth’s own equator.,地球の赤道面を天球に延ばして截した大円。すなわち「赤道」の天文上の本義であり、「天」の一字を冠して地球の赤道と区別する。「赤道」の項を参照。,"지구의 적도면을 천구로 연장하여 자른 대원. 곧 「적도」의 천문학상 본뜻이며, 「천」자를 붙여 지구의 적도와 구별한다. 「적도」 항목을 참조.",exact,术语在线,天文学 · 天体测量学 · 2024,Astronomy · Astrometry · 2024
244,16,十六 · 坐标与中天（今用）,十六 · 座標與中天（今用）,16 · Coordinates and culmination (modern),十六 · 座標と南中（今用）,16 · 좌표와 남중(오늘의 쓰임),赤经,赤經,right ascension,赤経,적경,天文基础 · 坐标,天文基礎 · 座標,Fundamentals · coordinates,天文基礎 · 座標,천문 기초 · 좌표,自春分点起沿天赤道向东量至天体所在时圈的角距。它与赤纬合起来定一颗星的位置；中国古代不用它，而用入宿度。,自春分點起沿天赤道向東量至天體所在時圈的角距。它與赤緯合起來定一顆星的位置；中國古代不用它，而用入宿度。,Angular distance measured eastward along the celestial equator from the vernal equinox to a body’s hour circle. With declination it fixes a star’s place; traditional Chinese astronomy used mansion entry instead.,春分点から天の赤道に沿って東へ、天体の所在する時圏まで測った角距。赤緯と合わせて一つの星の位置を定める。中国古代はこれを用いず、入宿度を用いた。,"춘분점에서 천구적도를 따라 동쪽으로 천체가 있는 시권까지 잰 각거리. 적위와 합쳐 한 별의 위치를 정하며, 중국 고대는 이것을 쓰지 않고 입수(入宿)도를 썼다.",exact,术语在线,天文学 · 天体测量学 · 2024,Astronomy · Astrometry · 2024
245,16,十六 · 坐标与中天（今用）,十六 · 座標與中天（今用）,16 · Coordinates and culmination (modern),十六 · 座標と南中（今用）,16 · 좌표와 남중(오늘의 쓰임),赤纬,赤緯,declination,赤緯,적위,天文基础 · 坐标,天文基礎 · 座標,Fundamentals · coordinates,天文基礎 · 座標,천문 기초 · 좌표,天体沿时圈量至天赤道的角距，在天赤道以北者为正。中国古代与之相当的是去极度。,天體沿時圈量至天赤道的角距，在天赤道以北者為正。中國古代與之相當的是去極度。,"A body’s angular distance from the celestial equator measured along its hour circle, positive north of it. Its Chinese counterpart is polar distance.",天体から時圏に沿って天の赤道まで測った角距。天の赤道より北にあるものを正とする。中国古代でこれに相当するのは去極度である。,천체에서 시권을 따라 천구적도까지 잰 각거리. 천구적도 북쪽에 있는 것을 정(正)으로 한다. 중국 고대에서 이에 해당하는 것은 거극도이다.,exact,术语在线,天文学 · 天体测量学 · 2024,Astronomy · Astrometry · 2024
246,16,十六 · 坐标与中天（今用）,十六 · 座標與中天（今用）,16 · Coordinates and culmination (modern),十六 · 座標と南中（今用）,16 · 좌표와 남중(오늘의 쓰임),黄纬,黃緯,ecliptic latitude,黄緯,황위,天文基础 · 坐标,天文基礎 · 座標,Fundamentals · coordinates,天文基礎 · 座標,천문 기초 · 좌표,天体沿黄经圈量至黄道的角距。它与黄经合起来，就是黄道坐标。,天體沿黃經圈量至黃道的角距。它與黃經合起來，就是黃道座標。,A body’s angular distance from the ecliptic measured along a circle of latitude. With celestial longitude it makes up the ecliptic coordinates.,天体から黄経圈に沿って黄道まで測った角距。黄経と合わせて、すなわち黄道座標となる。,천체에서 황경권을 따라 황도(黃道)까지 잰 각거리. 황경(黃經)과 합치면 곧 황도 좌표가 된다.,exact,术语在线,天文学 · 天体测量学 · 2024,Astronomy · Astrometry · 2024
247,16,十六 · 坐标与中天（今用）,十六 · 座標與中天（今用）,16 · Coordinates and culmination (modern),十六 · 座標と南中（今用）,16 · 좌표와 남중(오늘의 쓰임),黄极,黃極,ecliptic pole,黄極,황극,天文基础 · 坐标,天文基礎 · 座標,Fundamentals · coordinates,天文基礎 · 座標,천문 기초 · 좌표,黄道的两个极点，即过天球中心垂直于黄道面的直线与天球相交的两点，距天极约二十三度半。,黃道的兩個極點，即過天球中心垂直於黃道面的直線與天球相交的兩點，距天極約二十三度半。,"Either pole of the ecliptic — where the line through the sphere’s centre perpendicular to the ecliptic meets it, some 23½ degrees from the celestial pole.",黄道の二つの極。天球の中心を通り黄道面に垂直な直線が天球と交わる二点で、天極から約二十三度半を隔てる。,"황도(黃道)의 두 극. 천구의 중심을 지나 황도면에 수직인 직선이 천구와 만나는 두 점으로, 천극에서 약 23도 반 떨어져 있다.",exact,术语在线,天文学 · 天体测量学 · 2024,Astronomy · Astrometry · 2024
248,16,十六 · 坐标与中天（今用）,十六 · 座標與中天（今用）,16 · Coordinates and culmination (modern),十六 · 座標と南中（今用）,16 · 좌표와 남중(오늘의 쓰임),赤极,赤極,pole of the equator,赤極,적극,天文基础 · 坐标,天文基礎 · 座標,Fundamentals · coordinates,天文基礎 · 座標,천문 기초 · 좌표,天赤道的两个极点，也就是地球自转轴与天球相交的两点，与「天极」同指。,天赤道的兩個極點，也就是地球自轉軸與天球相交的兩點，與「天極」同指。,"Either pole of the celestial equator — where the earth’s axis meets the sphere, the same two points as the celestial poles.",天の赤道の二つの極。すなわち地球の自転軸が天球と交わる二点で、「天極」と同一を指す。,"천구적도의 두 극. 곧 지구 자전축이 천구와 만나는 두 점으로, 「천극」과 같은 것을 가리킨다.",exact,术语在线,天文学 · 2013,Astronomy · 2013
249,16,十六 · 坐标与中天（今用）,十六 · 座標與中天（今用）,16 · Coordinates and culmination (modern),十六 · 座標と南中（今用）,16 · 좌표와 남중(오늘의 쓰임),中天,中天,culmination,南中,남중,天文基础 · 坐标,天文基礎 · 座標,Fundamentals · coordinates,天文基礎 · 座標,천문 기초 · 좌표,天体过观测者子午圈的时刻或位置。过天顶那一侧的称上中天，过另一侧的称下中天。,天體過觀測者子午圈的時刻或位置。過天頂那一側的稱上中天，過另一側的稱下中天。,"The moment or place at which a body crosses the observer’s meridian: upper culmination on the zenith side, lower culmination on the other.",天体が観測者の子午圏を過ぎる時刻または位置。天頂側を過ぎるのを上中天、反対側を過ぎるのを下中天という。,"천체가 관측자의 자오권을 지나는 시각 또는 위치. 천정 쪽을 지나는 것을 상중천, 반대쪽을 지나는 것을 하중천이라 한다.",exact,术语在线,天文学 · 天体测量学 · 2024,Astronomy · Astrometry · 2024
250,16,十六 · 坐标与中天（今用）,十六 · 座標與中天（今用）,16 · Coordinates and culmination (modern),十六 · 座標と南中（今用）,16 · 좌표와 남중(오늘의 쓰임),天顶,天頂,zenith,天頂,천정,天文基础 · 坐标,天文基礎 · 座標,Fundamentals · coordinates,天文基礎 · 座標,천문 기초 · 좌표,观测者头顶正上方、铅垂线向上与天球相交的一点，其地平高度为九十度。,觀測者頭頂正上方、鉛垂線向上與天球相交的一點，其地平高度為九十度。,"The point of the sphere directly overhead, where the vertical upward meets it; its altitude is ninety degrees.",観測者の頭の真上、鉛直線が上方へ天球と交わる一点。その地平高度は九十度である。,"관측자의 머리 바로 위, 연직선이 위로 천구와 만나는 한 점. 그 지평고도는 90도이다.",exact,术语在线,天文学 · 天体测量学 · 2024,Astronomy · Astrometry · 2024
251,16,十六 · 坐标与中天（今用）,十六 · 座標與中天（今用）,16 · Coordinates and culmination (modern),十六 · 座標と南中（今用）,16 · 좌표와 남중(오늘의 쓰임),地平高度,地平高度,altitude,地平高度,지평고도,天文基础 · 坐标,天文基礎 · 座標,Fundamentals · coordinates,天文基礎 · 座標,천문 기초 · 좌표,天体沿地平经圈量至地平的角距，又名地平纬度。它与方位角合起来，就是地平坐标。,天體沿地平經圈量至地平的角距，又名地平緯度。它與方位角合起來，就是地平座標。,"A body’s angular distance above the horizon measured along a vertical circle, also called its altitude. With azimuth it makes up the horizontal coordinates.",天体から地平経圏に沿って地平まで測った角距。地平緯度ともいう。方位角と合わせて、すなわち地平座標となる。,천체에서 지평경권을 따라 지평까지 잰 각거리. 지평위도라고도 한다. 방위각과 합치면 곧 지평 좌표가 된다.,none,,,
252,17,十七 · 特殊天象,十七 · 特殊天象,17 · Exceptional phenomena,十七 · 特殊な天象,17 · 특수 천상,彗星,彗星,comet,彗星,혜성,天象类 · 特殊天象,天象類 · 特殊天象,Celestial phenomena · other phenomena,天象 · 特殊な天象,천상 현상 · 특수 천상,拖着长尾、沿扁长轨道运行的天体，古称扫帚星。马王堆汉墓出土帛书上的彗星图，是现存最早的彗星形态图。,拖著長尾、沿扁長軌道運行的天體，古稱掃帚星。馬王堆漢墓出土帛書上的彗星圖，是現存最早的彗星形態圖。,"A body on a long, flattened path and trailing a tail; known in old Chinese as the broom star. The comet chart on the Mawangdui silk manuscript is the earliest surviving chart of comet forms.",長い尾を引き、扁平で長い軌道を運行する天体。古くは箒星といった。馬王堆漢墓出土の帛書の彗星図は、現存最古の彗星形態図である。,긴 꼬리를 끌며 편평하고 긴 궤도를 운행하는 천체. 옛날에는 빗자루별이라 했다. 마왕퇴 한묘에서 출토된 백서의 혜성도는 현존 최고(最古)의 혜성 형태도이다.,exact,术语在线,天文学 · 太阳系 · 2024,Astronomy · 太阳系 · 2024
253,17,十七 · 特殊天象,十七 · 特殊天象,17 · Exceptional phenomena,十七 · 特殊な天象,17 · 특수 천상,孛星,孛星,deluding star,孛星,패성,天象类 · 特殊天象,天象類 · 特殊天象,Celestial phenomena · other phenomena,天象 · 特殊な天象,천상 현상 · 특수 천상,古代天文志中与彗星并列的一类天体，以其光芒四出而得名。历代多与彗星同记。,古代天文志中與彗星並列的一類天體，以其光芒四出而得名。歷代多與彗星同記。,"A class of body recorded in the dynastic treatises on astronomy alongside comets, named for the rays that shoot out from it; the two are usually entered together.",古代の天文志で彗星と並べて記される天体の類。その光芒が四方に出ることからこの名がある。歴代多く彗星とともに記す。,고대 천문지에서 혜성과 나란히 기록되는 천체의 갈래. 그 광망이 사방으로 뻗은 데서 이 이름이 있다. 역대에 대개 혜성과 함께 기록했다.,exact,术语在线,天文学 · 天文学史 · 2024,Astronomy · History of Astronomy · 2024
254,17,十七 · 特殊天象,十七 · 特殊天象,17 · Exceptional phenomena,十七 · 特殊な天象,17 · 특수 천상,客星,客星,guest star,客星,객성,天象类 · 特殊天象,天象類 · 特殊天象,Celestial phenomena · other phenomena,天象 · 特殊な天象,천상 현상 · 특수 천상,突然出现于星官之间、历时不久又隐没的星。史书所记至和元年（1054 年）天关客星，今多认为是一次超新星爆发的记录。,突然出現於星官之間、歷時不久又隱沒的星。史書所記至和元年（1054 年）天關客星，今多認為是一次超新星爆發的記錄。,"A star that appears suddenly among the asterisms and fades again. The guest star of 1054 at Tian-guan, as the histories record it, is now widely taken to be an account of a supernova.",突然星官の間に現れ、しばらくしてまた隠没する星。史書に記す至和元年（1054 年）の天関客星は、今日では超新星爆発の記録と見るものが多い。,갑자기 성관 사이에 나타났다가 얼마 지나지 않아 다시 숨는 별. 사서에 기록된 지화 원년(1054년) 천관객성은 오늘날 초신성 폭발의 기록으로 보는 이가 많다.,exact,术语在线,天文学 · 天文学史 · 2024,Astronomy · History of Astronomy · 2024
255,17,十七 · 特殊天象,十七 · 特殊天象,17 · Exceptional phenomena,十七 · 特殊な天象,17 · 특수 천상,流星,流星,meteor,流星,유성,天象类 · 特殊天象,天象類 · 特殊天象,Celestial phenomena · other phenomena,天象 · 特殊な天象,천상 현상 · 특수 천상,夜里划过天空、瞬息即灭的亮线，是尘粒进入大气后燃烧的痕迹。成批出现的称流星雨。,夜裡劃過天空、瞬息即滅的亮線，是塵粒進入大氣後燃燒的痕跡。成批出現的稱流星雨。,"A brief streak across the night sky, the trace of dust burning up as it enters the atmosphere; in numbers it becomes a meteor shower.",夜に空を劃って過ぎ、瞬時に消える明るい線。塵粒が大気に進入して燃える痕である。群をなして現れるのを流星雨という。,밤에 하늘을 가로질러 지나가며 순식간에 사라지는 밝은 선. 티끌 입자가 대기에 들어와 타는 흔적이다. 무리를 지어 나타나는 것을 유성우라 한다.,exact,术语在线,天文学 · 太阳系 · 2024,Astronomy · 太阳系 · 2024
256,17,十七 · 特殊天象,十七 · 特殊天象,17 · Exceptional phenomena,十七 · 特殊な天象,17 · 특수 천상,陨石,隕石,meteorite,隕石,운석,天象类 · 特殊天象,天象類 · 特殊天象,Celestial phenomena · other phenomena,天象 · 特殊な天象,천상 현상 · 특수 천상,落到地面的流星体残块。历代史书多记为「星陨如雨」或「陨石于某地」。,落到地面的流星體殘塊。歷代史書多記為「星隕如雨」或「隕石於某地」。,"A fragment of a meteoroid that reaches the ground. The histories record such falls as stars raining down, or a stone falling at such-and-such a place.",地上に落下した流星体の残塊。歴代の史書は多く「星隕つること雨の如し」あるいは「某地に隕石あり」と記す。,지면에 떨어진 유성체의 잔덩어리. 역대 사서는 대개 「별이 비처럼 떨어졌다」거나 「아무 곳에 운석이 있었다」고 기록한다.,none,,,
257,17,十七 · 特殊天象,十七 · 特殊天象,17 · Exceptional phenomena,十七 · 特殊な天象,17 · 특수 천상,日珥,日珥,solar prominence,プロミネンス（日珥）,홍염,天象类 · 特殊天象,天象類 · 特殊天象,Celestial phenomena · other phenomena,天象 · 特殊な天象,천상 현상 · 특수 천상,从太阳边缘喷出的火焰状气体，日全食时肉眼可见。甲骨卜辞里的「三焰」曾被释为日珥，此事学界尚有争论。,從太陽邊緣噴出的火焰狀氣體，日全食時肉眼可見。甲骨卜辭裡的「三焰」曾被釋為日珥，此事學界尚有爭論。,"Flamelike gas thrown out beyond the sun’s limb, visible to the naked eye in a total eclipse. The “three flames” of one oracle-bone record were once read as a prominence, a reading still disputed.",太陽の縁から噴出する炎状の気体。皆既日食の際に肉眼で見える。甲骨卜辞の「三焰」はかつて日珥と解されたが、このことについては学界にいまだ論争がある。,"태양의 가장자리에서 뿜어 나오는 불꽃 모양의 기체. 개기일식 때 육안으로 보인다. 갑골복사의 「삼염」은 한때 홍염으로 해석되었으나, 이 일에 대해서는 학계에 아직 논쟁이 있다.",exact,术语在线,天文学 · 太阳 · 2024,Astronomy · 太阳 · 2024
258,17,十七 · 特殊天象,十七 · 特殊天象,17 · Exceptional phenomena,十七 · 特殊な天象,17 · 특수 천상,黑子,黑子,sunspot,黒点,흑점,天象类 · 特殊天象,天象類 · 特殊天象,Celestial phenomena · other phenomena,天象 · 特殊な天象,천상 현상 · 특수 천상,太阳光球上的暗斑。中国古代观测记录甚多，《汉书·五行志》河平元年（前 28 年）一条尤常被称引。,太陽光球上的暗斑。中國古代觀測記錄甚多，《漢書·五行志》河平元年（前 28 年）一條尤常被稱引。,A dark patch on the sun’s photosphere. Chinese records of it are numerous; the entry in the Han History’s Treatise on the Five Phases for 28 BCE is among the most often cited.,太陽の光球上の暗い斑。中国古代の観測記録は甚だ多く、『漢書・五行志』河平元年（前 28 年）の一条はとりわけよく引かれる。,"태양 광구 위의 어두운 반점. 중국 고대의 관측 기록이 매우 많으며, 『한서·오행지』 하평 원년(기원전 28년)의 한 조목은 특히 자주 인용된다.",near,黑子本影,天文学 · 太阳,Astronomy · 太阳
259,18,十八 · 仪象器用（补）,十八 · 儀象器用（補）,18 · Observational instruments (further),十八 · 儀象器用（補）,18 · 의상기용(보유),简仪,簡儀,abridged armilla,簡儀,간의,律历制度 · 观测方法,律曆制度 · 觀測方法,Institutions · observational methods,律暦制度 · 観測方法,율력 제도 · 관측 방법,元郭守敬创制的测天仪器。它把浑仪拆成赤道装置与地平装置两组，免去多环交叠、遮住视线的毛病。,元郭守敬創制的測天儀器。它把渾儀拆成赤道裝置與地平裝置兩組，免去多環交疊、遮住視線的毛病。,"An instrument built by Guo Shoujing under the Yuan. It split the armillary sphere into separate equatorial and horizontal mounts, so that overlapping rings no longer blocked the view.",元の郭守敬が創製した測天の器械。渾儀を赤道装置と地平装置の二組に分解し、多環が重なって視線を遮る弊を免れた。,"원(元)의 곽수경이 창제한 측천 기구. 혼의를 적도 장치와 지평 장치 두 조로 나누어, 여러 고리가 겹쳐 시선을 가리는 폐단을 없앴다.",exact,术语在线,天文学 · 天文学史 · 2024,Astronomy · History of Astronomy · 2024
260,18,十八 · 仪象器用（补）,十八 · 儀象器用（補）,18 · Observational instruments (further),十八 · 儀象器用（補）,18 · 의상기용(보유),仰仪,仰儀,upward-looking bowl sundial,仰儀,앙의,律历制度 · 观测方法,律曆制度 · 觀測方法,Institutions · observational methods,律暦制度 · 観測方法,율력 제도 · 관측 방법,元郭守敬创制的仪器。铜制半球仰置，内壁刻坐标，借中心针影读取太阳的位置与时刻。,元郭守敬創制的儀器。銅製半球仰置，內壁刻座標，借中心針影讀取太陽的位置與時刻。,"A Yuan instrument of Guo Shoujing’s: a bronze hemisphere set bowl upward and graduated within, from whose central needle’s shadow the sun’s place and the hour are read.",元の郭守敬が創製した器械。銅製の半球を仰向けに据え、内壁に座標を刻み、中心の針影によって太陽の位置と時刻を読む。,"원(元)의 곽수경이 창제한 기구. 구리로 만든 반구를 위로 향하게 놓고 내벽에 좌표를 새겨, 중심의 침 그림자로 태양의 위치와 시각을 읽는다.",exact,术语在线,天文学 · 天文学史 · 2024,Astronomy · History of Astronomy · 2024
261,18,十八 · 仪象器用（补）,十八 · 儀象器用（補）,18 · Observational instruments (further),十八 · 儀象器用（補）,18 · 의상기용(보유),水运仪象台,水運儀象臺,water-driven astronomical clock tower,水運儀象台,수운의상대,律历制度 · 观测方法,律曆制度 · 觀測方法,Institutions · observational methods,律暦制度 · 観測方法,율력 제도 · 관측 방법,北宋元祐年间苏颂、韩公廉等造成，以水力驱动，把浑仪、浑象与报时装置合于一台。《新仪象法要》即为此台而作。,北宋元祐年間蘇頌、韓公廉等造成，以水力驅動，把渾儀、渾象與報時裝置合於一臺。《新儀象法要》即為此臺而作。,"Built in the 1090s by Su Song and Han Gonglian and driven by water, it combined an armillary sphere, a celestial globe and a time-announcing mechanism in one tower; the New Design for an Armillary Clock was written for it.",北宋の元祐年間に蘇頌・韓公廉らが造った。水力で駆動し、渾儀・渾象と報時装置を一台に合わせた。『新儀象法要』はこの台のために作られた。,북송 원우 연간에 소송·한공렴 등이 만들었다. 수력으로 구동하며 혼의·혼상과 보시 장치를 한 대에 합쳤다. 『신의상법요』는 이 대를 위해 지어졌다.,exact,术语在线,天文学 · 天文学史 · 2024,Astronomy · History of Astronomy · 2024
262,18,十八 · 仪象器用（补）,十八 · 儀象器用（補）,18 · Observational instruments (further),十八 · 儀象器用（補）,18 · 의상기용(보유),漏壶,漏壺,drip vessel,漏壺,누호,律历制度 · 观测方法,律曆制度 · 觀測方法,Institutions · observational methods,律暦制度 · 観測方法,율력 제도 · 관측 방법,以壶盛水、水渐下漏、看箭上刻度计时的器具。一昼夜分一百刻，即由它量出。,以壺盛水、水漸下漏、看箭上刻度計時的器具。一晝夜分一百刻，即由它量出。,"A vessel from which water drips at a steady rate, the time read off a graduated rod; the hundred quarters of the day were measured with it.",壺に水を盛り、水が次第に漏れ下り、箭の上の目盛りを見て時を計る器具。一昼夜を百刻に分けるのは、これによって量られた。,항아리에 물을 담고 물이 차츰 새어 내리면 살대 위의 눈금을 보아 시각을 재는 기구. 일주야를 100각으로 나눈 것은 이것으로量한 것이다.,exact,术语在线,天文学 · 天文学史 · 2024,Astronomy · History of Astronomy · 2024
263,18,十八 · 仪象器用（补）,十八 · 儀象器用（補）,18 · Observational instruments (further),十八 · 儀象器用（補）,18 · 의상기용(보유),土圭,土圭,gnomon shadow template,土圭,토규,律历制度 · 观测方法,律曆制度 · 觀測方法,Institutions · observational methods,律暦制度 · 観測方法,율력 제도 · 관측 방법,《周礼·考工记》所记的测影之器，以日影的长短定日至、以影的方位定方向。,《周禮·考工記》所記的測影之器，以日影的長短定日至、以影的方位定方向。,"The shadow-measuring device described in the Artificers’ Record of the Rites of Zhou, which fixed the solstices by the length of the sun’s shadow and the cardinal directions by its bearing.",『周礼・考工記』に記された測影の器。日影の長短で日至を定め、影の方位で方向を定める。,『주례·고공기』에 기록된 측영의 기구. 해 그림자의 장단으로 일지를 정하고 그림자의 방위로 방향을 정한다.,exact,术语在线,天文学 · 天文学史 · 2024,Astronomy · History of Astronomy · 2024
264,18,十八 · 仪象器用（补）,十八 · 儀象器用（補）,18 · Observational instruments (further),十八 · 儀象器用（補）,18 · 의상기용(보유),圭尺,圭尺,the graduated rule of the gnomon,圭尺,규척,律历制度 · 观测方法,律曆制度 · 觀測方法,Institutions · observational methods,律暦制度 · 観測方法,율력 제도 · 관측 방법,圭表上量取影长的刻度尺。山西襄汾陶寺遗址一座大墓出土带刻度的漆杆，研究者多认为是圭尺一类。,圭表上量取影長的刻度尺。山西襄汾陶寺遺址一座大墓出土帶刻度的漆杆，研究者多認為是圭尺一類。,The graduated rule along which the shadow’s length is read on a gnomon table. A painted rod with graduations from a large tomb at Taosi in Shanxi is widely taken to be of this kind.,圭表の上で影長を量る目盛り尺。山西襄汾陶寺遺跡の一つの大墓から出土した目盛り付きの漆塗りの竿は、研究者の多くが圭尺の類と見る。,규표 위에서 영장을 재는 눈금 자. 산시 샹펀 타오쓰 유적의 한 대묘에서 출토된 눈금 있는 옻칠 막대는 연구자들이 대개 규척의 갈래로 본다.,near,圭,天文学 · 天文学史,Astronomy · History of Astronomy
265,18,十八 · 仪象器用（补）,十八 · 儀象器用（補）,18 · Observational instruments (further),十八 · 儀象器用（補）,18 · 의상기용(보유),测影,測影,shadow measurement,測影,측영,律历制度 · 观测方法,律曆制度 · 觀測方法,Institutions · observational methods,律暦制度 · 観測方法,율력 제도 · 관측 방법,立表测影，以影长与影的方位定日至、定方向、定时刻，是中国古代最基本的天文测量手段。《周礼·考工记》记有以圆规取日出、日入影端之法。,立表測影，以影長與影的方位定日至、定方向、定時刻，是中國古代最基本的天文測量手段。《周禮·考工記》記有以圓規取日出、日入影端之法。,"Setting up a gnomon and measuring its shadow to fix the solstices, the cardinal directions and the hours — the most basic observational method of early Chinese astronomy. The Rites of Zhou describes drawing a circle to catch the shadow’s tip at sunrise and sunset.",表を立てて影を測り、影長と影の方位で日至・方向・時刻を定めること。中国古代の最も基本的な天文測量の手段である。『周礼・考工記』に円規で日出・日入の影端を取る法が記されている。,"막대를 세워 그림자를 재어, 영장과 그림자의 방위로 일지·방향·시각을 정하는 것. 중국 고대의 가장 기본적인 천문 측량 수단이다. 『주례·고공기』에 원규로 일출·일입의 영단을 취하는 법이 기록되어 있다.",none,,,
266,19,十九 · 术数择日,十九 · 術數擇日,19 · Divination and day-selection,十九 · 術数択日,19 · 술수 택일,建除十二神,建除十二神,the twelve day-officers,建除十二神,건제십이신,术数择日 · 择日,術數擇日 · 擇日,Divination and day-selection · day-selection,術数択日 · 択日,술수 택일 · 택일,旧历书系于每日之下的十二个名目：建、除、满、平、定、执、破、危、成、收、开、闭。以月建之日为「建」，逐日顺行十二辰。其体例见《协纪辨方书》卷四。,舊曆書系於每日之下的十二個名目：建、除、滿、平、定、執、破、危、成、收、開、閉。以月建之日為「建」，逐日順行十二辰。其體例見《協紀辨方書》卷四。,"Twelve labels written under the day in the old almanacs — jian, chu, man, ping, ding, zhi, po, wei, cheng, shou, kai and bi — beginning with jian on the day of the month-builder and running through the twelve branches. The scheme is set out in juan 4 of the Xieji Bianfang Shu.",旧暦書が毎日の下に繫ける十二の名目。建・除・満・平・定・執・破・危・成・収・開・閉。月建の日を「建」とし、日ごとに十二辰を順行する。その体例は『協紀辨方書』巻四に見える。,옛 역서(曆書)가 매일 아래에 붙이는 열두 명목. 건·제·만·평·정·집·파·위·성·수·개·폐. 월건의 날을 「건」으로 하고 날마다 십이진을 순행한다. 그 체례는 『협기변방서』 권4에 보인다.,none,,,
267,19,十九 · 术数择日,十九 · 術數擇日,19 · Divination and day-selection,十九 · 術数択日,19 · 술수 택일,黄黑道十二神,黃黑道十二神,the twelve deities of the yellow and black paths,黄黒道十二神,황흑도십이신,术数择日 · 择日,術數擇日 · 擇日,Divination and day-selection · day-selection,術数択日 · 択日,술수 택일 · 택일,旧历注以日支定「青龙」所临之辰，逐辰顺行，得十二神：青龙、明堂、天刑、朱雀、金匮、天德、白虎、玉堂、天牢、玄武、司命、勾陈。前六称黄道，后六称黑道。见《协纪辨方书》。,舊曆注以日支定「青龍」所臨之辰，逐辰順行，得十二神：青龍、明堂、天刑、朱雀、金匱、天德、白虎、玉堂、天牢、玄武、司命、勾陳。前六稱黃道，後六稱黑道。見《協紀辨方書》。,"Twelve deities assigned to the hours by reckoning from the day branch: Qinglong, Mingtang, Tianxing, Zhuque, Jinkui, Tiande, Baihu, Yutang, Tianlao, Xuanwu, Siming and Gouchen — the first six of the yellow path, the last six of the black. See the Xieji Bianfang Shu.",旧暦注が日支によって「青龍」の臨む辰を定め、辰ごとに順行して得る十二神。青龍・明堂・天刑・朱雀・金匱・天徳・白虎・玉堂・天牢・玄武・司命・勾陳。前の六を黄道、後六を黒道という。『協紀辨方書』に見える。,"옛 역주가 일지로 「청룡」이 임하는 진을 정하고 진마다 순행하여 얻는 십이신. 청룡·명당·천형·주작·금궤·천덕·백호·옥당·천뢰·현무·사명·구진. 앞의 여섯을 황도(黃道), 뒤의 여섯을 흑도라 한다. 『협기변방서』에 보인다.",none,,,
268,19,十九 · 术数择日,十九 · 術數擇日,19 · Divination and day-selection,十九 · 術数択日,19 · 술수 택일,六曜,六曜,the six luminaries,六曜,육요,术数择日 · 择日,術數擇日 · 擇日,Divination and day-selection · day-selection,術数択日 · 択日,술수 택일 · 택일,旧历注中的六个名目：先胜、友引、先负、佛灭、大安、赤口。以农历月、日相加取六而起。源出古代历注。,舊曆注中的六個名目：先勝、友引、先負、佛滅、大安、赤口。以農曆月、日相加取六而起。源出古代曆注。,"Six labels of the old calendrical annotations — shosho, tomoiki, senbu, butsumetsu, taian and shakko — obtained by adding the calendrical month and day. They derive from old calendrical annotation.",旧暦注の六つの名目。先勝・友引・先負・仏滅・大安・赤口。農暦の月と日を相加えて六を取って起こす。古代の暦注に源を発する。,옛 역주의 여섯 명목. 선승·우인·선부·불멸·대안·적구. 농력의 달과 날을 서로 더해 여섯을 취하여 일으킨다. 고대 역주에 근원을 둔다.,none,,,
269,19,十九 · 术数择日,十九 · 術數擇日,19 · Divination and day-selection,十九 · 術数択日,19 · 술수 택일,冲煞,衝煞,clash and the inauspicious direction,衝煞,충살,术数择日 · 择日,術數擇日 · 擇日,Divination and day-selection · day-selection,術数択日 · 択日,술수 택일 · 택일,旧历书于日下标注的两项：一为日支与所用之年支、月支相冲（子午、丑未、寅申、卯酉、辰戌、巳亥，共六冲）；一为按三合局所定的煞方（申子辰煞南、寅午戌煞北、巳酉丑煞东、亥卯未煞西）。与行星的「冲」不是一回事。,舊曆書於日下標註的兩項：一為日支與所用之年支、月支相沖（子午、丑未、寅申、卯酉、辰戌、巳亥，共六沖）；一為按三合局所定的煞方（申子辰煞南、寅午戌煞北、巳酉丑煞東、亥卯未煞西）。與行星的「衝」不是一回事。,"Two items marked under the day in the old almanacs: the clash of the day branch with the year or month branch in use (the six clashes), and the inauspicious direction fixed by the three-harmony groups. Not the same as the opposition of a planet.",旧暦書が日の下に標注する二項。一つは日支と用いる年支・月支とが相衝すること（子午・丑未・寅申・卯酉・辰戌・巳亥、合わせて六衝）。一つは三合局によって定める煞方（申子辰は南を煞とし、寅午戌は北、巳酉丑は東、亥卯未は西）。惑星の「衝」とは別のことである。,"옛 역서(曆書)가 날 아래에 표주하는 두 항목. 하나는 일지와 쓰는 해지·월지가 서로 충하는 것(자오·축미·인신·묘유·진술·사해, 모두 육충). 하나는 삼합국에 따라 정하는 살방(신자진은 남을 살로 하고, 인오술은 북, 사유축은 동, 해묘미는 서). 행성의 「충」과는 다른 일이다.",none,,,
270,19,十九 · 术数择日,十九 · 術數擇日,19 · Divination and day-selection,十九 · 術数択日,19 · 술수 택일,宜忌,宜忌,recommended and avoided activities,宜忌,의기,术数择日 · 择日,術數擇日 · 擇日,Divination and day-selection · day-selection,術数択日 · 択日,술수 택일 · 택일,旧历书于每日之下分列「宜」「忌」两栏事项的体例，所据为建除、宿直等旧说。见《协纪辨方书》卷三十一月表体例。,舊曆書於每日之下分列「宜」「忌」兩欄事項的體例，所據為建除、宿直等舊說。見《協紀辨方書》卷三十一月表體例。,"The old almanac’s practice of listing under each day two columns of activities, one recommended and one to be avoided, on the basis of the day-officers and the mansion of the day. See the monthly tables in juan 31 of the Xieji Bianfang Shu.",旧暦書が毎日の下に「宜」「忌」の二欄の事項を分列する体例。その拠るのは建除・宿直などの旧説である。『協紀辨方書』巻三十一月表の体例を見よ。,옛 역서(曆書)가 매일 아래에 「의」「기」두 난의 사항을 나누어 열거하는 체례. 그 근거는 건제·숙직 따위의 옛 설이다. 『협기변방서』 권31 월표의 체례를 보라.,none,,,
271,19,十九 · 术数择日,十九 · 術數擇日,19 · Divination and day-selection,十九 · 術数択日,19 · 술수 택일,神煞,神煞,day deities and omens,神煞,신살,术数择日 · 神煞,術數擇日 · 神煞,Divination and day-selection · day deities,術数択日 · 神煞,술수 택일 · 신살,旧历书附注于日下的一类名目，如天赦、月德、天德、四离、四绝、月破、岁破等，各按年月日的干支配合而起。名目与起例散见《协纪辨方书》卷三、卷五。,舊曆書附註於日下的一類名目，如天赦、月德、天德、四離、四絕、月破、歲破等，各按年月日的干支配合而起。名目與起例散見《協紀辨方書》卷三、卷五。,"A class of labels attached to individual days in the old almanacs — Heavenly Pardon, Lunar Virtue, Heavenly Virtue, the four partings, the four severances, month breach, year breach and the like — each reckoned from the stems and branches of year, month and day. See juan 3 and 5 of the Xieji Bianfang Shu.",旧暦書が日の下に附注する名目の類。天赦・月徳・天徳・四離・四絶・月破・歳破など、各々年月日の干支の配合によって起こる。名目と起例は『協紀辨方書』巻三・巻五に散見する。,"옛 역서(曆書)가 날 아래에 부주하는 명목의 갈래. 천사·월덕·천덕·사리·사절·월파·세파 등, 각각 연월일의 간지(干支) 배합에 따라 일어난다. 명목과 기례는 『협기변방서』 권3·권5에 산견된다.",none,,,
272,19,十九 · 术数择日,十九 · 術數擇日,19 · Divination and day-selection,十九 · 術数択日,19 · 술수 택일,天赦,天赦,Heavenly Pardon,天赦,천사,术数择日 · 神煞,術數擇日 · 神煞,Divination and day-selection · day deities,術数択日 · 神煞,술수 택일 · 신살,旧历书所谓「四季天赦日」：春戊寅、夏甲午、秋戊申、冬甲子。见《协纪辨方书》卷五引《天宝历》。,舊曆書所謂「四季天赦日」：春戊寅、夏甲午、秋戊申、冬甲子。見《協紀辨方書》卷五引《天寶曆》。,"The ‘seasonal days of Heavenly Pardon’ of the old almanacs — wu-yin in spring, chia-wu in summer, wu-shen in autumn and chia-tzu in winter. See juan 5 of the Xieji Bianfang Shu, citing the Tianbao Li.",旧暦書にいう「四季天赦日」。春は戊寅、夏は甲午、秋は戊申、冬は甲子。『協紀辨方書』巻五が引く『天宝暦』を見よ。,"옛 역서(曆書)에 이르는 「사계천사일」. 봄은 무인, 여름은 갑오, 가을은 무신, 겨울은 갑자. 『협기변방서』 권5가 인용한 『천보력』을 보라.",none,,,
273,19,十九 · 术数择日,十九 · 術數擇日,19 · Divination and day-selection,十九 · 術数択日,19 · 술수 택일,月德,月德,Lunar Virtue,月徳,월덕,术数择日 · 神煞,術數擇日 · 神煞,Divination and day-selection · day deities,術数択日 · 神煞,술수 택일 · 신살,按月建与日干配合而定：寅午戌月见丙、申子辰月见壬、亥卯未月见甲、巳酉丑月见庚。见《协纪辨方书》卷五。,按月建與日干配合而定：寅午戌月見丙、申子辰月見壬、亥卯未月見甲、巳酉丑月見庚。見《協紀辨方書》卷五。,"Determined by the month-builder together with the day stem: bing in the months yin-wu-xu, ren in shen-zi-chen, jia in hai-mao-wei and geng in si-you-chou. See juan 5 of the Xieji Bianfang Shu.",月建と日干の配合によって定める。寅午戌の月に丙を見、申子辰の月に壬を見、亥卯未の月に甲を見、巳酉丑の月に庚を見る。『協紀辨方書』巻五を見よ。,"월건과 일간의 배합으로 정한다. 인오술의 달에 병을 보고, 신자진의 달에 임을 보고, 해묘미의 달에 갑을 보고, 사유축의 달에 경을 본다. 『협기변방서』 권5를 보라.",none,,,
274,19,十九 · 术数择日,十九 · 術數擇日,19 · Divination and day-selection,十九 · 術数択日,19 · 술수 택일,天德,天德,Heavenly Virtue,天徳,천덕,术数择日 · 神煞,術數擇日 · 神煞,Divination and day-selection · day deities,術数択日 · 神煞,술수 택일 · 신살,按月建与月内干支配合而定，十二月的配合各不相同。见《协纪辨方书》卷五引《堪舆经》。,按月建與月內干支配合而定，十二月的配合各不相同。見《協紀辨方書》卷五引《堪輿經》。,"Determined by the month-builder together with the stems and branches of the month, the combination differing for each of the twelve months. See juan 5 of the Xieji Bianfang Shu, citing the Kanyu Jing.",月建と月内の干支の配合によって定め、十二月の配合はそれぞれ異なる。『協紀辨方書』巻五が引く『堪輿経』を見よ。,"월건과 그 달 안의 간지(干支) 배합으로 정하며, 열두 달의 배합이 각각 다르다. 『협기변방서』 권5가 인용한 『감여경』을 보라.",none,,,
275,19,十九 · 术数择日,十九 · 術數擇日,19 · Divination and day-selection,十九 · 術数択日,19 · 술수 택일,四离,四離,the four partings,四離,사리,术数择日 · 神煞,術數擇日 · 神煞,Divination and day-selection · day deities,術数択日 · 神煞,술수 택일 · 신살,二分二至的前一日，即春分、秋分、夏至、冬至各前一日。见《协纪辨方书》卷五引《玉门经》。,二分二至的前一日，即春分、秋分、夏至、冬至各前一日。見《協紀辨方書》卷五引《玉門經》。,"The day before each equinox and solstice. See juan 5 of the Xieji Bianfang Shu, citing the Yumen Jing.",二分二至の前日。すなわち春分・秋分・夏至・冬至それぞれの前日。『協紀辨方書』巻五が引く『玉門経』を見よ。,이분이지의 전날. 곧 춘분·추분·하지·동지 각각의 전날. 『협기변방서』 권5가 인용한 『옥문경』을 보라.,none,,,
276,19,十九 · 术数择日,十九 · 術數擇日,19 · Divination and day-selection,十九 · 術数択日,19 · 술수 택일,四绝,四絕,the four severances,四絶,사절,术数择日 · 神煞,術數擇日 · 神煞,Divination and day-selection · day deities,術数択日 · 神煞,술수 택일 · 신살,四立的前一日，即立春、立夏、立秋、立冬各前一日。见《协纪辨方书》卷五引《玉门经》。,四立的前一日，即立春、立夏、立秋、立冬各前一日。見《協紀辨方書》卷五引《玉門經》。,"The day before each of the four beginnings of the seasons. See juan 5 of the Xieji Bianfang Shu, citing the Yumen Jing.",四立の前日。すなわち立春・立夏・立秋・立冬それぞれの前日。『協紀辨方書』巻五が引く『玉門経』を見よ。,사립의 전날. 곧 입춘·입하·입추·입동 각각의 전날. 『협기변방서』 권5가 인용한 『옥문경』을 보라.,none,,,
277,19,十九 · 术数择日,十九 · 術數擇日,19 · Divination and day-selection,十九 · 術数択日,19 · 술수 택일,月破,月破,month breach,月破,월파,术数择日 · 神煞,術數擇日 · 神煞,Divination and day-selection · day deities,術数択日 · 神煞,술수 택일 · 신살,日支与月建相冲之日。见《协纪辨方书》卷三。,日支與月建相沖之日。見《協紀辨方書》卷三。,A day whose branch clashes with the month-builder. See juan 3 of the Xieji Bianfang Shu.,日支と月建とが相衝する日。『協紀辨方書』巻三を見よ。,일지와 월건이 서로 충하는 날. 『협기변방서』 권3을 보라.,none,,,
278,19,十九 · 术数择日,十九 · 術數擇日,19 · Divination and day-selection,十九 · 術数択日,19 · 술수 택일,岁破,歲破,year breach,歳破,세파,术数择日 · 神煞,術數擇日 · 神煞,Divination and day-selection · day deities,術数択日 · 神煞,술수 택일 · 신살,日支与年支相冲之日。见《协纪辨方书》卷三。,日支與年支相沖之日。見《協紀辨方書》卷三。,A day whose branch clashes with the year branch. See juan 3 of the Xieji Bianfang Shu.,日支と年支とが相衝する日。『協紀辨方書』巻三を見よ。,일지와 연지가 서로 충하는 날. 『협기변방서』 권3을 보라.,none,,,
279,19,十九 · 术数择日,十九 · 術數擇日,19 · Divination and day-selection,十九 · 術数択日,19 · 술수 택일,六十甲子纳音,六十甲子納音,the Nayin of the Sexagenary Cycle,六十甲子納音,육십갑자납음,术数择日 · 纳音,術數擇日 · 納音,Divination and day-selection · nayin,術数択日 · 納音,술수 택일 · 납음,把六十干支每两柱配一个五行名目，如甲子、乙丑为「海中金」，共三十项。见《协纪辨方书》卷三十一，亦见《三命通会》。,把六十干支每兩柱配一個五行名目，如甲子、乙丑為「海中金」，共三十項。見《協紀辨方書》卷三十一，亦見《三命通會》。,"Thirty pairings in which every two of the sixty binomials of the sexagenary cycle take one of the five phases as a name, chia-tzu and i-ch'ou being ‘gold in the sea’. See juan 31 of the Xieji Bianfang Shu, and also the Sanming Tonghui.",六十干支を二柱ずつまとめ、それぞれに五行の名目を配したもの。たとえば甲子・乙丑は「海中金」。合わせて三十項。『協紀辨方書』巻三十一に見え、また『三命通会』にも見える。,"육십간지를 두 기둥씩 묶어 각각에 오행의 명목을 배당한 것. 예컨대 갑자·을축은 「해중금」. 합쳐서 서른 항목. 『협기변방서』 권31에 보이고, 또한 『삼명통회』에도 보인다.",none,,,
