id,group_id,group_zh,group_en,term_zh,term_en,tag_zh,tag_en,def_zh,def_en,termonline_status,termonline_term,termonline_subject_zh,termonline_subject_en
1,1,一 · 历法・历算,1 · Calendars and calendrical computation,历法,calendar / calendrical system,历法术语 · 总论,Calendrical terms · general,为配合日常需要、依据天象定出的计时系统：推排年、月、日的长度与相互关系。中国传统的这一套是阴阳合历。,"A time-reckoning system derived from the heavens: it fixes the lengths of years, months and days and the relations among them. The traditional Chinese one is lunisolar.",none,,,
2,1,一 · 历法・历算,1 · Calendars and calendrical computation,阴阳合历,lunisolar calendar,历法术语 · 历代历法,Calendrical terms · calendars by age,同时照看太阳与月亮的历法：月从朔望定，年从回归年定，两者之差用闰月补齐。把中国的农历叫作「阴历」并不准确。,"A calendar that watches both sun and moon: months from the phases, the year from the tropical year, the mismatch made up by intercalary months. Calling the Chinese calendar a “lunar” one is inaccurate.",near,阴阳,天文学 · 天文学史,Astronomy · History of Astronomy
3,1,一 · 历法・历算,1 · Calendars and calendrical computation,阳历,solar calendar,历法术语 · 历代历法,Calendrical terms · calendars by age,只照看太阳、不问月相的历法：年的长度从回归年定，月只是年的等分。现行的公历即阳历。,"A calendar that watches the sun alone: the year is fixed by the tropical year, and the months are merely its divisions. The Gregorian calendar is one.",exact,术语在线,天文学 · 天文学史 · 2024,Astronomy · History of Astronomy · 2024
4,1,一 · 历法・历算,1 · Calendars and calendrical computation,阴历,lunar calendar,历法术语 · 历代历法,Calendrical terms · calendars by age,只照看月相、不问太阳的历法：月从朔望定，年只是十二个月的累积。伊斯兰历即阴历。,"A calendar that watches the moon alone: the months are fixed by the phases, and the year is simply twelve of them. The Islamic calendar is one.",exact,术语在线,天文学 · 天文学史 · 2024,Astronomy · History of Astronomy · 2024
5,1,一 · 历法・历算,1 · Calendars and calendrical computation,历书,almanac,律历制度 · 文献,Institutions · sources,依历法排出的一年历日，逐日注出朔望、节气、干支与宜忌。,"The year’s days laid out according to a calendar, each annotated with the phases, the solar terms, the stem-branch pair and the day’s prescriptions.",none,,,
6,1,一 · 历法・历算,1 · Calendars and calendrical computation,历日,calendrical day,历法术语 · 总论,Calendrical terms · general,历书上所记的某一天：某年某月某日，附干支。历法是法，历日是法排出来的那一天——两者是两个层次。,"A single day as recorded in the almanac, with its date and its stem-branch pair. The calendar is the method; the calendrical day is what the method produces.",exact,术语在线,天文学 · 2013,Astronomy · 2013
7,1,一 · 历法・历算,1 · Calendars and calendrical computation,历注,calendrical annotation,律历制度 · 制度,Institutions · institutions,历日之下所注的宜忌、吉凶、神煞一类文字。历代对历注的取舍不一，也是改历时争论最多的一项。,"The prescriptions and prohibitions, the lucky and unlucky notes, the spirits appended beneath a day. What to include has differed by age, and been among the most disputed points in a reform.",near,历元,天文学 · 天体测量学,Astronomy · Astrometry
8,1,一 · 历法・历算,1 · Calendars and calendrical computation,历元,calendar epoch,历法术语 · 历算,Calendrical terms · computation,一部历法推算的起算点。上元是理想化的、各项周期同时起算的那一点。,The point from which a calendar reckons. The “grand epoch” is the idealised moment at which all periods are supposed to begin together.,exact,术语在线,天文学 · 天体测量学 · 2024,Astronomy · Astrometry · 2024
9,1,一 · 历法・历算,1 · Calendars and calendrical computation,上元,grand epoch,历法术语 · 历算,Calendrical terms · computation,历法推算最理想的起算点：设想某年十一月甲子日夜半，恰好合朔、冬至，日月五星又各在其位。取上元是为了让一切周期同时起算。,"The ideal starting point of a calendar: a year in which the midnight of a jiazi day in the eleventh month was at once a conjunction, the winter solstice, and the same position for sun, moon and planets. It lets every cycle begin together.",exact,术语在线,天文学 · 天文学史 · 2024,Astronomy · History of Astronomy · 2024
10,1,一 · 历法・历算,1 · Calendars and calendrical computation,上元积年,years from the grand epoch,历法术语 · 历算,Calendrical terms · computation,从理想上元到本年所积的年数。这个数往往极大，唐以后渐有主张废去上元、直接以实测起算的。,The number of years from the ideal grand epoch to the year in hand — often enormous. From the Tang onward some argued for dropping it and reckoning from an observed epoch instead.,exact,术语在线,天文学 · 天文学史 · 2024,Astronomy · History of Astronomy · 2024
11,1,一 · 历法・历算,1 · Calendars and calendrical computation,岁实,length of the tropical year,历法术语 · 历算,Calendrical terms · computation,一个回归年的日数。历代历法都要先定出这个数，才有后面的排历。,The number of days in a tropical year. Every calendar had to fix this first before it could lay out the year.,exact,术语在线,天文学 · 天文学史 · 2024,Astronomy · History of Astronomy · 2024
12,1,一 · 历法・历算,1 · Calendars and calendrical computation,朔策,length of the synodic month,历法术语 · 历算,Calendrical terms · computation,一个朔望月的平均日数。与岁实相配，才能定出一年要插几个闰月。,The mean length of a synodic month. Together with the year length it determines how many intercalary months a year needs.,near,朔实,天文学 · 天文学史,Astronomy · History of Astronomy
13,1,一 · 历法・历算,1 · Calendars and calendrical computation,岁周,sidereal year,历法术语 · 历算,Calendrical terms · computation,太阳从某恒星回到同一恒星所历的时间。它比岁实（回归年）略长，两者之差即岁差所致。,The time the sun takes to return to the same star. Slightly longer than the tropical year; the difference is due to precession.,exact,术语在线,天文学 · 2013,Astronomy · 2013
14,1,一 · 历法・历算,1 · Calendars and calendrical computation,岁实消长,variation of the tropical year,历法术语 · 历算,Calendrical terms · computation,认为回归年长度本身有增减之说。明清之际有人据实测主张古今岁实不同，这是当时主张改历的一条理由。,"The view that the tropical year itself lengthens or shortens. In the late Ming it was argued from observation that the year differed between antiquity and the present, and used as a reason for reform.",near,岁实,天文学 · 天文学史,Astronomy · History of Astronomy
15,1,一 · 历法・历算,1 · Calendars and calendrical computation,日法,day divisor,历法术语 · 历算,Calendrical terms · computation,一部历法把一日所分成的份数。同一日长，或取九百四十、或取一万，各历不同；历中一切数值都以它为分母。,The number of parts into which a calendar divides one day. The same day may be cut into 940 parts or into 10000; every value in the calendar takes it as its denominator.,near,偕日法,天文学 · 天文学史,Astronomy · History of Astronomy
16,1,一 · 历法・历算,1 · Calendars and calendrical computation,调日法,method of adjusting the day divisor,历法术语 · 历算,Calendrical terms · computation,南北朝何承天所创：把实测所得的强弱两个分数，按需要增减分子分母，凑出一个合用又不至太繁的日法。,"Devised by He Chengtian: the strong and the weak fraction obtained from observation are raised or lowered in their terms until a workable, not too unwieldy day divisor emerges.",none,,,
17,1,一 · 历法・历算,1 · Calendars and calendrical computation,强弱率,strong and weak rates,历法术语 · 历算,Calendrical terms · computation,调日法所用的两个分数：一个偏大、一个偏小，真值在其间。两者依次增减，可得越来越接近真值的近似分数。,"The two fractions used in that method, one above and one below the true value. Adjusting them by turns yields approximations ever closer to the truth.",none,,,
18,1,一 · 历法・历算,1 · Calendars and calendrical computation,内插法,interpolation,历法术语 · 历算,Calendrical terms · computation,由若干已知点的数值，推算中间某点的值。隋《皇极历》用等间距二次内插推日月行度，唐《大衍历》改用不等间距。,Reckoning a value between known points. The Huangji Calendar used equal-interval quadratic interpolation for the sun and moon; the Dayan Calendar changed to unequal intervals.,none,,,
19,1,一 · 历法・历算,1 · Calendars and calendrical computation,大余・小余,integer and fraction of a count,历法术语 · 历算,Calendrical terms · computation,历法算出的两个数：大余是整数部分，小余是分数部分。前者给出干支日序，后者给出具体时刻。,"Every result is given as two numbers: the integer part, which yields the stem-branch day, and the fractional part, which yields the time of day.",none,,,
20,1,一 · 历法・历算,1 · Calendars and calendrical computation,通法,common divisor,历法术语 · 历算,Calendrical terms · computation,唐《崇玄历》一类历法中，历中数值还须除以这个数，才得日单位的长度。与「日法」同名异实，各家用法不一。,"In calendars of the Chongxuan type, the value in the tables must be divided by this number to give a length in days. Its name clashes with the day divisor, and its use differs by calendar.",none,,,
21,2,二 · 岁首・月建・置闰,"2 · The year, the months and intercalation",岁首,year-beginning,历法术语 · 月建,Calendrical terms · month-building,一年的头一天定在哪个月的哪一日。中国历史上改过多次，见 Calendar Reform 一栏。,"Which day, in which month, is taken as the first day of the year. Changed many times in Chinese history; see the Calendar Reform page.",exact,术语在线,天文学 · 2013,Astronomy · 2013
22,2,二 · 岁首・月建・置闰,"2 · The year, the months and intercalation",正朔,the first month and the first day,历法术语 · 月建,Calendrical terms · month-building,一年之始的正月与一月之始的朔日，合起来指一个王朝所颁行的历。改朝换代而改历，就叫「改正朔」。,"The first month of the year together with the first day of that month — together, the calendar a dynasty promulgates. To change them with a change of dynasty is to “correct the first month and day”.",exact,术语在线,天文学 · 天文学史 · 2024,Astronomy · History of Astronomy · 2024
23,2,二 · 岁首・月建・置闰,"2 · The year, the months and intercalation",改正朔,to correct the first month and day,律历制度 · 制度,Institutions · institutions,新朝立国重定岁首与正月的制度。汉初仍用秦制，至《太初历》才改正朔、以正月为岁首。,Re-establishing the year-beginning and the first month when a new dynasty takes power. The early Han kept the Qin system; only the Taichu Calendar corrected it and made the first month the head of the year.,none,,,
24,2,二 · 岁首・月建・置闰,"2 · The year, the months and intercalation",斗建／月建,doujian / yuejian,历法术语 · 月建,Calendrical terms · month-building,用北斗斗柄所指的方向给十二个月定位。柄指寅，这个月叫「建寅之月」。「建」即斗柄所指。,"Locating the twelve months by the direction the handle of the Big Dipper points to. Pointing at yin, the month is “built on yin”; the word jian means what the handle points at.",near,斗建,天文学 · 天文学史,Astronomy · History of Astronomy
25,2,二 · 岁首・月建・置闰,"2 · The year, the months and intercalation",建正,jianzheng,历法术语 · 月建,Calendrical terms · month-building,十二个月里，把哪一个定为一年之首。以寅为首叫「建寅」，以子为首叫「建子」。,"Which of the twelve months is taken as the head of the year: “built on yin”, “built on zi”, and so on.",near,斗建,天文学 · 天文学史,Astronomy · History of Astronomy
26,2,二 · 岁首・月建・置闰,"2 · The year, the months and intercalation",三正,san zheng,历法术语 · 月建,Calendrical terms · month-building,夏、商、周三代岁首制度的合称：夏建寅（正月）、殷建丑（十二月）、周建子（十一月）。秦及汉初用建亥，至《太初历》恢复建寅。,"The collective name for the three dynasties’ year-beginnings: Xia on yin, Shang on chou, Zhou on zi. Qin and early Han used hai; the Taichu Calendar restored yin.",exact,术语在线,天文学 · 天文学史 · 2024,Astronomy · History of Astronomy · 2024
27,2,二 · 岁首・月建・置闰,"2 · The year, the months and intercalation",孟仲季,"meng, zhong, ji",历法术语 · 月建,Calendrical terms · month-building,一季三个月的次序称法：孟（头一月）、仲（中间）、季（末一月），如孟春、仲春、季春。,"The three months of a season in order: meng (the first), zhong (the middle), ji (the last) — as in early, middle and late spring.",none,,,
28,2,二 · 岁首・月建・置闰,"2 · The year, the months and intercalation",月序,the order of the months,历法术语 · 月建,Calendrical terms · month-building,一年十二个月的排列与名称。历法一改，月序也随岁首而变：建寅即以寅月为正月。,"The sequence and the names of the twelve months. Change the calendar and the order shifts with the year-beginning: build on yin, and the yin month is the first.",none,,,
29,2,二 · 岁首・月建・置闰,"2 · The year, the months and intercalation",朔旦冬至,the conjunction at the winter solstice,历法术语 · 历算,Calendrical terms · computation,合朔与冬至落在同一天的黎明。古人以此为推算的基准点，也是取上元时所要求的条件之一。,"A conjunction falling at dawn on the winter solstice. Taken as a benchmark in reckoning, and one of the conditions sought in fixing the grand epoch.",none,,,
30,2,二 · 岁首・月建・置闰,"2 · The year, the months and intercalation",闰月,intercalary month,历法术语 · 置闰,Calendrical terms · intercalation,为对齐回归年与朔望月的长度差而多出来的那一个月。加在哪个月，历代规则不一。,The extra month added to bring the solar year and the lunar months into step. Which month it follows has differed across the ages.,exact,术语在线,天文学 · 天体测量学 · 2024,Astronomy · Astrometry · 2024
31,2,二 · 岁首・月建・置闰,"2 · The year, the months and intercalation",闰周,intercalation cycle,历法术语 · 置闰,Calendrical terms · intercalation,多少年该安插多少个闰月的成规，如十九年七闰。唐《麟德历》废去闰周，改为随实测随时补闰。,"The fixed rule for how many intercalary months go into how many years — nineteen years and seven months, for instance. The Linde Calendar abolished the fixed cycle and intercalated as observation required.",exact,术语在线,天文学 · 天文学史 · 2024,Astronomy · History of Astronomy · 2024
32,2,二 · 岁首・月建・置闰,"2 · The year, the months and intercalation",章,zhang,历法术语 · 置闰,Calendrical terms · intercalation,十九年为一章，是置闰的基本周期：一章之内，朔望月与回归年恰好相齐（十九年七闰）。,"Nineteen years make one zhang, the basic cycle of intercalation: within it the lunar months and the solar years come out even.",none,,,
33,2,二 · 岁首・月建・置闰,"2 · The year, the months and intercalation",十九年七闰,the nineteen-year cycle,历法术语 · 置闰,Calendrical terms · intercalation,阴阳合历置闰的成法：十九个回归年约合二百三十五个朔望月，故十九年中安插七个闰月。,"The rule for lunisolar calendars: nineteen tropical years come to about 235 synodic months, so seven intercalary months are inserted in nineteen years.",none,,,
34,2,二 · 岁首・月建・置闰,"2 · The year, the months and intercalation",十三月,the thirteenth month,历法术语 · 置闰,Calendrical terms · intercalation,上古置闰于岁末时所用的月名：闰月排在十二月之后，就叫十三月。殷墟卜辞里已有此称。,The name for the intercalary month when it was placed at the year’s end — after the twelfth month. The name appears already in the oracle-bone inscriptions.,none,,,
35,2,二 · 岁首・月建・置闰,"2 · The year, the months and intercalation",无中气置闰,intercalating the month without a mid-term,历法术语 · 置闰,Calendrical terms · intercalation,汉《太初历》以后的置闰规则：哪一个月里没有中气，哪一个月就定为闰月。,The rule followed after the Taichu Calendar: whichever month contains no mid-term is the intercalary month.,near,中气,天文学 · 天文学史,Astronomy · History of Astronomy
36,2,二 · 岁首・月建・置闰,"2 · The year, the months and intercalation",置闰法,the rule of intercalation,历法术语 · 置闰,Calendrical terms · intercalation,决定闰月安插位置与年度的办法总称。历代有岁末置闰、无中气置闰等不同做法。,"The general name for deciding when and where to insert an intercalary month — at the year’s end in high antiquity, in the month without a mid-term later on.",none,,,
37,3,三 · 节气・物候,3 · Solar terms and phenology,二十四节气,the Twenty-Four Solar Terms,历法术语 · 节气,Calendrical terms · solar terms,依太阳在黄道上的位置划分的二十四个节点，每约十五度一个。,"Twenty-four markers on the sun’s path, roughly fifteen degrees apart.",none,,,
38,3,三 · 节气・物候,3 · Solar terms and phenology,节,node (major solar term),历法术语 · 节气,Calendrical terms · solar terms,二十四节气中排在月首的十二个，是月的分界线。立春、惊蛰一类属「节」。,"The twelve terms that fall at the head of a month and mark its boundary: Lichun, Jingzhe and the like.",none,,,
39,3,三 · 节气・物候,3 · Solar terms and phenology,中气／气,breath (mid-term),历法术语 · 节气,Calendrical terms · solar terms,二十四节气中排在月中的十二个。雨水、春分一类属「气」。节与气交替，合起来才是二十四节气。,"The twelve that fall in mid-month: Yushui, Chunfen and the like. Node and breath alternate; together they make the twenty-four.",near,中气,天文学 · 天文学史,Astronomy · History of Astronomy
40,3,三 · 节气・物候,3 · Solar terms and phenology,交节时刻,instant of a solar term,历法术语 · 节气,Calendrical terms · solar terms,太阳在黄道上走到某一特定度数的那一瞬。它是一个时刻，不是一整天。,"The instant the sun reaches a given degree of the ecliptic. An instant, not a whole day.",none,,,
41,3,三 · 节气・物候,3 · Solar terms and phenology,黄经,solar longitude,天文基础 · 坐标,Fundamentals · coordinates,太阳在黄道上、从春分点量起的角度。节气就是黄经的整数倍刻度。,The sun’s angle along the ecliptic measured from the vernal equinox. The solar terms are its round-number marks.,exact,术语在线,天文学 · 天体测量学 · 2024,Astronomy · Astrometry · 2024
42,3,三 · 节气・物候,3 · Solar terms and phenology,分至启闭,the eight principal terms,历法术语 · 节气,Calendrical terms · solar terms,二十四节气里最先被定出的八个：春分、秋分、夏至、冬至，加立春、立夏、立秋、立冬。,"The eight terms fixed earliest: the two equinoxes and two solstices, plus the four “beginnings” of spring, summer, autumn and winter.",none,,,
43,3,三 · 节气・物候,3 · Solar terms and phenology,平气,mean solar term,历法术语 · 节气,Calendrical terms · solar terms,把一个回归年等分成二十四份来定节气。不知日行有迟速时的做法，与平朔同时行用。,Fixing the terms by dividing the tropical year into twenty-four equal parts — the method of those who did not know the sun moves unevenly. It went with the mean new moon.,none,,,
44,3,三 · 节气・物候,3 · Solar terms and phenology,定气,true solar term,历法术语 · 节气,Calendrical terms · solar terms,按太阳在黄道上实际走到某一度数来定节气。清《时宪历》起改用定气注历，沿用至今。,"Fixing the terms by the sun’s actual degrees along the ecliptic. The Shixian Calendar introduced it, and it is still in use.",none,,,
45,3,三 · 节气・物候,3 · Solar terms and phenology,候／物候,phenological period,历法术语 · 节气,Calendrical terms · solar terms,节气是天上那把尺子走到哪儿了，候是地上你看见什么了。候比气慢着差不多一个月。,The solar term is where the celestial ruler has reached; the phenological period is what you see on the ground. The latter lags by about a month.,none,,,
46,3,三 · 节气・物候,3 · Solar terms and phenology,候应,phenological sign,历法术语 · 节气,Calendrical terms · solar terms,七十二候中每一候所对应的自然现象，如「东风解冻」「桃始华」。有植物、动物、非生物三类。,"The natural sign assigned to each of the seventy-two periods — thawing east winds, peach trees in flower. They are drawn from plants, from animals, and from inanimate nature.",none,,,
47,3,三 · 节气・物候,3 · Solar terms and phenology,七十二候,the seventy-two periods,历法术语 · 节气,Calendrical terms · solar terms,把二十四节气各分三候、每候约五日，共七十二候。完整记载见《逸周书·时训解》。,"Each solar term split into three periods of about five days, seventy-two in all. The full record is in the “Shixun jie” chapter of the Yizhou shu.",exact,术语在线,天文学 · 天文学史 · 2024,Astronomy · History of Astronomy · 2024
48,3,三 · 节气・物候,3 · Solar terms and phenology,启蛰,awakening of the dormant,历法术语 · 节气,Calendrical terms · solar terms,二十四节气中惊蛰的旧名。汉时因避景帝刘启之名改写作「惊蛰」，两个字是同一层意思的改写。,"The older name of the term now called Jingzhe. Under Emperor Jing, whose personal name was Qi, it was rewritten; the two words mean the same thing.",none,,,
49,3,三 · 节气・物候,3 · Solar terms and phenology,月令,monthly ordinances,律历制度 · 文献,Institutions · sources,按月排比天象、物候与政令的体裁。《礼记·月令》是这种体裁的代表，也是节气系统的前身。,"The genre that sets out, month by month, the sky, the signs on the ground and the acts of government. The “Yue Ling” of the Book of Rites is its model and the solar terms’ ancestor.",none,,,
50,3,三 · 节气・物候,3 · Solar terms and phenology,三伏,the three fu,历法术语 · 节气,Calendrical terms · solar terms,一年中最热的三段时间，从夏至后第三个庚日起算。它以干支纪日为准，与节气是两套并行的刻度。,"The three hottest stretches of the year, counted from the third geng day after the summer solstice. It is reckoned by stem-branch days, a scale parallel to the solar terms.",none,,,
51,3,三 · 节气・物候,3 · Solar terms and phenology,九九,the nine nines,历法术语 · 节气,Calendrical terms · solar terms,从冬至起每九天为一段，历八十一天。是冬季的民间冷暖刻度，也是历书上的常见注记。,"Nine-day stretches counted from the winter solstice, eighty-one days in all — a popular scale for the cold and a common note in almanacs.",none,,,
52,3,三 · 节气・物候,3 · Solar terms and phenology,社日,the day of the earth god,历法术语 · 节气,Calendrical terms · solar terms,春秋各一次，以立春、立秋后的第五个戊日为准。与三伏同一算法，都由干支定日。,"Twice a year, on the fifth wu day after the beginning of spring and of autumn — reckoned, like the fu, by stem-branch days.",none,,,
53,3,三 · 节气・物候,3 · Solar terms and phenology,节气注历,solar terms entered in the almanac,历法术语 · 节气,Calendrical terms · solar terms,把二十四节气逐日注在历书上。汉《太初历》首次完整编入，清《时宪历》起改用定气注历。,Entering the twenty-four terms day by day in the almanac. The Taichu Calendar was the first to carry them in full; the Shixian Calendar began to use the true terms.,none,,,
54,4,四 · 纪日・纪年・时刻,"4 · Counting days, years and hours",干支,stem-branch,天文基础 · 时间系统,Fundamentals · time systems,十天干与十二地支依次相配、六十组一轮的编号法。「干支」原写作「幹枝」，即树干与枝条，起初并不是一组序数符号。,"The cycle formed by pairing the ten stems with the twelve branches, sixty to a round. Originally written 幹枝, “trunk and branches” — not at first ordinal signs at all.",none,,,
55,4,四 · 纪日・纪年・时刻,"4 · Counting days, years and hours",天干,heavenly stems,天文基础 · 时间系统,Fundamentals · time systems,甲、乙、丙、丁、戊、己、庚、辛、壬、癸，共十个。,"The ten: jia, yi, bing, ding, wu, ji, geng, xin, ren, gui.",exact,术语在线,天文学 · 天文学史 · 2024,Astronomy · History of Astronomy · 2024
56,4,四 · 纪日・纪年・时刻,"4 · Counting days, years and hours",地支,earthly branches,天文基础 · 时间系统,Fundamentals · time systems,子、丑、寅、卯、辰、巳、午、未、申、酉、戌、亥，共十二个。,"The twelve: zi, chou, yin, mao, chen, si, wu, wei, shen, you, xu, hai.",exact,术语在线,天文学 · 天文学史 · 2024,Astronomy · History of Astronomy · 2024
57,4,四 · 纪日・纪年・时刻,"4 · Counting days, years and hours",六十甲子,sexagenary cycle,天文基础 · 时间系统,Fundamentals · time systems,干支相配的完整一轮。两条序列本可排出 120 个有序对，只因配对限定在同类之内，才只剩六十。,"One full round of the pairing. Two such series admit 120 ordered pairs; pairing is permitted only within a class, so exactly sixty survive.",near,六十干支周,天文学 · 天文学史,Astronomy · History of Astronomy
58,4,四 · 纪日・纪年・时刻,"4 · Counting days, years and hours",干支纪日,stem-branch day-count,天文基础 · 时间系统,Fundamentals · time systems,用干支给每一天编号。这套编号连续不断，可用来核对历日。,Numbering every day with a stem-branch pair. The count runs unbroken and can be used to check a date.,none,,,
59,4,四 · 纪日・纪年・时刻,"4 · Counting days, years and hours",干支纪年,stem-branch year-count,天文基础 · 时间系统,Fundamentals · time systems,用干支给年份编号。东汉元和二年（85 年）才以政令推行全国，此前纪年多用岁星、太岁或年号。,"Numbering the years with stem-branch pairs. It was ordered for the whole country only in 85 CE; before that years were reckoned by Jupiter, by the counter-Jupiter, or by reign titles.",none,,,
60,4,四 · 纪日・纪年・时刻,"4 · Counting days, years and hours",旬,the ten-day week,天文基础 · 时间系统,Fundamentals · time systems,十干轮完一轮为一旬，即十日。殷墟卜辞已按旬记日，旬末有卜旬之例。,"Ten days, the time the ten stems take to complete one round. The oracle bones already count by the ten-day week.",near,旬星,天文学 · 天文学史,Astronomy · History of Astronomy
61,4,四 · 纪日・纪年・时刻,"4 · Counting days, years and hours",年号纪年,reign-title dating,天文基础 · 时间系统,Fundamentals · time systems,以皇帝的年号加序号纪年，如「贞观元年」。汉武帝建元为中国年号纪年之始。,"Dating by the emperor’s reign title and a number — “the first year of Zhenguan”. Jianyuan, under Emperor Wu of the Han, is the first such title.",none,,,
62,4,四 · 纪日・纪年・时刻,"4 · Counting days, years and hours",岁星纪年,Jupiter year-reckoning,天文基础 · 时间系统,Fundamentals · time systems,以木星所在的星次纪年，如「岁在星纪」。木星约十二年行一周天，古人称之为岁星。,Reckoning the year by the station the planet Jupiter occupies — “the year star in Xingji”. Jupiter takes about twelve years to circle the sky and was named the “year star”.,exact,术语在线,天文学 · 天文学史 · 2024,Astronomy · History of Astronomy · 2024
63,4,四 · 纪日・纪年・时刻,"4 · Counting days, years and hours",太岁纪年,counter-Jupiter year-reckoning,天文基础 · 时间系统,Fundamentals · time systems,岁星自西向东而行，与十二辰方向相反，古人另设一个反向运行的假想天体「太岁」来纪年，由此有摄提格等十二岁名。,"Because Jupiter moves eastward, counter to the order of the twelve stations, a counter-Jupiter was imagined running the other way, giving the twelve year-names such as Shetige.",exact,术语在线,天文学 · 天文学史 · 2024,Astronomy · History of Astronomy · 2024
64,4,四 · 纪日・纪年・时刻,"4 · Counting days, years and hours",十二次,the Twelve Jupiter Stations,天文基础 · 坐标,Fundamentals · coordinates,沿黄道划分的十二个星区，依次为星纪、玄枵、娵訾等，用于岁星纪年。,"Twelve regions along the ecliptic — Xingji, Xuanxiao, Juzi and so on — used for reckoning years by Jupiter.",exact,术语在线,天文学 · 天文学史 · 2024,Astronomy · History of Astronomy · 2024
65,4,四 · 纪日・纪年・时刻,"4 · Counting days, years and hours",十二辰,the twelve earthly stations,天文基础 · 坐标,Fundamentals · coordinates,沿天球一周按子丑寅卯等十二支划分的区域，方向与十二次相反，用于太岁纪年与分野。,"Twelve regions of the sky named by the earthly branches, running opposite to the Jupiter stations; used for counter-Jupiter dating and for field-allocation.",exact,术语在线,天文学 · 天文学史 · 2024,Astronomy · History of Astronomy · 2024
66,4,四 · 纪日・纪年・时刻,"4 · Counting days, years and hours",摄提格,shetige,天文基础 · 时间系统,Fundamentals · time systems,太岁在寅之年的岁名，为十二岁名之一；其余为单阏、执徐、大荒落、敦牂、协洽、涒滩、作噩、阉茂、大渊献、困敦、赤奋若。,"The year-name for a year with the counter-Jupiter in yin. The others are Chanyan, Zhixu, Dahuangluo, Dunzang, Xieqia, Tuntan, Zuo’e, Yanmao, Dayuanxian, Kundun and Chifenruo.",none,,,
67,4,四 · 纪日・纪年・时刻,"4 · Counting days, years and hours",岁阳,the ten year-names,天文基础 · 时间系统,Fundamentals · time systems,西汉历家给十干另取的十个名称：阏逢、旃蒙、柔兆、强圉、著雍、屠维、上章、重光、玄黓、昭阳。与十二岁名相配，成六十个年名。,"Ten names given to the stems — Yanfeng, Zhanmeng, Rouzhao and so on — paired with the twelve year-names to yield sixty, much as stems pair with branches.",near,岁实,天文学 · 天文学史,Astronomy · History of Astronomy
68,4,四 · 纪日・纪年・时刻,"4 · Counting days, years and hours",超辰,the leap of the year station,天文基础 · 时间系统,Fundamentals · time systems,岁星实际约 11.86 年一周天，积久便会超过按十二年一轮所推的位置一次。历家称之为超辰，也是后来改用干支纪年的一个缘由。,"Jupiter actually takes about 11.86 years, so in time it outruns the twelve-year reckoning by one station. This “leap” is one reason the stem-branch count displaced it.",none,,,
69,4,四 · 纪日・纪年・时刻,"4 · Counting days, years and hours",分野,field-allocation,星宿与星官 · 星官,Mansions and star officials · star officials,把天上的星次、星宿与地上的州国相配，以星象占其吉凶。配法历代不一，是星占与历法共用的框架。,"Matching the stations and mansions of the sky to the provinces and states of the earth, so that a sign above portends below. The matching differs by age; it serves both astrology and calendar.",exact,术语在线,天文学 · 天文学史 · 2024,Astronomy · History of Astronomy · 2024
70,4,四 · 纪日・纪年・时刻,"4 · Counting days, years and hours",时辰,the double-hour (shichen),天文基础 · 时间系统,Fundamentals · time systems,把一天分成十二段，每段对应一个地支，各两小时。子时起于二十三时。,"Twelve two-hour divisions of the day, one to each branch. The hour of zi begins at 23:00.",none,,,
71,4,四 · 纪日・纪年・时刻,"4 · Counting days, years and hours",更,the night watch,天文基础 · 时间系统,Fundamentals · time systems,夜里分五更，用于报时。更点与十二时辰是两套并行的夜间刻度。,"The night divided into five watches, for calling the hour. Watches and double-hours are two parallel scales for the dark hours.",none,,,
72,4,四 · 纪日・纪年・时刻,"4 · Counting days, years and hours",点,the point,天文基础 · 时间系统,Fundamentals · time systems,更以下的刻度：一夜五更，每更五点。更、点用于报时，历书上记的则是时辰。,"A subdivision of the watch: five points to a watch, five watches to a night. Watches and points were for calling the hour; the almanac kept to the double-hours.",none,,,
73,4,四 · 纪日・纪年・时刻,"4 · Counting days, years and hours",刻,the quarter (ke),天文基础 · 时间系统,Fundamentals · time systems,一日分为一百刻，每刻约十四分二十四秒；清康熙九年改用九十六刻，每刻十五分钟，与今制同。,"One hundred to the day, each about 14 minutes 24 seconds; changed in 1670 to ninety-six to the day, each fifteen minutes, as now.",none,,,
74,4,四 · 纪日・纪年・时刻,"4 · Counting days, years and hours",二十四时,the twenty-four hours,天文基础 · 时间系统,Fundamentals · time systems,把每个时辰分为「初」「正」两半，十二时辰遂成二十四段，与今日的小时相当。西洋钟表传入后通行。,"Splitting each double-hour into an “initial” and a “central” half, turning twelve into twenty-four divisions of about an hour each. It came into general use with Western clocks.",none,,,
75,4,四 · 纪日・纪年・时刻,"4 · Counting days, years and hours",漏刻,the water clock,律历制度 · 观测方法,Institutions · observational methods,以壶盛水、看箭上刻度计时的器具。冬至昼短夜长，刻数随之增减，历代历法都要给出昼夜刻分。,"An instrument of water-jars and a graduated float. The number of quarters in day and night shifts with the season, and calendars supplied the figures.",exact,术语在线,天文学 · 天文学史 · 2024,Astronomy · History of Astronomy · 2024
76,5,五 · 朔望・月相・交食,"5 · Phases, conjunctions and eclipses",朔,new moon,天象类 · 月相,Celestial phenomena · lunar phases,日月黄经相同、月亮不可见的时刻，即农历每月初一所在的那一天。,The instant the sun and moon share a longitude and the moon is unseen: the day the first of a lunar month falls on.,exact,术语在线,天文学 · 天体力学 · 2024,Astronomy · Celestial Mechanics · 2024
77,5,五 · 朔望・月相・交食,"5 · Phases, conjunctions and eclipses",望,full moon,天象类 · 月相,Celestial phenomena · lunar phases,满月的时刻，约在十五。,"The instant of the full moon, usually around the fifteenth.",exact,术语在线,天文学 · 天体力学 · 2024,Astronomy · Celestial Mechanics · 2024
78,5,五 · 朔望・月相・交食,"5 · Phases, conjunctions and eclipses",上弦／下弦,first / last quarter,天象类 · 月相,Celestial phenomena · lunar phases,月亮走到黄经相差九十度与二百七十度时，各见半个月面。,"When the moon is ninety and two hundred and seventy degrees from the sun, half its face is lit.",near,上弦,天文学 · 天体力学,Astronomy · Celestial Mechanics
79,5,五 · 朔望・月相・交食,"5 · Phases, conjunctions and eclipses",晦,the last day of the month,天象类 · 月相,Celestial phenomena · lunar phases,每月的最后一日，即下一朔的前一日。晦与朔相接，是月相周期的收尾。,"The final day of a lunar month, the day before the next conjunction — the closing of the phase cycle.",none,,,
80,5,五 · 朔望・月相・交食,"5 · Phases, conjunctions and eclipses",胐,fei,天象类 · 月相,Celestial phenomena · lunar phases,农历每月初三，月始生明之时。《尚书·召诰》有「三月，惟丙午胐」之记。,"The third day of a lunar month, when the crescent first shows. It appears in the “Zhao Gao” chapter of the Book of Documents.",none,,,
81,5,五 · 朔望・月相・交食,"5 · Phases, conjunctions and eclipses",既生霸／既死霸,after the birth / after the death of the light,天象类 · 月相,Celestial phenomena · lunar phases,西周金文记月相的两个词：「生霸」谓月始明，「死霸」谓月始晦。如何系日，是西周年代学的百年难题。,"Two terms for lunar phases in Western Zhou bronze inscriptions: the light begins, and the light ends. How they map onto days remains a century-old problem in Zhou chronology.",none,,,
82,5,五 · 朔望・月相・交食,"5 · Phases, conjunctions and eclipses",定朔,true new moon,历法术语 · 历算,Calendrical terms · computation,以真实的合朔时刻定初一，而不是用平均值推算。三国时《乾象历》始创此法。,Fixing the first of the month by the actual conjunction rather than by a mean value. First proposed in the Qianxiang Calendar.,none,,,
83,5,五 · 朔望・月相・交食,"5 · Phases, conjunctions and eclipses",平朔,mean new moon,历法术语 · 历算,Calendrical terms · computation,以平均朔望月长度推算的朔。与定朔相对，算法简单但与天不合。,"The new moon reckoned from a mean month. Simpler than the true new moon, and less faithful to the sky.",none,,,
84,5,五 · 朔望・月相・交食,"5 · Phases, conjunctions and eclipses",经朔,the mean conjunction,历法术语 · 历算,Calendrical terms · computation,平朔的又一名称。唐《麟德历》以后，历书多在经朔之上加减改正，才得定朔。,"Another name for the mean conjunction. From the Linde Calendar on, the true conjunction was reached by correcting it.",none,,,
85,5,五 · 朔望・月相・交食,"5 · Phases, conjunctions and eclipses",月离,the moon’s motion,历法术语 · 历算,Calendrical terms · computation,月亮在恒星背景上的运行。月的行度有迟有疾，历法须逐日列出，称为月离表。,"The moon’s movement against the stars. Its speed varies, so the calendars tabulated its daily positions.",exact,术语在线,天文学 · 天文学史 · 2024,Astronomy · History of Astronomy · 2024
86,5,五 · 朔望・月相・交食,"5 · Phases, conjunctions and eclipses",入转,entry into the anomalistic cycle,历法术语 · 历算,Calendrical terms · computation,指某时刻距月亮过近地点的时间。月亮过近地点后行速渐减，历法据此校正月行。,"The time elapsed since the moon passed perigee. Its speed slackens afterwards, and calendars corrected for it.",none,,,
87,5,五 · 朔望・月相・交食,"5 · Phases, conjunctions and eclipses",迟疾,slowness and swiftness,历法术语 · 历算,Calendrical terms · computation,日月运行速度的不均匀。唐以后各历都专设迟疾一术，用以修正平朔、平气。,"The unevenness of the sun’s and the moon’s speed. From the Tang on, calendars carried a separate section correcting the mean values.",none,,,
88,5,五 · 朔望・月相・交食,"5 · Phases, conjunctions and eclipses",交食,eclipse,天象类 · 日月食,Celestial phenomena · eclipses,日月食的合称。历法能预推交食的时刻与食分，是检验一部历法精粗的硬指标。,Sun and moon eclipses together. Predicting their time and magnitude was the hardest test a calendar could face.,exact,术语在线,天文学 · 2013,Astronomy · 2013
89,5,五 · 朔望・月相・交食,"5 · Phases, conjunctions and eclipses",日食,solar eclipse,天象类 · 日月食,Celestial phenomena · eclipses,月亮遮住太阳。只在朔日可能发生，又因白道与黄道有交角，并非每次朔日都有。,"The moon covering the sun. Possible only at conjunction, and — the lunar path being inclined to the ecliptic — not at every one.",exact,术语在线,天文学 · 天体力学 · 2024,Astronomy · Celestial Mechanics · 2024
90,5,五 · 朔望・月相・交食,"5 · Phases, conjunctions and eclipses",月食,lunar eclipse,天象类 · 日月食,Celestial phenomena · eclipses,地球的影子遮住月亮。只在望日可能发生。,The earth’s shadow covering the moon. Possible only at full moon.,exact,术语在线,天文学 · 天体力学 · 2024,Astronomy · Celestial Mechanics · 2024
91,5,五 · 朔望・月相・交食,"5 · Phases, conjunctions and eclipses",入交,entry into the node,天象类 · 日月食,Celestial phenomena · eclipses,日月行至黄白两道交点附近。历法先算入交时刻与交分，才判断是否发生交食。,"The sun and moon coming near the nodes where the two paths cross. Calendars first reckoned this, then judged whether an eclipse would follow.",none,,,
92,5,五 · 朔望・月相・交食,"5 · Phases, conjunctions and eclipses",食分,magnitude of an eclipse,天象类 · 日月食,Celestial phenomena · eclipses,交食时被遮去的部分，以分数表示。食分的大小由历法推算，再与所见的相参验。,"The fraction of the disc obscured, expressed as a fraction. It was computed and then compared with what was seen.",exact,术语在线,天文学 · 天体力学 · 2024,Astronomy · Celestial Mechanics · 2024
93,6,六 · 星空・坐标・测量,6 · The sky and its coordinates,黄道,ecliptic,天文基础 · 坐标,Fundamentals · coordinates,太阳一年在恒星之间走过的那条路。节气就刻在这条路上。,The path the sun traces among the stars in a year. The solar terms are marked on it.,exact,术语在线,天文学 · 天体测量学 · 2024,Astronomy · Astrometry · 2024
94,6,六 · 星空・坐标・测量,6 · The sky and its coordinates,白道,lunar path,天文基础 · 坐标,Fundamentals · coordinates,月亮运行的轨道。它与黄道之间有一个约五度的夹角，所以并非每次朔望都有食。,"The moon’s orbit. It is inclined about five degrees to the ecliptic, which is why not every new or full moon brings an eclipse.",exact,术语在线,天文学 · 天体测量学 · 2024,Astronomy · Astrometry · 2024
95,6,六 · 星空・坐标・测量,6 · The sky and its coordinates,赤道,celestial equator,天文基础 · 坐标,Fundamentals · coordinates,把地球赤道面延伸到天球上所得的大圆。与黄道相交于春分、秋分两点。,The great circle obtained by extending the earth’s equator onto the sphere. It meets the ecliptic at the equinoxes.,exact,术语在线,天文学 · 天体测量学 · 2024,Astronomy · Astrometry · 2024
96,6,六 · 星空・坐标・测量,6 · The sky and its coordinates,黄赤交角,obliquity of the ecliptic,天文基础 · 坐标,Fundamentals · coordinates,黄道与赤道之间的夹角，约二十三度半。战国石申已有测量，后世历法多以它为常数。,"The angle between the ecliptic and the equator, about 23.5 degrees. Measured already by Shi Shen, and long carried as a constant.",exact,术语在线,天文学 · 天体测量学 · 2024,Astronomy · Astrometry · 2024
97,6,六 · 星空・坐标・测量,6 · The sky and its coordinates,三垣,the Three Enclosures,星宿与星官 · 三垣,Mansions and star officials · the three enclosures,紫微垣、太微垣、天市垣，中国古代对北天中央一带的三片划分。,"Purple Forbidden, Supreme Palace and Heavenly Market: the three divisions of the central northern sky.",exact,术语在线,天文学 · 天文学史 · 2024,Astronomy · History of Astronomy · 2024
98,6,六 · 星空・坐标・测量,6 · The sky and its coordinates,二十八宿,the Twenty-Eight Mansions,星宿与星官 · 二十八宿,Mansions and star officials · the twenty-eight mansions,沿黄道赤道一带划分的二十八个星区，用作量天的刻度。宿名现存最早的实物证据之一，是曾侯乙墓出土漆木箱上的题记。,"Twenty-eight star regions spread along the ecliptic and equator, used as a scale for the sky. One of the earliest material witnesses to the names is the inscription on a lacquered chest from the tomb of Marquis Yi of Zeng.",exact,术语在线,天文学 · 天文学史 · 2024,Astronomy · History of Astronomy · 2024
99,6,六 · 星空・坐标・测量,6 · The sky and its coordinates,距星,determinative star,星宿与星官 · 二十八宿,Mansions and star officials · the twenty-eight mansions,每一宿里用来标定该宿位置的标志星。历代所定不尽相同。,The marker star that fixes a mansion’s position. Which star serves has not been constant.,exact,术语在线,天文学 · 天文学史 · 2024,Astronomy · History of Astronomy · 2024
100,6,六 · 星空・坐标・测量,6 · The sky and its coordinates,距度,extent of a mansion,星宿与星官 · 二十八宿,Mansions and star officials · the twenty-eight mansions,相邻两宿距星之间的赤经差，即这一宿的宽度。二十八宿宽窄极不均，正因如此才须逐宿记度。,"The right-ascension difference between a mansion’s determinative star and the next one — the mansion’s width. The widths are very uneven, which is why each must be recorded.",exact,术语在线,天文学 · 天文学史 · 2024,Astronomy · History of Astronomy · 2024
101,6,六 · 星空・坐标・测量,6 · The sky and its coordinates,去极度,polar distance,天文基础 · 坐标,Fundamentals · coordinates,天体到北天极的角距离，相当于今日的九十度减赤纬。中国古代用它与入宿度合起来定一颗星的位置。,A body’s angular distance from the north pole — ninety degrees minus the declination. With the mansion entry it fixed a star’s place.,exact,术语在线,天文学 · 天文学史 · 2024,Astronomy · History of Astronomy · 2024
102,6,六 · 星空・坐标・测量,6 · The sky and its coordinates,入宿度,mansion entry,天文基础 · 坐标,Fundamentals · coordinates,天体距其西侧第一颗距星的赤经差。中国的赤道坐标以二十八宿距星为起算点，起点不是一个而是二十八个。,"A body’s right-ascension difference from the determinative star to its west. The Chinese equatorial system had twenty-eight starting points, not one.",exact,术语在线,天文学 · 天文学史 · 2024,Astronomy · History of Astronomy · 2024
103,6,六 · 星空・坐标・测量,6 · The sky and its coordinates,四象,the Four Images,星宿与星官 · 二十八宿,Mansions and star officials · the twenty-eight mansions,青龙、白虎、朱雀、玄武，与二十八宿分属东、西、南、北四方。,"Azure Dragon, White Tiger, Vermilion Bird and Dark Warrior — the four quarters to which the mansions are assigned.",exact,术语在线,天文学 · 天文学史 · 2024,Astronomy · History of Astronomy · 2024
104,6,六 · 星空・坐标・测量,6 · The sky and its coordinates,岁差,precession,天文基础 · 坐标,Fundamentals · coordinates,地球自转轴的缓慢进动，使春分点沿黄道缓慢西退。《大明历》首次把它引入历法。,"The slow wobble of the earth’s axis, which carries the equinox westward along the ecliptic. The Daming Calendar was the first to allow for it.",exact,术语在线,天文学 · 天体测量学 · 2024,Astronomy · Astrometry · 2024
105,6,六 · 星空・坐标・测量,6 · The sky and its coordinates,中星,culminating star,天文基础 · 坐标,Fundamentals · coordinates,黄昏或拂晓时正南方的星。上古以「昏见」「旦中」的星定季节，是节气之前的季节标尺。,The star due south at dusk or dawn. High antiquity fixed the seasons by which star culminated — the scale that preceded the solar terms.,none,,,
106,6,六 · 星空・坐标・测量,6 · The sky and its coordinates,昏旦中星,the culminating star at dusk and dawn,天文基础 · 坐标,Fundamentals · coordinates,历书中逐月列出的黄昏、拂晓中星。自《尚书·尧典》的四仲中星起，历代历法都载此项。,"The culminating stars for dusk and dawn, given month by month. From the four mid-season stars of the “Yao Dian” onward, calendars carried them.",none,,,
107,6,六 · 星空・坐标・测量,6 · The sky and its coordinates,日躔,the sun’s course,天文基础 · 坐标,Fundamentals · coordinates,太阳在恒星间的位置与行度。历法按节气列出太阳的入宿度与去极度，称为日躔表。,The sun’s place and motion among the stars. Calendars listed its mansion entry and polar distance term by term.,exact,术语在线,天文学 · 天文学史 · 2024,Astronomy · History of Astronomy · 2024
108,6,六 · 星空・坐标・测量,6 · The sky and its coordinates,昏见・晨见,heliacal rising and setting,天象类 · 特殊天象,Celestial phenomena · other phenomena,某星于黄昏初现东方或拂晓初现东方。上古物候与月令多以它为节令标记。,A star’s first appearance at dusk or at dawn. The old monthly ordinances used it to mark the seasons.,none,,,
109,6,六 · 星空・坐标・测量,6 · The sky and its coordinates,度,degree,天文基础 · 坐标,Fundamentals · coordinates,周天分为三百六十五度又四分度之一，与一年的日数相配，故太阳一日恰行一度。这与今日圆周三百六十度不同。,"The circle is divided into 365¼ degrees, matching the days of the year, so that the sun moves one degree a day — unlike the modern 360.",none,,,
110,6,六 · 星空・坐标・测量,6 · The sky and its coordinates,分,subdivisions of a degree,天文基础 · 坐标,Fundamentals · coordinates,度以下的单位，各历取法不同，或分百、或分千、或分万，与日法一样是各立其数。,"The subunits of a degree. Some calendars divided by a hundred, some by a thousand, some by ten thousand — each set its own figure, as with the day divisor.",none,,,
111,6,六 · 星空・坐标・测量,6 · The sky and its coordinates,子午,the meridian,天文基础 · 坐标,Fundamentals · coordinates,过天顶的南北大圆。测影定方向的「正南正北线」即子午线，历法上的一切时刻都以过中天为准。,"The great circle through the zenith from north to south. The north-south line laid down in shadow-measurement is the meridian, and all times are taken as a body crosses it.",exact,术语在线,天文学 · 2013,Astronomy · 2013
112,6,六 · 星空・坐标・测量,6 · The sky and its coordinates,地平,the horizon,天文基础 · 坐标,Fundamentals · coordinates,观测者所见的地面与天球的交线。日出于地平为旦，没于地平为昏。,"Where the observer’s ground meets the sphere. Sunrise above it is dawn, sunset below it dusk.",none,,,
113,6,六 · 星空・坐标・测量,6 · The sky and its coordinates,恒星,fixed star,天文基础 · 天体,Fundamentals · celestial bodies,位置长期不变的星，与行星相对。二十八宿的距星与三垣的星官都是恒星，古人测天即以它们为背景。,"A star whose place holds steady, as against a planet. The determinative stars of the mansions and the officials of the enclosures are all fixed stars, and the sky was measured against them.",exact,术语在线,天文学 · 恒星和银河系 · 2024,Astronomy · 恒星和银河系 · 2024
114,6,六 · 星空・坐标・测量,6 · The sky and its coordinates,行星,planet,天文基础 · 天体,Fundamentals · celestial bodies,沿黄道一带运行、位置逐月移动的星体。肉眼能见的只有五颗，古人称五星或五纬；「行星」是后起的通名。,A body moving along the ecliptic and shifting its place from month to month. Only five are visible to the naked eye; the word itself is a later general name.,exact,术语在线,天文学 · 太阳系 · 2024,Astronomy · 太阳系 · 2024
115,6,六 · 星空・坐标・测量,6 · The sky and its coordinates,星等,magnitude,天文基础 · 星等,Fundamentals · magnitudes,表示天体明暗的等级，数越小者越亮。中国古代只记星之大小与颜色，此制明末随西学传入，《崇祯历书》的恒星表已用它分等。,"A scale of brightness, the smaller number the brighter. Old Chinese catalogues recorded only a star’s size and colour; the scale came in with Western learning in the late Ming.",exact,术语在线,天文学 · 天文学 · 2024,Astronomy · Astronomy · 2024
116,6,六 · 星空・坐标・测量,6 · The sky and its coordinates,视星等,apparent magnitude,天文基础 · 星等,Fundamentals · magnitudes,从地上看去的亮度分级，未扣除远近的因素。肉眼刚能看见的星，约为六等。,"Brightness as seen from the earth, with no allowance for distance. The faintest star the naked eye can catch is about the sixth magnitude.",exact,术语在线,天文学 · 天文学 · 2024,Astronomy · Astronomy · 2024
117,6,六 · 星空・坐标・测量,6 · The sky and its coordinates,绝对星等,absolute magnitude,天文基础 · 星等,Fundamentals · magnitudes,设想把各星放在同一距离上比较所得的等级。视星等是「看上去多亮」，绝对星等是「本来多亮」。,"The magnitude a star would show if all were set at one distance. Apparent magnitude is how bright it looks; absolute, how bright it is.",exact,术语在线,天文学 · 天文学 · 2024,Astronomy · Astronomy · 2024
118,7,七 · 仪器・星官・星图,"7 · Instruments, star officials and charts",浑仪,armillary sphere,律历制度 · 观测方法,Institutions · observational methods,由若干同心圆环组成的测天仪器，用来量天体的入宿度与去极度。,An instrument of concentric rings for measuring a body’s position among the mansions and its distance from the pole.,exact,术语在线,天文学 · 天文学史 · 2024,Astronomy · History of Astronomy · 2024
119,7,七 · 仪器・星官・星图,"7 · Instruments, star officials and charts",浑象,celestial globe,律历制度 · 观测方法,Institutions · observational methods,演示天球运转的仪器，球面上刻着星宿。浑仪是量天的，浑象是演天的。,"An instrument showing the turning sphere, with the mansions marked on it. The armillary measures the sky; the globe demonstrates it.",exact,术语在线,天文学 · 天文学史 · 2024,Astronomy · History of Astronomy · 2024
120,7,七 · 仪器・星官・星图,"7 · Instruments, star officials and charts",圭表,gnomon and shadow-measurer,律历制度 · 观测方法,Institutions · observational methods,立表测影的器具，用来定冬至与回归年长度。影最长的那一天是冬至。,"A post and a graduated scale for measuring the noon shadow, used to fix the winter solstice and the length of the year.",exact,术语在线,天文学 · 天文学史 · 2024,Astronomy · History of Astronomy · 2024
121,7,七 · 仪器・星官・星图,"7 · Instruments, star officials and charts",晷影,the shadow cast,律历制度 · 观测方法,Institutions · observational methods,表所投下的日影长度。冬至影最长、夏至影最短，由影长定二至，是定回归年的基础。,"The length of the shadow cast by the gnomon. Longest at the winter solstice, shortest at the summer: it fixed the solstices and so the length of the year.",none,,,
122,7,七 · 仪器・星官・星图,"7 · Instruments, star officials and charts",日晷,sundial,律历制度 · 观测方法,Institutions · observational methods,以晷针的影子在盘面上的方位指示时刻的器具。圭表算影的长短以定节气，日晷算影的方位以定时刻。,An instrument whose pointer’s shadow shows the hour by its direction on a dial. The gnomon measures the shadow’s length for the seasons; the sundial measures its bearing for the hour.,exact,术语在线,天文学 · 天文学史 · 2024,Astronomy · History of Astronomy · 2024
123,7,七 · 仪器・星官・星图,"7 · Instruments, star officials and charts",星官,star official,星宿与星官 · 星官,Mansions and star officials · star officials,中国古代对星的划分单位：若干相邻的星编为一官，各给名称。与西洋星座相似而分法不同。,"The Chinese unit of star grouping: a few neighbours are formed into one “official” and given a name. Like a constellation, but divided differently.",exact,术语在线,天文学 · 天文学史 · 2024,Astronomy · History of Astronomy · 2024
124,7,七 · 仪器・星官・星图,"7 · Instruments, star officials and charts",中官／五宫,the central palace / the five palaces,星宿与星官 · 星官,Mansions and star officials · star officials,天区的划分法之一。《史记·天官书》分全天为中、东、南、西、北五宫，以中官为北极一带。,"One way of dividing the sky. The “Treatise on the Celestial Offices” makes five palaces — centre, east, south, west, north — the central one about the pole.",none,,,
125,7,七 · 仪器・星官・星图,"7 · Instruments, star officials and charts",三垣二十八宿,the three enclosures and the twenty-eight mansions,星宿与星官 · 三垣,Mansions and star officials · the three enclosures,隋唐以后通行的全天划分体制：三垣统北天中央，二十八宿环布四周，全部星官都收得进去。,The scheme current from the Sui-Tang: the three enclosures about the north centre and the twenty-eight mansions around them take in every official.,none,,,
126,7,七 · 仪器・星官・星图,"7 · Instruments, star officials and charts",陈卓定纪,Chen Zhuo’s settlement,星宿与星官 · 星官,Mansions and star officials · star officials,三国吴太史令陈卓合石氏、甘氏、巫咸三家星官，定为二百八十三官、一千四百六十四星，后世星图星表均以此为准。,"The Grand Astrologer of Wu combined the star-lists of the three schools into 283 officials and 1,464 stars. Later charts and catalogues follow him.",none,,,
127,7,七 · 仪器・星官・星图,"7 · Instruments, star officials and charts",星图,star chart,星宿与星官 · 星官,Mansions and star officials · star officials,把星官按位置绘出的图。敦煌卷子中的唐代星图与苏州石刻天文图，是现存最重要的两件。,A chart plotting the officials by position. The Tang chart in a Dunhuang manuscript and the Suzhou stone chart are the chief survivors.,exact,术语在线,天文学 · 天文学 · 2024,Astronomy · Astronomy · 2024
128,7,七 · 仪器・星官・星图,"7 · Instruments, star officials and charts",九野,the nine fields,星宿与星官 · 星官,Mansions and star officials · star officials,《吕氏春秋·有始览》把天分为中央与八方共九野，各配若干星宿，是二十八宿之外的一种天区划分。,"The “You Shi Lan” of the Lüshi Chunqiu divides the sky into nine fields, centre and eight directions, each with its mansions — a division beside the twenty-eight.",none,,,
129,7,七 · 仪器・星官・星图,"7 · Instruments, star officials and charts",禽星,animal star,星宿与星官 · 星官,Mansions and star officials · star officials,二十八宿与七曜、动物相配而成的一套名目，多用于术数。它由星宿体系派生，与历法推算无关。,"Names pairing the mansions with the seven luminaries and with animals, chiefly used in the mantic arts. A derivative of the mansion system, not part of calendrical reckoning.",none,,,
130,7,七 · 仪器・星官・星图,"7 · Instruments, star officials and charts",灵台,the numinous observatory,律历制度 · 观测方法,Institutions · observational methods,中国古代的天文台。周代把观测天象、奉神占星的场所称为灵台；汉代有灵台，属太史。,The astronomical observatory of ancient China. The Zhou called the place for watching the sky and for observing the stars in service of the spirits the numinous terrace; the Han kept one under the Grand Astrologer.,exact,术语在线,天文学 · 天文学史 · 2024,Astronomy · History of Astronomy · 2024
131,8,八 · 历法沿革・行用,8 · The calendar in use,改历,calendar reform,律历制度 · 制度,Institutions · institutions,废止旧历、颁行新历。中国历代改历约百次，原因或为误差累积，或为改朝换代更定正朔。,"Scrapping a calendar and promulgating a new one. Chinese history saw some hundred reforms, driven either by accumulated error or by a new dynasty’s claim to set the calendar.",none,,,
132,8,八 · 历法沿革・行用,8 · The calendar in use,颁历,promulgating the calendar,律历制度 · 制度,Institutions · institutions,每年由朝廷造历、颁行天下。历书官造官颁，私造历书历来在禁。,"The court’s annual making and issuing of the almanac. It was a government monopoly, and private almanacs were forbidden.",none,,,
133,8,八 · 历法沿革・行用,8 · The calendar in use,私历,private almanac,律历制度 · 制度,Institutions · institutions,非官颁的历书。历代多立禁条，然民间的通书、黄历仍辗转流传。,"An almanac not issued by the state. Repeatedly banned, yet popular almanacs went on circulating.",none,,,
134,8,八 · 历法沿革・行用,8 · The calendar in use,历禁,the ban on calendars,律历制度 · 制度,Institutions · institutions,禁止私造、私售历书的法令。唐、宋、明、清的律中皆有相应条文。,"The law forbidding the private making and selling of almanacs, set down in the codes of Tang, Song, Ming and Qing.",near,历元,天文学 · 天体测量学,Astronomy · Astrometry
135,8,八 · 历法沿革・行用,8 · The calendar in use,农历（夏历）,the agricultural calendar (Xia calendar),历法术语 · 历代历法,Calendrical terms · calendars by age,现行阴阳合历的通行叫法。它实为《时宪历》一系，因用夏正、服务于农时，后世通称农历——「农历」之名其实出现很晚。,"The common name of the lunisolar calendar in use, a descendant of the Shixian Calendar. Called “agricultural” only in recent centuries, from its use of the Xia first month and its service to farming.",none,,,
136,8,八 · 历法沿革・行用,8 · The calendar in use,黄历／通书,the popular almanac,律历制度 · 文献,Institutions · sources,民间日用的历书，逐日载宜忌、吉凶、神煞。由官历派生，明清流布极广。,"The household almanac, giving day by day the prescriptions, the prohibitions and the spirits. Derived from the official calendar, it spread widely from the Ming-Qing on.",none,,,
137,8,八 · 历法沿革・行用,8 · The calendar in use,时宪书,the Shixian almanac,历法术语 · 历代历法,Calendrical terms · calendars by age,清代官颁历书的名目，自《时宪历》而来。辛亥革命后仍行，至民国改行公历为止。,"The name of the Qing official almanac, from the Shixian Calendar. It continued after 1911, until the Republic adopted the Gregorian calendar.",near,时宪历,天文学 · 天文学史,Astronomy · History of Astronomy
138,8,八 · 历法沿革・行用,8 · The calendar in use,正史历志,the calendrical chapters of the standard histories,律历制度 · 文献,Institutions · sources,历代正史中记历法的专篇，是研究古历的第一手材料。名目不一，或名律历志、历志、历象志、时宪志。,"The calendrical chapters of the standard histories, the primary source for the old calendars. They are titled variously — pitches and calendar, calendar, calendar and astronomy, or calendrical ordinances.",near,《历志》,天文学 · 天文学史,Astronomy · History of Astronomy
139,8,八 · 历法沿革・行用,8 · The calendar in use,太史令,the Grand Astrologer,律历制度 · 官职,Institutions · offices,秦汉以来掌天时星历的官，属太常，岁终奏新年历。后世名目与隶属屡变：唐宋有太史局、司天监，明清归钦天监。,"The office charged with the seasons and the calendar from Qin and Han times, under the Court of Ceremonial. Its name and its bureau changed repeatedly: the Astrological Bureau and the Observatory under Tang and Song, the Imperial Observatory under Ming and Qing.",exact,术语在线,天文学 · 天文学史 · 2024,Astronomy · History of Astronomy · 2024
140,8,八 · 历法沿革・行用,8 · The calendar in use,司天监,the Astrological Observatory,律历制度 · 官职,Institutions · offices,唐宋金元掌天文、历法与占候的官署。唐称司天台，宋、金、元称司天监；明初一度沿置，洪武三年改称钦天监。,"The bureau for astronomy, the calendar and omens under Tang, Song, Jin and Yuan — the Astrological Terrace first, the Observatory after. Kept for a few years under the Ming, then renamed.",exact,术语在线,天文学 · 天文学史 · 2024,Astronomy · History of Astronomy · 2024
141,8,八 · 历法沿革・行用,8 · The calendar in use,钦天监,the Imperial Observatory,律历制度 · 官职,Institutions · offices,明清两代掌观象、造历、颁历的官署。明洪武三年由司天监改设，清沿置，设监正、监副。,"The bureau of the Ming and Qing for observing, making and issuing the calendar. Set up in 1370 in place of the earlier observatory, and kept by the Qing with a director and deputies.",exact,术语在线,天文学 · 2013,Astronomy · 2013
142,8,八 · 历法沿革・行用,8 · The calendar in use,畴人,the hereditary calendrical astronomer,律历制度 · 官职,Institutions · offices,指世代相传、专司历算的人。语出《史记·历书》「畴人子弟分散」。,One who keeps calendrical reckoning in the family. The word stands in the “Treatise on the Calendar” of the Records of the Grand Historian.,none,,,
143,8,八 · 历法沿革・行用,8 · The calendar in use,保章氏,the Office of the Starry Signs,律历制度 · 官职,Institutions · offices,《周礼·春官》所载之官，掌天星，记日月星辰的变动。是文献里最早的天文之官之一。,"An office in the “Spring Offices” of the Rites of Zhou, charged with the stars and the changes of sun, moon and planets — one of the earliest astronomical posts on record.",none,,,
144,8,八 · 历法沿革・行用,8 · The calendar in use,冯相氏,the Office of the Heavenly Order,律历制度 · 官职,Institutions · offices,《周礼·春官》所载之官，掌十二岁、十二月、十二辰一类天文次序。,"Another office in the same chapter, charged with the twelve years, the twelve months and the twelve stations — the order of the heavens.",none,,,
145,9,九 · 五星・行星天象,9 · The five planets and planetary phenomena,五星／五纬,the five planets,天文基础 · 天体,Fundamentals · celestial bodies,岁星、荧惑、镇星、太白、辰星五颗行星的合称，古又称五纬。五星各有行度，历代历法多设专篇，推其入宿度与去极度。,"The collective name for the five planets — Jupiter, Mars, Saturn, Venus, Mercury — also called the five wefts. Calendars carried a section reckoning their places among the mansions.",near,五星,天文学 · 天文学史,Astronomy · History of Astronomy
146,9,九 · 五星・行星天象,9 · The five planets and planetary phenomena,岁星,the Year Star (Jupiter),天文基础 · 天体,Fundamentals · celestial bodies,古人对木星的称呼。约十二年行一周天，一年走一个星次，因而用来纪年。,"The old name for Jupiter. It circles the sky in about twelve years, one station a year, and was therefore used to reckon years.",exact,术语在线,天文学 · 天文学史 · 2024,Astronomy · History of Astronomy · 2024
147,9,九 · 五星・行星天象,9 · The five planets and planetary phenomena,荧惑,the Shimmering Deceiver (Mars),天文基础 · 天体,Fundamentals · celestial bodies,古人对火星的称呼。荧荧似火，而行度在五星中最不定，顺逆疾徐无常，故名。,"The old name for Mars. Faintly fiery, and the least regular of the five in its motion — direct or retrograde, fast or slow without a rule.",exact,术语在线,天文学 · 天文学史 · 2024,Astronomy · History of Astronomy · 2024
148,9,九 · 五星・行星天象,9 · The five planets and planetary phenomena,太白,the Great White (Venus),天文基础 · 天体,Fundamentals · celestial bodies,古人对金星的称呼。五星之中其光最盛：晨见于东方叫启明，昏见于西方叫长庚。,"The old name for Venus, the brightest of the five. Seen at dawn in the east it was Qiming; at dusk in the west, Changgeng.",exact,术语在线,天文学 · 天文学史 · 2024,Astronomy · History of Astronomy · 2024
149,9,九 · 五星・行星天象,9 · The five planets and planetary phenomena,辰星,the Chronal Star (Mercury),天文基础 · 天体,Fundamentals · celestial bodies,古人对水星的称呼。距日最近，一年中多半隐在日光里，可见的时候不多。,The old name for Mercury. It keeps nearest the sun and is lost in the daylight for most of the year.,exact,术语在线,天文学 · 天文学史 · 2024,Astronomy · History of Astronomy · 2024
150,9,九 · 五星・行星天象,9 · The five planets and planetary phenomena,镇星／填星,the Garrison Star (Saturn),天文基础 · 天体,Fundamentals · celestial bodies,古人对土星的称呼。约二十八年行一周天，一年镇守一个星宿，故名。,"The old name for Saturn. It takes about twenty-eight years to circle the sky and sits over one mansion a year, whence the name.",near,镇星,天文学 · 天文学史,Astronomy · History of Astronomy
151,9,九 · 五星・行星天象,9 · The five planets and planetary phenomena,合,conjunction,天象类 · 行星天象,Celestial phenomena · planetary phenomena,行星与太阳黄经相同，叫合日；两颗行星黄经相同，也叫合。与日相合则伏而不见。,"A planet standing at the same longitude as the sun, or two planets at the same longitude. At conjunction with the sun a planet is lost in its light.",exact,术语在线,天文学 · 天体力学 · 2024,Astronomy · Celestial Mechanics · 2024
152,9,九 · 五星・行星天象,9 · The five planets and planetary phenomena,冲,opposition,天象类 · 行星天象,Celestial phenomena · planetary phenomena,行星与太阳黄经相差一百八十度。日在西而星在东，日落时星自东方升起，终夜可见。外行星才有此象。,A planet standing opposite the sun. It rises in the east as the sun sets and stays up all night; only the outer planets can come to it.,exact,术语在线,天文学 · 天体力学 · 2024,Astronomy · Celestial Mechanics · 2024
153,9,九 · 五星・行星天象,9 · The five planets and planetary phenomena,留,stationary point,天象类 · 行星天象,Celestial phenomena · planetary phenomena,行星由顺行转逆行、或由逆行转顺行时，在天球上暂时停留不动的现象。,"The point at which a planet, turning from direct to retrograde motion or back, seems for a while to stand still among the stars.",exact,术语在线,天文学 · 天体力学 · 2024,Astronomy · Celestial Mechanics · 2024
154,9,九 · 五星・行星天象,9 · The five planets and planetary phenomena,逆行,retrogradation,天象类 · 行星天象,Celestial phenomena · planetary phenomena,行星自东向西的视运动。自西向东叫顺行，回头向西叫逆行，二者交替，周而复始。,"A planet’s apparent motion from east to west. Direct motion eastward, retrograde westward; the two alternate in turn.",exact,术语在线,天文学 · 天体力学 · 2024,Astronomy · Celestial Mechanics · 2024
155,9,九 · 五星・行星天象,9 · The five planets and planetary phenomena,伏,disappearance in the sun’s light,天象类 · 行星天象,Celestial phenomena · planetary phenomena,行星行至与日相近，隐于日光中不见，谓之伏。伏后复见，叫「见」。,A planet drawing near the sun and vanishing into its light. Its reappearance is the heliacal rising.,exact,术语在线,天文学 · 天文学史 · 2024,Astronomy · History of Astronomy · 2024
156,9,九 · 五星・行星天象,9 · The five planets and planetary phenomena,犯,encroachment,天象类 · 行星天象,Celestial phenomena · planetary phenomena,五星或月行至某星近旁、侵入其界内，史志称「犯」。正史天文志里这类记事最多。,A planet or the moon coming so near a star as to encroach on it — among the commonest entries in the astronomical chapters of the histories.,none,,,
157,9,九 · 五星・行星天象,9 · The five planets and planetary phenomena,守,prolonged stay,天象类 · 行星天象,Celestial phenomena · planetary phenomena,五星行至某星官之内，久留不去，史志称「守」。与「犯」同为记五星行度的常用语。,"A planet lingering long within one group of stars. With encroachment, the usual way the histories record a planet’s course.",exact,术语在线,天文学 · 天文学史 · 2024,Astronomy · History of Astronomy · 2024
158,10,十 · 三垣・拱极星区,10 · The three enclosures and the circumpolar sky,紫微垣,Purple Forbidden Enclosure,星宿与星官 · 三垣,Mansions and star officials · the three enclosures,「三垣」的中垣，位于北天中央，包括北天极附近的天区。《步天歌》里它名下的星官最多。,"The middle of the three enclosures, about the north celestial pole — the central division of the northern sky, and the one carrying the most asterisms in the Song of Pacing the Heavens.",exact,术语在线,天文学 · 天文学史 · 2024,Astronomy · History of Astronomy · 2024
159,10,十 · 三垣・拱极星区,10 · The three enclosures and the circumpolar sky,太微垣,Supreme Subtlety Enclosure,星宿与星官 · 三垣,Mansions and star officials · the three enclosures,「三垣」的上垣，在紫微垣与张宿、翼宿之间。,"The upper of the three enclosures, lying between the Purple Forbidden Enclosure and the mansions Zhang and Yi.",exact,术语在线,天文学 · 天文学史 · 2024,Astronomy · History of Astronomy · 2024
160,10,十 · 三垣・拱极星区,10 · The three enclosures and the circumpolar sky,天市垣,Celestial Market Enclosure,星宿与星官 · 三垣,Mansions and star officials · the three enclosures,「三垣」的下垣，在紫微垣与心宿、尾宿之间。,"The lower of the three enclosures, lying between the Purple Forbidden Enclosure and the mansions Xin and Wei.",exact,术语在线,天文学 · 天文学史 · 2024,Astronomy · History of Astronomy · 2024
161,10,十 · 三垣・拱极星区,10 · The three enclosures and the circumpolar sky,北斗,the Big Dipper,星宿与星官 · 星官,Mansions and star officials · star officials,大熊座中七颗较亮的星，即「北斗七星」；古人用它定方向、定季节。,"Seven bright stars of Ursa Major, that is, the seven stars of the Northern Dipper; in China they served to fix direction and to mark the seasons.",exact,术语在线,天文学 · 天文学史 · 2024,Astronomy · History of Astronomy · 2024
162,10,十 · 三垣・拱极星区,10 · The three enclosures and the circumpolar sky,北斗七星,the seven stars of the Big Dipper,星宿与星官 · 星官,Mansions and star officials · star officials,「北斗」七星的名称，自斗口至斗柄依次为天枢、天璇、天玑、天权、玉衡、开阳、摇光；前四星合称斗魁（又称璇玑），后三星合称斗杓（又称斗柄、玉衡）。依拜耳命名依次为大熊座 α、β、γ、δ、ε、ζ、η；天枢、天璇连线延长五倍指向北极星，故又称指极星。宗教与术数文献里另有一套称谓：贪狼、巨门、禄存、文曲、廉贞、武曲、破军。与「北斗」条同指。,"The names of the seven stars of the Northern Dipper, from bowl to handle: Tianshu, Tianxuan, Tianji, Tianquan, Yuheng, Kaiyang and Yaoguang — the first four forming the Bowl and the last three the Handle. They are designated α, β, γ, δ, ε, ζ and η Ursae Majoris; Tianshu and Tianxuan, whose line extended five times points to the pole star, are the Pointers. Religious and divinatory writings give them a further set of names: Tanlang, Jumen, Lucun, Wenqu, Lianzhen, Wuqu and Pojun. Same referent as the entry ‘the Big Dipper’.",none,,,
163,10,十 · 三垣・拱极星区,10 · The three enclosures and the circumpolar sky,北极星,the pole star,天文基础 · 天体,Fundamentals · celestial bodies,小熊座 α，是当前全天最靠近北天极的星。它与北天极的角距在公元 2100 年前后最小，约 28 角分。,"Alpha Ursae Minoris, at present the star nearest the north celestial pole. Its distance from the pole is least — about 28 minutes of arc — around 2100 CE.",exact,术语在线,天文学 · 天文学史 · 2024,Astronomy · History of Astronomy · 2024
164,10,十 · 三垣・拱极星区,10 · The three enclosures and the circumpolar sky,天极,the celestial pole,天文基础 · 坐标,Fundamentals · coordinates,过天球中心、与地球自转轴平行的直线与天球相交的两点，即北天极与南天极。它不是一个星，是一个点。,"The two points where the line through the sphere’s centre parallel to the earth’s axis meets the sphere. Not a star, but a point.",exact,术语在线,天文学 · 天体测量学 · 2024,Astronomy · Astrometry · 2024
165,10,十 · 三垣・拱极星区,10 · The three enclosures and the circumpolar sky,拱极星,circumpolar star,天文基础 · 坐标,Fundamentals · coordinates,赤纬绝对值大于八十度的恒星，即绕天极转而不落的那一圈星。文献里有时也泛指低纬度可见其下中天的星。,A star whose declination exceeds eighty degrees in absolute value — one that circles the pole without setting. Also used loosely of stars seen to lower-culminate at low latitudes.,exact,术语在线,天文学 · 天文学 · 2024,Astronomy · Astronomy · 2024
166,11,十一 · 四象・二十八宿,11 · The four images and the twenty-eight mansions,苍龙,Azure Dragon,星宿与星官 · 二十八宿,Mansions and star officials · the twenty-eight mansions,四象之一，由角、亢、氐、房、心、尾、箕七宿组成。五行配五方，东方为青，故名。也写作「青龙」。,"One of the four images, formed of the seven mansions Jiao, Kang, Di, Fang, Xin, Wei and Ji. East takes the colour azure in the five-phase scheme, whence the name; also written Qinglong.",exact,术语在线,天文学 · 天文学史 · 2024,Astronomy · History of Astronomy · 2024
167,11,十一 · 四象・二十八宿,11 · The four images and the twenty-eight mansions,角宿,Horn,星宿与星官 · 二十八宿,Mansions and star officials · the twenty-eight mansions,二十八宿的第一宿，属东方苍龙。距星为角宿一（室女座 α）。《步天歌》载此宿有星官十一、星四十五。,"The first of the twenty-eight mansions, in the Azure Dragon of the East. Its determinative star is Alpha Virginis. The Song of Pacing the Heavens gives it eleven asterisms and forty-five stars.",exact,术语在线,天文学 · 2013,Astronomy · 2013
168,11,十一 · 四象・二十八宿,11 · The four images and the twenty-eight mansions,亢宿,Neck,星宿与星官 · 二十八宿,Mansions and star officials · the twenty-eight mansions,二十八宿的第二宿，属东方苍龙。距星为亢宿一（室女座 κ）。《步天歌》载此宿有星官七、星二十二。,"The second of the twenty-eight mansions, in the Azure Dragon of the East. Its determinative star is Kappa Virginis. The Song of Pacing the Heavens gives it seven asterisms and twenty-two stars.",exact,术语在线,天文学 · 2013,Astronomy · 2013
169,11,十一 · 四象・二十八宿,11 · The four images and the twenty-eight mansions,氐宿,Root,星宿与星官 · 二十八宿,Mansions and star officials · the twenty-eight mansions,二十八宿的第三宿，属东方苍龙。距星为氐宿一（天秤座 α）。《步天歌》载此宿有星官十一、星五十四。,"The third of the twenty-eight mansions, in the Azure Dragon of the East. Its determinative star is Alpha Librae. The Song of Pacing the Heavens gives it eleven asterisms and fifty-four stars.",exact,术语在线,天文学 · 2013,Astronomy · 2013
170,11,十一 · 四象・二十八宿,11 · The four images and the twenty-eight mansions,房宿,Room,星宿与星官 · 二十八宿,Mansions and star officials · the twenty-eight mansions,二十八宿的第四宿，属东方苍龙。距星为房宿一（天蝎座 π）。《步天歌》载此宿有星官七、星二十一。,"The fourth of the twenty-eight mansions, in the Azure Dragon of the East. Its determinative star is Pi Scorpii. The Song of Pacing the Heavens gives it seven asterisms and twenty-one stars.",exact,术语在线,天文学 · 2013,Astronomy · 2013
171,11,十一 · 四象・二十八宿,11 · The four images and the twenty-eight mansions,心宿,Heart,星宿与星官 · 二十八宿,Mansions and star officials · the twenty-eight mansions,二十八宿的第五宿，属东方苍龙。距星为心宿一（天蝎座 σ）。此宿第二星即大火。《步天歌》载此宿有星官二、星十五。,"The fifth of the twenty-eight mansions, in the Azure Dragon of the East. Its determinative star is Sigma Scorpii; its second star is the Great Fire. The Song of Pacing the Heavens gives it two asterisms and fifteen stars.",exact,术语在线,天文学 · 2013,Astronomy · 2013
172,11,十一 · 四象・二十八宿,11 · The four images and the twenty-eight mansions,尾宿,Tail,星宿与星官 · 二十八宿,Mansions and star officials · the twenty-eight mansions,二十八宿的第六宿，属东方苍龙。距星为尾宿一（天蝎座 μ¹）。《步天歌》载此宿有星官五、星二十一。,"The sixth of the twenty-eight mansions, in the Azure Dragon of the East. Its determinative star is Mu-1 Scorpii. The Song of Pacing the Heavens gives it five asterisms and twenty-one stars.",exact,术语在线,天文学 · 2013,Astronomy · 2013
173,11,十一 · 四象・二十八宿,11 · The four images and the twenty-eight mansions,箕宿,Winnowing-basket,星宿与星官 · 二十八宿,Mansions and star officials · the twenty-eight mansions,二十八宿的第七宿，属东方苍龙。距星为箕宿一（人马座 γ）。《步天歌》载此宿有星官三、星八。,"The seventh of the twenty-eight mansions, in the Azure Dragon of the East. Its determinative star is Gamma Sagittarii. The Song of Pacing the Heavens gives it three asterisms and eight stars.",exact,术语在线,天文学 · 2013,Astronomy · 2013
174,11,十一 · 四象・二十八宿,11 · The four images and the twenty-eight mansions,玄武,Dark Warrior,星宿与星官 · 二十八宿,Mansions and star officials · the twenty-eight mansions,四象之一，由斗、牛、女、虚、危、室、壁七宿组成。五行配五方，北方为黑，故名。,"One of the four images, formed of the seven mansions Dou, Niu, Nu, Xu, Wei, Shi and Bi. North takes the colour black in the five-phase scheme, whence the name.",exact,术语在线,天文学 · 天文学史 · 2024,Astronomy · History of Astronomy · 2024
175,11,十一 · 四象・二十八宿,11 · The four images and the twenty-eight mansions,斗宿,Dipper,星宿与星官 · 二十八宿,Mansions and star officials · the twenty-eight mansions,二十八宿的第八宿，属北方玄武。距星为斗宿一（人马座 φ）。因与北斗相别，又称南斗。《步天歌》载此宿有星官十、星六十二。,"The eighth of the twenty-eight mansions, in the Dark Warrior of the North. Its determinative star is Phi Sagittarii; to tell it from the northern Dipper it is also called the Southern Dipper. The Song of Pacing the Heavens gives it ten asterisms and sixty-two stars.",exact,术语在线,天文学 · 2013,Astronomy · 2013
176,11,十一 · 四象・二十八宿,11 · The four images and the twenty-eight mansions,牛宿,Ox,星宿与星官 · 二十八宿,Mansions and star officials · the twenty-eight mansions,二十八宿的第九宿，属北方玄武。距星为牛宿一（摩羯座 β）。《步天歌》载此宿有星官十一、星六十四。,"The ninth of the twenty-eight mansions, in the Dark Warrior of the North. Its determinative star is Beta Capricorni. The Song of Pacing the Heavens gives it eleven asterisms and sixty-four stars.",exact,术语在线,天文学 · 2013,Astronomy · 2013
177,11,十一 · 四象・二十八宿,11 · The four images and the twenty-eight mansions,女宿,Girl,星宿与星官 · 二十八宿,Mansions and star officials · the twenty-eight mansions,二十八宿的第十宿，属北方玄武。距星为女宿一（宝瓶座 ε）。又名须女、婺女。《步天歌》载此宿有星官八、星五十五。,"The tenth of the twenty-eight mansions, in the Dark Warrior of the North. Its determinative star is Epsilon Aquarii; it is also called Xu-nu and Wu-nu. The Song of Pacing the Heavens gives it eight asterisms and fifty-five stars.",exact,术语在线,天文学 · 2013,Astronomy · 2013
178,11,十一 · 四象・二十八宿,11 · The four images and the twenty-eight mansions,虚宿,Void,星宿与星官 · 二十八宿,Mansions and star officials · the twenty-eight mansions,二十八宿的第十一宿，属北方玄武。距星为虚宿一（宝瓶座 β）。《步天歌》载此宿有星官十、星三十四。,"The eleventh of the twenty-eight mansions, in the Dark Warrior of the North. Its determinative star is Beta Aquarii. The Song of Pacing the Heavens gives it ten asterisms and thirty-four stars.",exact,术语在线,天文学 · 2013,Astronomy · 2013
179,11,十一 · 四象・二十八宿,11 · The four images and the twenty-eight mansions,危宿,Rooftop,星宿与星官 · 二十八宿,Mansions and star officials · the twenty-eight mansions,二十八宿的第十二宿，属北方玄武。距星为危宿一（宝瓶座 α）。《步天歌》载此宿有星官十、星五十六。,"The twelfth of the twenty-eight mansions, in the Dark Warrior of the North. Its determinative star is Alpha Aquarii. The Song of Pacing the Heavens gives it ten asterisms and fifty-six stars.",exact,术语在线,天文学 · 2013,Astronomy · 2013
180,11,十一 · 四象・二十八宿,11 · The four images and the twenty-eight mansions,室宿,Encampment,星宿与星官 · 二十八宿,Mansions and star officials · the twenty-eight mansions,二十八宿的第十三宿，属北方玄武。距星为室宿一（飞马座 α）。又名营室。《步天歌》载此宿有星官十、星一百零九。,"The thirteenth of the twenty-eight mansions, in the Dark Warrior of the North. Its determinative star is Alpha Pegasi; it is also called Ying-shi. The Song of Pacing the Heavens gives it ten asterisms and a hundred and nine stars.",exact,术语在线,天文学 · 2013,Astronomy · 2013
181,11,十一 · 四象・二十八宿,11 · The four images and the twenty-eight mansions,壁宿,Wall,星宿与星官 · 二十八宿,Mansions and star officials · the twenty-eight mansions,二十八宿的第十四宿，属北方玄武。距星为壁宿一（飞马座 γ）。又名东壁。《步天歌》载此宿有星官六、星二十八。,"The fourteenth of the twenty-eight mansions, in the Dark Warrior of the North. Its determinative star is Gamma Pegasi; it is also called Dong-bi. The Song of Pacing the Heavens gives it six asterisms and twenty-eight stars.",exact,术语在线,天文学 · 2013,Astronomy · 2013
182,11,十一 · 四象・二十八宿,11 · The four images and the twenty-eight mansions,白虎,White Tiger,星宿与星官 · 二十八宿,Mansions and star officials · the twenty-eight mansions,四象之一，由奎、娄、胃、昴、毕、觜、参七宿组成。五行配五方，西方为白，故名。,"One of the four images, formed of the seven mansions Kui, Lou, Wei, Mao, Bi, Zi and Shen. West takes the colour white in the five-phase scheme, whence the name.",exact,术语在线,天文学 · 天文学史 · 2024,Astronomy · History of Astronomy · 2024
183,11,十一 · 四象・二十八宿,11 · The four images and the twenty-eight mansions,奎宿,Legs,星宿与星官 · 二十八宿,Mansions and star officials · the twenty-eight mansions,二十八宿的第十五宿，属西方白虎。距星为奎宿一（仙女座 η）；《崇祯历书》以前的距星为奎宿二。《步天歌》载此宿有星官九、星四十五。,"The fifteenth of the twenty-eight mansions, in the White Tiger of the West. Its determinative star is Eta Andromedae; before the Chongzhen Calendar it was Zeta Andromedae. The Song of Pacing the Heavens gives it nine asterisms and forty-five stars.",exact,术语在线,天文学 · 2013,Astronomy · 2013
184,11,十一 · 四象・二十八宿,11 · The four images and the twenty-eight mansions,娄宿,Bond,星宿与星官 · 二十八宿,Mansions and star officials · the twenty-eight mansions,二十八宿的第十六宿，属西方白虎。距星为娄宿一（白羊座 β）。《步天歌》载此宿有星官六、星三十三。,"The sixteenth of the twenty-eight mansions, in the White Tiger of the West. Its determinative star is Beta Arietis. The Song of Pacing the Heavens gives it six asterisms and thirty-three stars.",exact,术语在线,天文学 · 2013,Astronomy · 2013
185,11,十一 · 四象・二十八宿,11 · The four images and the twenty-eight mansions,胃宿,Stomach,星宿与星官 · 二十八宿,Mansions and star officials · the twenty-eight mansions,二十八宿的第十七宿，属西方白虎。距星为胃宿一（白羊座 35）。《步天歌》载此宿有星官七、星三十九。,"The seventeenth of the twenty-eight mansions, in the White Tiger of the West. Its determinative star is 35 Arietis. The Song of Pacing the Heavens gives it seven asterisms and thirty-nine stars.",exact,术语在线,天文学 · 2013,Astronomy · 2013
186,11,十一 · 四象・二十八宿,11 · The four images and the twenty-eight mansions,昴宿,Pliades,星宿与星官 · 二十八宿,Mansions and star officials · the twenty-eight mansions,二十八宿的第十八宿，属西方白虎。距星为昴宿一（金牛座 17）。此宿即昴星团，肉眼可见六七颗。英文名照录术语在线「昴宿」条（海峡两岸天文学名词，2013）：该库作 Pliades；同库「昴星团」条（天文学名词，2024，术语编码 08.641）作 Pleiades，通行拼法亦同。《步天歌》载此宿有星官九、星四十七。,"The eighteenth of the twenty-eight mansions, in the White Tiger of the West. Its determinative star is 17 Tauri. The mansion is the star cluster that Western astronomy calls the Pleiades; six or seven stars are visible to the naked eye. The English name follows Termonline, whose entry for this mansion (Cross-Strait Astronomical Terms, 2013) reads “Pliades”; its entry for the cluster (Astronomical Terms, 2024) reads “Pleiades”, the common spelling. The Song of Pacing the Heavens gives it nine asterisms and forty-seven stars.",exact,术语在线,天文学 · 2013,Astronomy · 2013
187,11,十一 · 四象・二十八宿,11 · The four images and the twenty-eight mansions,毕宿,Net,星宿与星官 · 二十八宿,Mansions and star officials · the twenty-eight mansions,二十八宿的第十九宿，属西方白虎。距星为毕宿一（金牛座 ε）。《步天歌》载此宿有星官十四、星九十二。,"The nineteenth of the twenty-eight mansions, in the White Tiger of the West. Its determinative star is Epsilon Tauri. The Song of Pacing the Heavens gives it fourteen asterisms and ninety-two stars.",exact,术语在线,天文学 · 2013,Astronomy · 2013
188,11,十一 · 四象・二十八宿,11 · The four images and the twenty-eight mansions,觜宿,Mouth,星宿与星官 · 二十八宿,Mansions and star officials · the twenty-eight mansions,二十八宿的第二十宿，属西方白虎。距星为觜宿一（猎户座 λ）；《崇祯历书》以前的距星为觜宿二。《步天歌》载此宿有星官三、星十六。,"The twentieth of the twenty-eight mansions, in the White Tiger of the West. Its determinative star is Lambda Orionis; before the Chongzhen Calendar it was Psi-1 Orionis. The Song of Pacing the Heavens gives it three asterisms and sixteen stars.",exact,术语在线,天文学 · 2013,Astronomy · 2013
189,11,十一 · 四象・二十八宿,11 · The four images and the twenty-eight mansions,参宿,Triads,星宿与星官 · 二十八宿,Mansions and star officials · the twenty-eight mansions,二十八宿的第二十一宿，属西方白虎。距星为参宿一（猎户座 ζ）；清乾隆十七年改定，此前用参宿三。《步天歌》载此宿有星官六、星二十五。,"The twenty-first of the twenty-eight mansions, in the White Tiger of the West. Its determinative star is Zeta Orionis, fixed in 1752; before that the third star of the mansion served. The Song of Pacing the Heavens gives it six asterisms and twenty-five stars.",exact,术语在线,天文学 · 2013,Astronomy · 2013
190,11,十一 · 四象・二十八宿,11 · The four images and the twenty-eight mansions,朱雀,Vermilion Bird,星宿与星官 · 二十八宿,Mansions and star officials · the twenty-eight mansions,四象之一，由井、鬼、柳、星、张、翼、轸七宿组成。五行配五方，南方为赤，故名。,"One of the four images, formed of the seven mansions Jing, Gui, Liu, Xing, Zhang, Yi and Zhen. South takes the colour red in the five-phase scheme, whence the name.",exact,术语在线,天文学 · 天文学史 · 2024,Astronomy · History of Astronomy · 2024
191,11,十一 · 四象・二十八宿,11 · The four images and the twenty-eight mansions,井宿,Well,星宿与星官 · 二十八宿,Mansions and star officials · the twenty-eight mansions,二十八宿的第二十二宿，属南方朱雀。距星为井宿一（双子座 μ）。又名东井。《步天歌》载此宿有星官十九、星七十，是二十八宿中星官最多的一宿。,"The twenty-second of the twenty-eight mansions, in the Vermilion Bird of the South. Its determinative star is Mu Geminorum; it is also called Dong-jing. With nineteen asterisms it carries more than any other mansion. The Song of Pacing the Heavens gives it seventy stars.",exact,术语在线,天文学 · 2013,Astronomy · 2013
192,11,十一 · 四象・二十八宿,11 · The four images and the twenty-eight mansions,鬼宿,Ghost,星宿与星官 · 二十八宿,Mansions and star officials · the twenty-eight mansions,二十八宿的第二十三宿，属南方朱雀。距星为鬼宿一（巨蟹座 θ）。又名舆鬼。《步天歌》载此宿有星官七、星二十九。,"The twenty-third of the twenty-eight mansions, in the Vermilion Bird of the South. Its determinative star is Theta Cancri; it is also called Yu-gui. The Song of Pacing the Heavens gives it seven asterisms and twenty-nine stars.",exact,术语在线,天文学 · 2013,Astronomy · 2013
193,11,十一 · 四象・二十八宿,11 · The four images and the twenty-eight mansions,柳宿,Willow,星宿与星官 · 二十八宿,Mansions and star officials · the twenty-eight mansions,二十八宿的第二十四宿，属南方朱雀。距星为柳宿一（长蛇座 δ）。又名咮。《步天歌》载此宿有星官二、星十一。,"The twenty-fourth of the twenty-eight mansions, in the Vermilion Bird of the South. Its determinative star is Delta Hydrae; it is also called Zhou. The Song of Pacing the Heavens gives it two asterisms and eleven stars.",exact,术语在线,天文学 · 2013,Astronomy · 2013
194,11,十一 · 四象・二十八宿,11 · The four images and the twenty-eight mansions,星宿,Seven Stars,星宿与星官 · 二十八宿,Mansions and star officials · the twenty-eight mansions,二十八宿的第二十五宿，属南方朱雀。距星为星宿一（长蛇座 α）。原名七星。《步天歌》载此宿有星官五、星三十六。,"The twenty-fifth of the twenty-eight mansions, in the Vermilion Bird of the South. Its determinative star is Alpha Hydrae; its older name is Seven Stars. The Song of Pacing the Heavens gives it five asterisms and thirty-six stars.",exact,术语在线,天文学 · 2013,Astronomy · 2013
195,11,十一 · 四象・二十八宿,11 · The four images and the twenty-eight mansions,张宿,Extension,星宿与星官 · 二十八宿,Mansions and star officials · the twenty-eight mansions,二十八宿的第二十六宿，属南方朱雀。距星为张宿一（长蛇座 υ¹）。《步天歌》载此宿有星官二、星二十。,"The twenty-sixth of the twenty-eight mansions, in the Vermilion Bird of the South. Its determinative star is Upsilon-1 Hydrae. The Song of Pacing the Heavens gives it two asterisms and twenty stars.",exact,术语在线,天文学 · 2013,Astronomy · 2013
196,11,十一 · 四象・二十八宿,11 · The four images and the twenty-eight mansions,翼宿,Wings,星宿与星官 · 二十八宿,Mansions and star officials · the twenty-eight mansions,二十八宿的第二十七宿，属南方朱雀。距星为翼宿一（巨爵座 α）。《步天歌》载此宿有星官二、星二十七。,"The twenty-seventh of the twenty-eight mansions, in the Vermilion Bird of the South. Its determinative star is Alpha Crateris. The Song of Pacing the Heavens gives it two asterisms and twenty-seven stars.",exact,术语在线,天文学 · 2013,Astronomy · 2013
197,11,十一 · 四象・二十八宿,11 · The four images and the twenty-eight mansions,轸宿,Chariot Platform,星宿与星官 · 二十八宿,Mansions and star officials · the twenty-eight mansions,二十八宿的第二十八宿，属南方朱雀。距星为轸宿一（乌鸦座 γ）。《步天歌》载此宿有星官五、星五十二。,"The twenty-eighth of the twenty-eight mansions, in the Vermilion Bird of the South. Its determinative star is Gamma Corvi. The Song of Pacing the Heavens gives it five asterisms and fifty-two stars.",exact,术语在线,天文学 · 2013,Astronomy · 2013
198,12,十二 · 星名・星表・天河・宇宙论,"12 · Star names, catalogues, the Milky Way and cosmology",浑天说,the theory of sphere-heavens,天文基础 · 宇宙论,Fundamentals · cosmology,始于战国的一种以地为中心的有限宇宙体系之说：天浑圆如弹丸，日月星辰附在天球上运行，地悬在空中、浮于气内，像蛋黄裹在蛋壳里。,"A finite, earth-centred cosmology from the Warring States: the heavens are round as a pellet, sun, moon and stars ride on the sphere, and the earth hangs within, floating in air like a yolk in its shell.",none,,,
199,12,十二 · 星名・星表・天河・宇宙论,"12 · Star names, catalogues, the Milky Way and cosmology",盖天说,the heavenly-cover cosmology,天文基础 · 宇宙论,Fundamentals · cosmology,中国最早的宇宙结构之说：天像一口盖着的碗或一顶斗笠，地像一个倒扣的盘子，天在地之上、日月星辰随天而转。,"The oldest Chinese cosmography: the sky is a bowl or a conical hat above a tilted dish of earth, and the sun, moon and stars turn with the sky above it.",none,,,
200,12,十二 · 星名・星表・天河・宇宙论,"12 · Star names, catalogues, the Milky Way and cosmology",宣夜说,the theory of an infinite universe,天文基础 · 宇宙论,Fundamentals · cosmology,主张天没有形质、没有边界，日月众星各自浮在虚空之中、凭气而动。与浑天、盖天同为古代三家宇宙之说。,"Holds that the heavens have neither body nor boundary, and that sun, moon and stars float separately in empty space, moved by their own breath. With the sphere-heavens and the heavenly-cover it is one of the three old cosmologies.",none,,,
201,12,十二 · 星名・星表・天河・宇宙论,"12 · Star names, catalogues, the Milky Way and cosmology",天球,the celestial sphere,天文基础 · 宇宙论,Fundamentals · cosmology,为确定天体的位置和运动，设想把地球包在里面、与地球同心的一层假想圆球。天极、赤道、黄道都是这层球面上的圈与点。,"An imaginary sphere concentric with the earth, on which the positions and motions of bodies are reckoned. The celestial pole, the equator and the ecliptic are its points and circles.",none,,,
202,12,十二 · 星名・星表・天河・宇宙论,"12 · Star names, catalogues, the Milky Way and cosmology",大火,Da Huo,天文基础 · 天体,Fundamentals · celestial bodies,心宿二，天蝎座 α。《诗经》「七月流火」的「火」即指它。古人以它黄昏时西沉的早晚定夏去秋来，是上古最重要的授时星之一。,"Alpha Scorpii, the second star of the mansion Xin, and the fire of the old line in the Book of Songs about the fire declining in the seventh month. One of the most important stars for telling the seasons in high antiquity.",none,,,
203,12,十二 · 星名・星表・天河・宇宙论,"12 · Star names, catalogues, the Milky Way and cosmology",银河,the Milky Way,天象类 · 特殊天象,Celestial phenomena · other phenomena,晴天夜里可见的一条横过星空的乳白色亮带，古人以为它是天上的一条河，因而又叫天河。,"The pale band of light across a clear night sky; the old Chinese took it for a river in the heavens, and so called it the celestial river.",exact,术语在线,天文学 · 天文学史 · 2024,Astronomy · History of Astronomy · 2024
204,12,十二 · 星名・星表・天河・宇宙论,"12 · Star names, catalogues, the Milky Way and cosmology",《步天歌》,the Butian Ge,律历制度 · 文献,Institutions · sources,以七言歌诀分述三垣二十八宿全部星官的歌辞，相传为隋丹元子所作。后世认星、绘星图多以它为纲，也是星官数统计的主要依据之一。,"Seven-character verses setting out every star official under the three enclosures and the twenty-eight mansions, traditionally ascribed to Dan Yuanzi of the Sui. Later star-lore and charting took it as their frame, and it is one of the chief sources for counting the officials.",exact,术语在线,天文学 · 天文学史 · 2024,Astronomy · History of Astronomy · 2024
205,12,十二 · 星名・星表・天河・宇宙论,"12 · Star names, catalogues, the Milky Way and cosmology",《石氏星经》,the Star Classic of Master Shi,律历制度 · 文献,Institutions · sources,战国魏人石申所著星表，原书已佚，其内容因《开元占经》的引用而部分留存，含二十八宿距星与一百二十余颗恒星的赤道坐标。,"The star catalogue of Shi Shen of Wei. The original is lost; what survives is preserved through quotation in the Kaiyuan Zhanjing, including the determinative stars of the mansions and the equatorial coordinates of more than a hundred and twenty fixed stars.",exact,术语在线,天文学 · 天文学史 · 2024,Astronomy · History of Astronomy · 2024
206,12,十二 · 星名・星表・天河・宇宙论,"12 · Star names, catalogues, the Milky Way and cosmology",观象台,the astronomical observatory,律历制度 · 观测方法,Institutions · observational methods,明清两代观测天象的台址，北京古观象台即其一。台上置浑仪、简仪、天体仪等，与钦天监的造历相表里。,"The observing platform of the Ming and Qing, of which the old one at Beijing still stands. Armillary spheres, abridged instruments and a celestial globe stood upon it, in service of the Imperial Observatory’s calendars.",exact,术语在线,天文学 · 2013,Astronomy · 2013
207,13,十三 · 月相（今名）,13 · Lunar phases (modern names),新月,new moon,天象类 · 月相,Celestial phenomena · lunar phases,「朔」的今名：日月黄经相同、月面不可见的时刻，今称新月。见「朔」条。,The modern name for shuo: the moment when sun and moon share the same celestial longitude and the moon’s face is turned from us. See Shuo.,none,,,
208,13,十三 · 月相（今名）,13 · Lunar phases (modern names),蛾眉月,waxing crescent,天象类 · 月相,Celestial phenomena · lunar phases,朔后初见于西方天空的月牙，状如蛾眉，日落后可见。,"The crescent first caught in the western sky after new moon, shaped like an eyebrow, visible after sunset.",exact,术语在线,天文学 · 2013,Astronomy · 2013
209,13,十三 · 月相（今名）,13 · Lunar phases (modern names),上弦月,first quarter,天象类 · 月相,Celestial phenomena · lunar phases,「上弦」的今名：月亮位于太阳以东九十度，日落时正当中天，西半边明亮。见「上弦／下弦」条。,"The modern name for the first quarter: the moon stands ninety degrees east of the sun, culminates at sunset, and its western half is lit.",near,上弦,天文学 · 天体力学,Astronomy · Celestial Mechanics
210,13,十三 · 月相（今名）,13 · Lunar phases (modern names),盈凸月,waxing gibbous,天象类 · 月相,Celestial phenomena · lunar phases,上弦到望之间的月相，被照亮的部分大于半个，逐夜变圆。,"The phase between first quarter and full moon, when more than half the disc is lit and it grows rounder night by night.",exact,术语在线,天文学 · 天体力学 · 2024,Astronomy · Celestial Mechanics · 2024
211,13,十三 · 月相（今名）,13 · Lunar phases (modern names),满月,full moon,天象类 · 月相,Celestial phenomena · lunar phases,「望」的今名：月亮与太阳黄经相差一百八十度，日落时东升、日出时西落。见「望」条。,"The modern name for wang: sun and moon stand 180 degrees apart in longitude, the moon rising at sunset and setting at sunrise. See Wang.",none,,,
212,13,十三 · 月相（今名）,13 · Lunar phases (modern names),亏凸月,waning gibbous,天象类 · 月相,Celestial phenomena · lunar phases,望到下弦之间的月相，被照亮的部分大于半个，逐夜变缺。,"The phase between full moon and last quarter, when more than half the disc is lit and it wanes night by night.",exact,术语在线,天文学 · 天体力学 · 2024,Astronomy · Celestial Mechanics · 2024
213,13,十三 · 月相（今名）,13 · Lunar phases (modern names),下弦月,last quarter,天象类 · 月相,Celestial phenomena · lunar phases,「下弦」的今名：月亮位于太阳以西九十度，日出时正当中天，东半边明亮。见「上弦／下弦」条。,"The modern name for the last quarter: the moon stands ninety degrees west of the sun, culminates at sunrise, and its eastern half is lit.",none,,,
214,13,十三 · 月相（今名）,13 · Lunar phases (modern names),残月,waning crescent,天象类 · 月相,Celestial phenomena · lunar phases,下弦之后到朔之前的月牙，黎明前见于东方。,"The crescent between last quarter and new moon, caught in the east before dawn.",exact,术语在线,天文学 · 2013,Astronomy · 2013
215,13,十三 · 月相（今名）,13 · Lunar phases (modern names),月龄,moon’s age,天象类 · 月相,Celestial phenomena · lunar phases,自朔起算的日数，朔日为零。本站历日页「月相月龄」即指此。,"The number of days elapsed since new moon, counted from zero on the day of shuo; the almanac page here gives it alongside the phase.",exact,术语在线,天文学 · 天体力学 · 2024,Astronomy · Celestial Mechanics · 2024
216,14,十四 · 年月周期与时制（今用）,"14 · Periods of year and month, and time systems (modern)",回归年,tropical year,天文基础 · 时间系统,Fundamentals · time systems,「岁实」的今名：太阳连续两次过春分点所历的时间，约 365.2422 日。见「岁实」条。,The modern name for the tropical year; see Sui-shi. About 365.2422 days.,exact,术语在线,天文学 · 天体测量学 · 2024,Astronomy · Astrometry · 2024
217,14,十四 · 年月周期与时制（今用）,"14 · Periods of year and month, and time systems (modern)",恒星年,sidereal year,天文基础 · 时间系统,Fundamentals · time systems,「岁周」的今名：太阳连续两次回到同一颗恒星所历的时间，约 365.2564 日，比回归年略长。见「岁周」条。,"The modern name for the sidereal year; see Sui-zhou. About 365.2564 days, a little longer than the tropical year.",exact,术语在线,天文学 · 天体测量学 · 2024,Astronomy · Astrometry · 2024
218,14,十四 · 年月周期与时制（今用）,"14 · Periods of year and month, and time systems (modern)",近点年,anomalistic year,天文基础 · 时间系统,Fundamentals · time systems,地球连续两次过近日点所历的时间，约 365.2596 日。,"The time the earth takes to return twice to perihelion, about 365.2596 days.",exact,术语在线,天文学 · 天体测量学 · 2024,Astronomy · Astrometry · 2024
219,14,十四 · 年月周期与时制（今用）,"14 · Periods of year and month, and time systems (modern)",朔望月,synodic month,天文基础 · 时间系统,Fundamentals · time systems,「朔策」的今名：月相圆缺一轮所历的时间，约 29.5306 日。见「朔策」条。,"The modern name for the synodic month; see Shuo-ce. One full round of the phases, about 29.5306 days.",exact,术语在线,天文学 · 天体测量学 · 2024,Astronomy · Astrometry · 2024
220,14,十四 · 年月周期与时制（今用）,"14 · Periods of year and month, and time systems (modern)",恒星月,sidereal month,天文基础 · 时间系统,Fundamentals · time systems,月球连续两次回到同一颗恒星所历的时间，约 27.3217 日，比朔望月短。,"The time the moon takes to return to the same star, about 27.3217 days — shorter than the synodic month.",exact,术语在线,天文学 · 天体测量学 · 2024,Astronomy · Astrometry · 2024
221,14,十四 · 年月周期与时制（今用）,"14 · Periods of year and month, and time systems (modern)",近点月,anomalistic month,天文基础 · 时间系统,Fundamentals · time systems,月球连续两次过近地点所历的时间，约 27.5546 日。月行迟疾的周期即以此为准，见「入转」条。,"The time the moon takes to return twice to perigee, about 27.5546 days; it sets the cycle of the moon’s changing speed. See Ru-zhuan.",exact,术语在线,天文学 · 天体测量学 · 2024,Astronomy · Astrometry · 2024
222,14,十四 · 年月周期与时制（今用）,"14 · Periods of year and month, and time systems (modern)",交点月,nodical month,天文基础 · 时间系统,Fundamentals · time systems,月球连续两次过同一黄白交点所历的时间，约 27.2122 日。交食是否发生，要看它落在何处。,"The time the moon takes to return to the same node of its path against the ecliptic, about 27.2122 days; whether an eclipse occurs turns on where this falls.",exact,术语在线,天文学 · 天体测量学 · 2024,Astronomy · Astrometry · 2024
223,14,十四 · 年月周期与时制（今用）,"14 · Periods of year and month, and time systems (modern)",太阳日,solar day,天文基础 · 时间系统,Fundamentals · time systems,太阳连续两次过同一子午线所历的时间，平太阳日定为二十四小时。,The interval between two successive passages of the sun across the same meridian; the mean solar day is fixed at twenty-four hours.,exact,术语在线,天文学 · 天体测量学 · 2024,Astronomy · Astrometry · 2024
224,14,十四 · 年月周期与时制（今用）,"14 · Periods of year and month, and time systems (modern)",恒星日,sidereal day,天文基础 · 时间系统,Fundamentals · time systems,恒星连续两次过同一子午线所历的时间，平恒星日约二十三时五十六分四秒，比太阳日短约四分钟。,"The interval between two successive passages of a star across the same meridian; about 23 h 56 m 4 s, some four minutes shorter than the solar day.",exact,术语在线,天文学 · 天体测量学 · 2024,Astronomy · Astrometry · 2024
225,14,十四 · 年月周期与时制（今用）,"14 · Periods of year and month, and time systems (modern)",真太阳时,apparent solar time,天文基础 · 时间系统,Fundamentals · time systems,以真太阳的时角计的时间，日晷所指示的就是它。它走得不均匀。,Time reckoned by the hour angle of the true sun — what a sundial reads. It does not run evenly.,exact,术语在线,天文学 · 天体测量学 · 2024,Astronomy · Astrometry · 2024
226,14,十四 · 年月周期与时制（今用）,"14 · Periods of year and month, and time systems (modern)",平太阳时,mean solar time,天文基础 · 时间系统,Fundamentals · time systems,以假想的匀行太阳计的时间，钟表所走的即是这一种。它与真太阳时之差称均时差。,Time reckoned by a fictitious sun moving at a uniform rate; this is what clocks keep. Its difference from apparent solar time is the equation of time.,exact,术语在线,天文学 · 天体测量学 · 2024,Astronomy · Astrometry · 2024
227,14,十四 · 年月周期与时制（今用）,"14 · Periods of year and month, and time systems (modern)",北京时间,Beijing time,天文基础 · 时间系统,Fundamentals · time systems,东经一百二十度的平太阳时，即东八区区时，不是北京当地的太阳时。,"The mean solar time of the 120th meridian east — the standard time of the eighth zone, and not the local solar time of Beijing.",none,,,
228,14,十四 · 年月周期与时制（今用）,"14 · Periods of year and month, and time systems (modern)",世界时,universal time,天文基础 · 时间系统,Fundamentals · time systems,本初子午线（格林尼治）的平太阳时，是星历与天文年表常用的时间尺度。,"The mean solar time of the prime meridian at Greenwich, a time scale much used in ephemerides and almanacs.",exact,术语在线,天文学 · 天体测量学 · 2024,Astronomy · Astrometry · 2024
229,14,十四 · 年月周期与时制（今用）,"14 · Periods of year and month, and time systems (modern)",恒星时,sidereal time,天文基础 · 时间系统,Fundamentals · time systems,以春分点的时角计的时间，一个恒星日约为二十三时五十六分四秒。,Time reckoned by the hour angle of the vernal equinox; a sidereal day is about 23 h 56 m 4 s.,none,,,
230,14,十四 · 年月周期与时制（今用）,"14 · Periods of year and month, and time systems (modern)",均时差,equation of time,天文基础 · 时间系统,Fundamentals · time systems,真太阳时与平太阳时之差，一年之中在正负十六分之间往复，是换算出生时辰时必须考虑的一项。,"The difference between apparent and mean solar time, running within some sixteen minutes either way over the year — a term that must be allowed for when converting a recorded hour of birth.",none,,,
231,15,十五 · 十二时称,15 · The twelve double-hour names,夜半,midnight,天文基础 · 时间系统,Fundamentals · time systems,十二时称之一，子时，今二十三时至一时，一夜的中点。又名子夜、子半。,"One of the twelve double-hour names: the zi hour, 23:00 to 01:00, the middle of the night.",none,,,
232,15,十五 · 十二时称,15 · The twelve double-hour names,鸡鸣,cock-crow,天文基础 · 时间系统,Fundamentals · time systems,十二时称之一，丑时，今一时至三时。,"The chou hour, 01:00 to 03:00 — the hour of cock-crow.",none,,,
233,15,十五 · 十二时称,15 · The twelve double-hour names,平旦,daybreak,天文基础 · 时间系统,Fundamentals · time systems,十二时称之一，寅时，今三时至五时，是夜与日交替之际。,"The yin hour, 03:00 to 05:00, where night gives way to day.",none,,,
234,15,十五 · 十二时称,15 · The twelve double-hour names,日出,sunrise,天文基础 · 时间系统,Fundamentals · time systems,十二时称之一，卯时，今五时至七时。也指太阳升出地平线的时刻。,"The mao hour, 05:00 to 07:00; also the moment the sun rises above the horizon.",none,,,
235,15,十五 · 十二时称,15 · The twelve double-hour names,食时,breakfast time,天文基础 · 时间系统,Fundamentals · time systems,十二时称之一，辰时，今七时至九时，古人吃早饭的时候。与交食所说的时长不是一回事。,"The chen hour, 07:00 to 09:00 — the morning meal in old China. Not to be confused with the duration of an eclipse.",none,,,
236,15,十五 · 十二时称,15 · The twelve double-hour names,隅中,late morning,天文基础 · 时间系统,Fundamentals · time systems,十二时称之一，巳时，今九时至十一时，临近中午。,"The si hour, 09:00 to 11:00, drawing near noon.",none,,,
237,15,十五 · 十二时称,15 · The twelve double-hour names,日中,noon,天文基础 · 时间系统,Fundamentals · time systems,十二时称之一，午时，今十一时至十三时，太阳过中天之时。也指昼夜均分的春分与秋分，《尚书·尧典》「日中星鸟」即用后一义。,"The wu hour, 11:00 to 13:00, when the sun culminates. Also used of the equinoxes, as in the Canon of Yao’s “mid-day star, Bird”.",none,,,
238,15,十五 · 十二时称,15 · The twelve double-hour names,日昳,early afternoon,天文基础 · 时间系统,Fundamentals · time systems,十二时称之一，未时，今十三时至十五时，日头开始偏西。,"The wei hour, 13:00 to 15:00, when the sun begins to slant westward.",none,,,
239,15,十五 · 十二时称,15 · The twelve double-hour names,晡时,late afternoon,天文基础 · 时间系统,Fundamentals · time systems,十二时称之一，申时，今十五时至十七时，古人吃第二顿饭的时候，又名夕食。,"The shen hour, 15:00 to 17:00, the second meal of the day.",none,,,
240,15,十五 · 十二时称,15 · The twelve double-hour names,日入,sunset,天文基础 · 时间系统,Fundamentals · time systems,十二时称之一，酉时，今十七时至十九时。也指太阳没入地平线的时刻，与「日出」相对。,"The you hour, 17:00 to 19:00; also the moment the sun sinks below the horizon, the counterpart of sunrise.",none,,,
241,15,十五 · 十二时称,15 · The twelve double-hour names,黄昏,dusk,天文基础 · 时间系统,Fundamentals · time systems,十二时称之一，戌时，今十九时至二十一时。,"The xu hour, 19:00 to 21:00.",none,,,
242,15,十五 · 十二时称,15 · The twelve double-hour names,人定,night’s rest,天文基础 · 时间系统,Fundamentals · time systems,十二时称之一，亥时，今二十一时至二十三时，夜已深而人将息。十二时称至此而一周。,"The hai hour, 21:00 to 23:00, when the night is deep and people settle. It closes the round of the twelve.",none,,,
243,16,十六 · 坐标与中天（今用）,16 · Coordinates and culmination (modern),天赤道,celestial equator,天文基础 · 坐标,Fundamentals · coordinates,地球赤道面延伸到天球上所截的大圆，即「赤道」在天文上的本义；冠一「天」字，用以区别于地球赤道。见「赤道」条。,The great circle cut on the sphere by the plane of the earth’s equator — what “equator” means in astronomy; the word “celestial” sets it apart from the earth’s own equator.,exact,术语在线,天文学 · 天体测量学 · 2024,Astronomy · Astrometry · 2024
244,16,十六 · 坐标与中天（今用）,16 · Coordinates and culmination (modern),赤经,right ascension,天文基础 · 坐标,Fundamentals · coordinates,自春分点起沿天赤道向东量至天体所在时圈的角距。它与赤纬合起来定一颗星的位置；中国古代不用它，而用入宿度。,Angular distance measured eastward along the celestial equator from the vernal equinox to a body’s hour circle. With declination it fixes a star’s place; traditional Chinese astronomy used mansion entry instead.,exact,术语在线,天文学 · 天体测量学 · 2024,Astronomy · Astrometry · 2024
245,16,十六 · 坐标与中天（今用）,16 · Coordinates and culmination (modern),赤纬,declination,天文基础 · 坐标,Fundamentals · coordinates,天体沿时圈量至天赤道的角距，在天赤道以北者为正。中国古代与之相当的是去极度。,"A body’s angular distance from the celestial equator measured along its hour circle, positive north of it. Its Chinese counterpart is polar distance.",exact,术语在线,天文学 · 天体测量学 · 2024,Astronomy · Astrometry · 2024
246,16,十六 · 坐标与中天（今用）,16 · Coordinates and culmination (modern),黄纬,ecliptic latitude,天文基础 · 坐标,Fundamentals · coordinates,天体沿黄经圈量至黄道的角距。它与黄经合起来，就是黄道坐标。,A body’s angular distance from the ecliptic measured along a circle of latitude. With celestial longitude it makes up the ecliptic coordinates.,exact,术语在线,天文学 · 天体测量学 · 2024,Astronomy · Astrometry · 2024
247,16,十六 · 坐标与中天（今用）,16 · Coordinates and culmination (modern),黄极,ecliptic pole,天文基础 · 坐标,Fundamentals · coordinates,黄道的两个极点，即过天球中心垂直于黄道面的直线与天球相交的两点，距天极约二十三度半。,"Either pole of the ecliptic — where the line through the sphere’s centre perpendicular to the ecliptic meets it, some 23½ degrees from the celestial pole.",exact,术语在线,天文学 · 天体测量学 · 2024,Astronomy · Astrometry · 2024
248,16,十六 · 坐标与中天（今用）,16 · Coordinates and culmination (modern),赤极,pole of the equator,天文基础 · 坐标,Fundamentals · coordinates,天赤道的两个极点，也就是地球自转轴与天球相交的两点，与「天极」同指。,"Either pole of the celestial equator — where the earth’s axis meets the sphere, the same two points as the celestial poles.",exact,术语在线,天文学 · 2013,Astronomy · 2013
249,16,十六 · 坐标与中天（今用）,16 · Coordinates and culmination (modern),中天,culmination,天文基础 · 坐标,Fundamentals · coordinates,天体过观测者子午圈的时刻或位置。过天顶那一侧的称上中天，过另一侧的称下中天。,"The moment or place at which a body crosses the observer’s meridian: upper culmination on the zenith side, lower culmination on the other.",exact,术语在线,天文学 · 天体测量学 · 2024,Astronomy · Astrometry · 2024
250,16,十六 · 坐标与中天（今用）,16 · Coordinates and culmination (modern),天顶,zenith,天文基础 · 坐标,Fundamentals · coordinates,观测者头顶正上方、铅垂线向上与天球相交的一点，其地平高度为九十度。,"The point of the sphere directly overhead, where the vertical upward meets it; its altitude is ninety degrees.",exact,术语在线,天文学 · 天体测量学 · 2024,Astronomy · Astrometry · 2024
251,16,十六 · 坐标与中天（今用）,16 · Coordinates and culmination (modern),地平高度,altitude,天文基础 · 坐标,Fundamentals · coordinates,天体沿地平经圈量至地平的角距，又名地平纬度。它与方位角合起来，就是地平坐标。,"A body’s angular distance above the horizon measured along a vertical circle, also called its altitude. With azimuth it makes up the horizontal coordinates.",none,,,
252,17,十七 · 特殊天象,17 · Exceptional phenomena,彗星,comet,天象类 · 特殊天象,Celestial phenomena · other phenomena,拖着长尾、沿扁长轨道运行的天体，古称扫帚星。马王堆汉墓出土帛书上的彗星图，是现存最早的彗星形态图。,"A body on a long, flattened path and trailing a tail; known in old Chinese as the broom star. The comet chart on the Mawangdui silk manuscript is the earliest surviving chart of comet forms.",exact,术语在线,天文学 · 太阳系 · 2024,Astronomy · 太阳系 · 2024
253,17,十七 · 特殊天象,17 · Exceptional phenomena,孛星,deluding star,天象类 · 特殊天象,Celestial phenomena · other phenomena,古代天文志中与彗星并列的一类天体，以其光芒四出而得名。历代多与彗星同记。,"A class of body recorded in the dynastic treatises on astronomy alongside comets, named for the rays that shoot out from it; the two are usually entered together.",exact,术语在线,天文学 · 天文学史 · 2024,Astronomy · History of Astronomy · 2024
254,17,十七 · 特殊天象,17 · Exceptional phenomena,客星,guest star,天象类 · 特殊天象,Celestial phenomena · other phenomena,突然出现于星官之间、历时不久又隐没的星。史书所记至和元年（1054 年）天关客星，今多认为是一次超新星爆发的记录。,"A star that appears suddenly among the asterisms and fades again. The guest star of 1054 at Tian-guan, as the histories record it, is now widely taken to be an account of a supernova.",exact,术语在线,天文学 · 天文学史 · 2024,Astronomy · History of Astronomy · 2024
255,17,十七 · 特殊天象,17 · Exceptional phenomena,流星,meteor,天象类 · 特殊天象,Celestial phenomena · other phenomena,夜里划过天空、瞬息即灭的亮线，是尘粒进入大气后燃烧的痕迹。成批出现的称流星雨。,"A brief streak across the night sky, the trace of dust burning up as it enters the atmosphere; in numbers it becomes a meteor shower.",exact,术语在线,天文学 · 太阳系 · 2024,Astronomy · 太阳系 · 2024
256,17,十七 · 特殊天象,17 · Exceptional phenomena,陨石,meteorite,天象类 · 特殊天象,Celestial phenomena · other phenomena,落到地面的流星体残块。历代史书多记为「星陨如雨」或「陨石于某地」。,"A fragment of a meteoroid that reaches the ground. The histories record such falls as stars raining down, or a stone falling at such-and-such a place.",none,,,
257,17,十七 · 特殊天象,17 · Exceptional phenomena,日珥,solar prominence,天象类 · 特殊天象,Celestial phenomena · other phenomena,从太阳边缘喷出的火焰状气体，日全食时肉眼可见。甲骨卜辞里的「三焰」曾被释为日珥，此事学界尚有争论。,"Flamelike gas thrown out beyond the sun’s limb, visible to the naked eye in a total eclipse. The “three flames” of one oracle-bone record were once read as a prominence, a reading still disputed.",exact,术语在线,天文学 · 太阳 · 2024,Astronomy · 太阳 · 2024
258,17,十七 · 特殊天象,17 · Exceptional phenomena,黑子,sunspot,天象类 · 特殊天象,Celestial phenomena · other phenomena,太阳光球上的暗斑。中国古代观测记录甚多，《汉书·五行志》河平元年（前 28 年）一条尤常被称引。,A dark patch on the sun’s photosphere. Chinese records of it are numerous; the entry in the Han History’s Treatise on the Five Phases for 28 BCE is among the most often cited.,near,黑子本影,天文学 · 太阳,Astronomy · 太阳
259,18,十八 · 仪象器用（补）,18 · Observational instruments (further),简仪,abridged armilla,律历制度 · 观测方法,Institutions · observational methods,元郭守敬创制的测天仪器。它把浑仪拆成赤道装置与地平装置两组，免去多环交叠、遮住视线的毛病。,"An instrument built by Guo Shoujing under the Yuan. It split the armillary sphere into separate equatorial and horizontal mounts, so that overlapping rings no longer blocked the view.",exact,术语在线,天文学 · 天文学史 · 2024,Astronomy · History of Astronomy · 2024
260,18,十八 · 仪象器用（补）,18 · Observational instruments (further),仰仪,upward-looking bowl sundial,律历制度 · 观测方法,Institutions · observational methods,元郭守敬创制的仪器。铜制半球仰置，内壁刻坐标，借中心针影读取太阳的位置与时刻。,"A Yuan instrument of Guo Shoujing’s: a bronze hemisphere set bowl upward and graduated within, from whose central needle’s shadow the sun’s place and the hour are read.",exact,术语在线,天文学 · 天文学史 · 2024,Astronomy · History of Astronomy · 2024
261,18,十八 · 仪象器用（补）,18 · Observational instruments (further),水运仪象台,water-driven astronomical clock tower,律历制度 · 观测方法,Institutions · observational methods,北宋元祐年间苏颂、韩公廉等造成，以水力驱动，把浑仪、浑象与报时装置合于一台。《新仪象法要》即为此台而作。,"Built in the 1090s by Su Song and Han Gonglian and driven by water, it combined an armillary sphere, a celestial globe and a time-announcing mechanism in one tower; the New Design for an Armillary Clock was written for it.",exact,术语在线,天文学 · 天文学史 · 2024,Astronomy · History of Astronomy · 2024
262,18,十八 · 仪象器用（补）,18 · Observational instruments (further),漏壶,drip vessel,律历制度 · 观测方法,Institutions · observational methods,以壶盛水、水渐下漏、看箭上刻度计时的器具。一昼夜分一百刻，即由它量出。,"A vessel from which water drips at a steady rate, the time read off a graduated rod; the hundred quarters of the day were measured with it.",exact,术语在线,天文学 · 天文学史 · 2024,Astronomy · History of Astronomy · 2024
263,18,十八 · 仪象器用（补）,18 · Observational instruments (further),土圭,gnomon shadow template,律历制度 · 观测方法,Institutions · observational methods,《周礼·考工记》所记的测影之器，以日影的长短定日至、以影的方位定方向。,"The shadow-measuring device described in the Artificers’ Record of the Rites of Zhou, which fixed the solstices by the length of the sun’s shadow and the cardinal directions by its bearing.",exact,术语在线,天文学 · 天文学史 · 2024,Astronomy · History of Astronomy · 2024
264,18,十八 · 仪象器用（补）,18 · Observational instruments (further),圭尺,the graduated rule of the gnomon,律历制度 · 观测方法,Institutions · observational methods,圭表上量取影长的刻度尺。山西襄汾陶寺遗址一座大墓出土带刻度的漆杆，研究者多认为是圭尺一类。,The graduated rule along which the shadow’s length is read on a gnomon table. A painted rod with graduations from a large tomb at Taosi in Shanxi is widely taken to be of this kind.,near,圭,天文学 · 天文学史,Astronomy · History of Astronomy
265,18,十八 · 仪象器用（补）,18 · Observational instruments (further),测影,shadow measurement,律历制度 · 观测方法,Institutions · observational methods,立表测影，以影长与影的方位定日至、定方向、定时刻，是中国古代最基本的天文测量手段。《周礼·考工记》记有以圆规取日出、日入影端之法。,"Setting up a gnomon and measuring its shadow to fix the solstices, the cardinal directions and the hours — the most basic observational method of early Chinese astronomy. The Rites of Zhou describes drawing a circle to catch the shadow’s tip at sunrise and sunset.",none,,,
266,19,十九 · 术数择日,19 · Divination and day-selection,建除十二神,the twelve day-officers,术数择日 · 择日,Divination and day-selection · day-selection,旧历书系于每日之下的十二个名目：建、除、满、平、定、执、破、危、成、收、开、闭。以月建之日为「建」，逐日顺行十二辰。其体例见《协纪辨方书》卷四。,"Twelve labels written under the day in the old almanacs — jian, chu, man, ping, ding, zhi, po, wei, cheng, shou, kai and bi — beginning with jian on the day of the month-builder and running through the twelve branches. The scheme is set out in juan 4 of the Xieji Bianfang Shu.",none,,,
267,19,十九 · 术数择日,19 · Divination and day-selection,黄黑道十二神,the twelve deities of the yellow and black paths,术数择日 · 择日,Divination and day-selection · day-selection,旧历注以日支定「青龙」所临之辰，逐辰顺行，得十二神：青龙、明堂、天刑、朱雀、金匮、天德、白虎、玉堂、天牢、玄武、司命、勾陈。前六称黄道，后六称黑道。见《协纪辨方书》。,"Twelve deities assigned to the hours by reckoning from the day branch: Qinglong, Mingtang, Tianxing, Zhuque, Jinkui, Tiande, Baihu, Yutang, Tianlao, Xuanwu, Siming and Gouchen — the first six of the yellow path, the last six of the black. See the Xieji Bianfang Shu.",none,,,
268,19,十九 · 术数择日,19 · Divination and day-selection,六曜,the six luminaries,术数择日 · 择日,Divination and day-selection · day-selection,旧历注中的六个名目：先胜、友引、先负、佛灭、大安、赤口。以农历月、日相加取六而起。源出古代历注。,"Six labels of the old calendrical annotations — shosho, tomoiki, senbu, butsumetsu, taian and shakko — obtained by adding the lunar month and day. They derive from old calendrical annotation.",none,,,
269,19,十九 · 术数择日,19 · Divination and day-selection,冲煞,clash and the inauspicious direction,术数择日 · 择日,Divination and day-selection · day-selection,旧历书于日下标注的两项：一为日支与所用之年支、月支相冲（子午、丑未、寅申、卯酉、辰戌、巳亥，共六冲）；一为按三合局所定的煞方（申子辰煞南、寅午戌煞北、巳酉丑煞东、亥卯未煞西）。与行星的「冲」不是一回事。,"Two items marked under the day in the old almanacs: the clash of the day branch with the year or month branch in use (the six clashes), and the inauspicious direction fixed by the three-harmony groups. Not the same as the opposition of a planet.",none,,,
270,19,十九 · 术数择日,19 · Divination and day-selection,宜忌,recommended and avoided activities,术数择日 · 择日,Divination and day-selection · day-selection,旧历书于每日之下分列「宜」「忌」两栏事项的体例，所据为建除、宿直等旧说。见《协纪辨方书》卷三十一月表体例。,"The old almanac’s practice of listing under each day two columns of activities, one recommended and one to be avoided, on the basis of the day-officers and the mansion of the day. See the monthly tables in juan 31 of the Xieji Bianfang Shu.",none,,,
271,19,十九 · 术数择日,19 · Divination and day-selection,神煞,day deities and omens,术数择日 · 神煞,Divination and day-selection · day deities,旧历书附注于日下的一类名目，如天赦、月德、天德、四离、四绝、月破、岁破等，各按年月日的干支配合而起。名目与起例散见《协纪辨方书》卷三、卷五。,"A class of labels attached to individual days in the old almanacs — Heavenly Pardon, Lunar Virtue, Heavenly Virtue, the four partings, the four severances, month breach, year breach and the like — each reckoned from the stems and branches of year, month and day. See juan 3 and 5 of the Xieji Bianfang Shu.",none,,,
272,19,十九 · 术数择日,19 · Divination and day-selection,天赦,Heavenly Pardon,术数择日 · 神煞,Divination and day-selection · day deities,旧历书所谓「四季天赦日」：春戊寅、夏甲午、秋戊申、冬甲子。见《协纪辨方书》卷五引《天宝历》。,"The ‘seasonal days of Heavenly Pardon’ of the old almanacs — wuyin in spring, jiawu in summer, wushen in autumn and jiazi in winter. See juan 5 of the Xieji Bianfang Shu, citing the Tianbao Li.",none,,,
273,19,十九 · 术数择日,19 · Divination and day-selection,月德,Lunar Virtue,术数择日 · 神煞,Divination and day-selection · day deities,按月建与日干配合而定：寅午戌月见丙、申子辰月见壬、亥卯未月见甲、巳酉丑月见庚。见《协纪辨方书》卷五。,"Determined by the month-builder together with the day stem: bing in the months yin-wu-xu, ren in shen-zi-chen, jia in hai-mao-wei and geng in si-you-chou. See juan 5 of the Xieji Bianfang Shu.",none,,,
274,19,十九 · 术数择日,19 · Divination and day-selection,天德,Heavenly Virtue,术数择日 · 神煞,Divination and day-selection · day deities,按月建与月内干支配合而定，十二月的配合各不相同。见《协纪辨方书》卷五引《堪舆经》。,"Determined by the month-builder together with the stems and branches of the month, the combination differing for each of the twelve months. See juan 5 of the Xieji Bianfang Shu, citing the Kanyu Jing.",none,,,
275,19,十九 · 术数择日,19 · Divination and day-selection,四离,the four partings,术数择日 · 神煞,Divination and day-selection · day deities,二分二至的前一日，即春分、秋分、夏至、冬至各前一日。见《协纪辨方书》卷五引《玉门经》。,"The day before each equinox and solstice. See juan 5 of the Xieji Bianfang Shu, citing the Yumen Jing.",none,,,
276,19,十九 · 术数择日,19 · Divination and day-selection,四绝,the four severances,术数择日 · 神煞,Divination and day-selection · day deities,四立的前一日，即立春、立夏、立秋、立冬各前一日。见《协纪辨方书》卷五引《玉门经》。,"The day before each of the four beginnings of the seasons. See juan 5 of the Xieji Bianfang Shu, citing the Yumen Jing.",none,,,
277,19,十九 · 术数择日,19 · Divination and day-selection,月破,month breach,术数择日 · 神煞,Divination and day-selection · day deities,日支与月建相冲之日。见《协纪辨方书》卷三。,A day whose branch clashes with the month-builder. See juan 3 of the Xieji Bianfang Shu.,none,,,
278,19,十九 · 术数择日,19 · Divination and day-selection,岁破,year breach,术数择日 · 神煞,Divination and day-selection · day deities,日支与年支相冲之日。见《协纪辨方书》卷三。,A day whose branch clashes with the year branch. See juan 3 of the Xieji Bianfang Shu.,none,,,
279,19,十九 · 术数择日,19 · Divination and day-selection,六十甲子纳音,the nayin of the sexagenary cycle,术数择日 · 纳音,Divination and day-selection · nayin,把六十干支每两柱配一个五行名目，如甲子、乙丑为「海中金」，共三十项。见《协纪辨方书》卷三十一，亦见《三命通会》。,"Thirty pairings in which every two of the sixty stem-and-branch combinations take one of the five phases as a name, jiazi and yichou being ‘gold in the sea’. See juan 31 of the Xieji Bianfang Shu, and also the Sanming Tonghui.",none,,,
